layer,src0_name,n_tokens,top_k,n_expert,ids
0,"blk.0.ffn_gate_exps.weight",2,8,256,64 161 112 125 216 89 100 39; 130 112 170 238 30 103 16 248
0,"blk.0.ffn_up_exps.weight",2,8,256,64 161 112 125 216 89 100 39; 130 112 170 238 30 103 16 248
0,"blk.0.ffn_down_exps.weight",2,8,256,64 161 112 125 216 89 100 39; 130 112 170 238 30 103 16 248
1,"blk.1.ffn_gate_exps.weight",2,8,256,193 249 105 229 106 220 50 163; 74 161 250 25 103 212 121 110
1,"blk.1.ffn_up_exps.weight",2,8,256,193 249 105 229 106 220 50 163; 74 161 250 25 103 212 121 110
1,"blk.1.ffn_down_exps.weight",2,8,256,193 249 105 229 106 220 50 163; 74 161 250 25 103 212 121 110
2,"blk.2.ffn_gate_exps.weight",2,8,256,168 204 161 196 240 238 186 246; 219 6 41 153 40 88 18 29
2,"blk.2.ffn_up_exps.weight",2,8,256,168 204 161 196 240 238 186 246; 219 6 41 153 40 88 18 29
2,"blk.2.ffn_down_exps.weight",2,8,256,168 204 161 196 240 238 186 246; 219 6 41 153 40 88 18 29
3,"blk.3.ffn_gate_exps.weight",2,8,256,201 22 65 189 112 251 23 134; 41 71 151 25 82 104 78 77
3,"blk.3.ffn_up_exps.weight",2,8,256,201 22 65 189 112 251 23 134; 41 71 151 25 82 104 78 77
3,"blk.3.ffn_down_exps.weight",2,8,256,201 22 65 189 112 251 23 134; 41 71 151 25 82 104 78 77
4,"blk.4.ffn_gate_exps.weight",2,8,256,152 36 89 147 186 216 158 179; 15 87 163 127 108 128 27 17
4,"blk.4.ffn_up_exps.weight",2,8,256,152 36 89 147 186 216 158 179; 15 87 163 127 108 128 27 17
4,"blk.4.ffn_down_exps.weight",2,8,256,152 36 89 147 186 216 158 179; 15 87 163 127 108 128 27 17
5,"blk.5.ffn_gate_exps.weight",2,8,256,183 78 70 56 76 141 136 153; 127 50 65 153 151 4 182 205
5,"blk.5.ffn_up_exps.weight",2,8,256,183 78 70 56 76 141 136 153; 127 50 65 153 151 4 182 205
5,"blk.5.ffn_down_exps.weight",2,8,256,183 78 70 56 76 141 136 153; 127 50 65 153 151 4 182 205
6,"blk.6.ffn_gate_exps.weight",2,8,256,46 212 237 55 6 26 125 72; 138 255 153 22 60 177 169 210
6,"blk.6.ffn_up_exps.weight",2,8,256,46 212 237 55 6 26 125 72; 138 255 153 22 60 177 169 210
6,"blk.6.ffn_down_exps.weight",2,8,256,46 212 237 55 6 26 125 72; 138 255 153 22 60 177 169 210
7,"blk.7.ffn_gate_exps.weight",2,8,256,233 104 3 164 184 80 39 142; 125 147 183 117 233 116 35 64
7,"blk.7.ffn_up_exps.weight",2,8,256,233 104 3 164 184 80 39 142; 125 147 183 117 233 116 35 64
7,"blk.7.ffn_down_exps.weight",2,8,256,233 104 3 164 184 80 39 142; 125 147 183 117 233 116 35 64
8,"blk.8.ffn_gate_exps.weight",2,8,256,53 148 133 233 85 59 145 161; 123 3 233 53 107 31 169 181
8,"blk.8.ffn_up_exps.weight",2,8,256,53 148 133 233 85 59 145 161; 123 3 233 53 107 31 169 181
8,"blk.8.ffn_down_exps.weight",2,8,256,53 148 133 233 85 59 145 161; 123 3 233 53 107 31 169 181
9,"blk.9.ffn_gate_exps.weight",2,8,256,199 233 99 130 229 211 140 68; 2 38 191 142 164 95 6 233
9,"blk.9.ffn_up_exps.weight",2,8,256,199 233 99 130 229 211 140 68; 2 38 191 142 164 95 6 233
9,"blk.9.ffn_down_exps.weight",2,8,256,199 233 99 130 229 211 140 68; 2 38 191 142 164 95 6 233
10,"blk.10.ffn_gate_exps.weight",2,8,256,126 134 147 172 148 149 217 156; 125 27 120 65 169 150 198 25
10,"blk.10.ffn_up_exps.weight",2,8,256,126 134 147 172 148 149 217 156; 125 27 120 65 169 150 198 25
10,"blk.10.ffn_down_exps.weight",2,8,256,126 134 147 172 148 149 217 156; 125 27 120 65 169 150 198 25
11,"blk.11.ffn_gate_exps.weight",2,8,256,33 32 117 105 44 223 97 119; 206 62 86 128 189 89 188 108
11,"blk.11.ffn_up_exps.weight",2,8,256,33 32 117 105 44 223 97 119; 206 62 86 128 189 89 188 108
11,"blk.11.ffn_down_exps.weight",2,8,256,33 32 117 105 44 223 97 119; 206 62 86 128 189 89 188 108
12,"blk.12.ffn_gate_exps.weight",2,8,256,176 2 250 10 116 161 83 109; 101 74 221 85 20 176 240 54
12,"blk.12.ffn_up_exps.weight",2,8,256,176 2 250 10 116 161 83 109; 101 74 221 85 20 176 240 54
12,"blk.12.ffn_down_exps.weight",2,8,256,176 2 250 10 116 161 83 109; 101 74 221 85 20 176 240 54
13,"blk.13.ffn_gate_exps.weight",2,8,256,83 14 170 145 248 158 120 34; 182 61 74 134 56 155 147 255
13,"blk.13.ffn_up_exps.weight",2,8,256,83 14 170 145 248 158 120 34; 182 61 74 134 56 155 147 255
13,"blk.13.ffn_down_exps.weight",2,8,256,83 14 170 145 248 158 120 34; 182 61 74 134 56 155 147 255
14,"blk.14.ffn_gate_exps.weight",2,8,256,132 204 163 73 116 253 115 248; 149 226 6 103 184 148 203 45
14,"blk.14.ffn_up_exps.weight",2,8,256,132 204 163 73 116 253 115 248; 149 226 6 103 184 148 203 45
14,"blk.14.ffn_down_exps.weight",2,8,256,132 204 163 73 116 253 115 248; 149 226 6 103 184 148 203 45
15,"blk.15.ffn_gate_exps.weight",2,8,256,134 235 14 206 227 145 1 195; 23 218 31 229 85 217 58 185
15,"blk.15.ffn_up_exps.weight",2,8,256,134 235 14 206 227 145 1 195; 23 218 31 229 85 217 58 185
15,"blk.15.ffn_down_exps.weight",2,8,256,134 235 14 206 227 145 1 195; 23 218 31 229 85 217 58 185
16,"blk.16.ffn_gate_exps.weight",2,8,256,104 160 171 191 1 209 172 254; 61 105 91 238 133 174 43 40
16,"blk.16.ffn_up_exps.weight",2,8,256,104 160 171 191 1 209 172 254; 61 105 91 238 133 174 43 40
16,"blk.16.ffn_down_exps.weight",2,8,256,104 160 171 191 1 209 172 254; 61 105 91 238 133 174 43 40
17,"blk.17.ffn_gate_exps.weight",2,8,256,209 192 1 233 196 69 44 140; 37 0 198 76 209 109 46 87
17,"blk.17.ffn_up_exps.weight",2,8,256,209 192 1 233 196 69 44 140; 37 0 198 76 209 109 46 87
17,"blk.17.ffn_down_exps.weight",2,8,256,209 192 1 233 196 69 44 140; 37 0 198 76 209 109 46 87
18,"blk.18.ffn_gate_exps.weight",2,8,256,54 152 175 77 144 141 200 241; 163 134 89 254 144 43 179 213
18,"blk.18.ffn_up_exps.weight",2,8,256,54 152 175 77 144 141 200 241; 163 134 89 254 144 43 179 213
18,"blk.18.ffn_down_exps.weight",2,8,256,54 152 175 77 144 141 200 241; 163 134 89 254 144 43 179 213
19,"blk.19.ffn_gate_exps.weight",2,8,256,164 115 95 219 122 133 180 127; 57 219 154 163 92 36 44 20
19,"blk.19.ffn_up_exps.weight",2,8,256,164 115 95 219 122 133 180 127; 57 219 154 163 92 36 44 20
19,"blk.19.ffn_down_exps.weight",2,8,256,164 115 95 219 122 133 180 127; 57 219 154 163 92 36 44 20
20,"blk.20.ffn_gate_exps.weight",2,8,256,53 240 233 148 133 195 85 161; 63 91 237 150 104 225 83 3
20,"blk.20.ffn_up_exps.weight",2,8,256,53 240 233 148 133 195 85 161; 63 91 237 150 104 225 83 3
20,"blk.20.ffn_down_exps.weight",2,8,256,53 240 233 148 133 195 85 161; 63 91 237 150 104 225 83 3
21,"blk.21.ffn_gate_exps.weight",2,8,256,199 130 233 229 211 99 140 68; 2 232 169 164 38 35 180 199
21,"blk.21.ffn_up_exps.weight",2,8,256,199 130 233 229 211 99 140 68; 2 232 169 164 38 35 180 199
21,"blk.21.ffn_down_exps.weight",2,8,256,199 130 233 229 211 99 140 68; 2 232 169 164 38 35 180 199
22,"blk.22.ffn_gate_exps.weight",2,8,256,126 147 134 149 148 217 172 156; 125 198 65 120 150 243 25 169
22,"blk.22.ffn_up_exps.weight",2,8,256,126 147 134 149 148 217 172 156; 125 198 65 120 150 243 25 169
22,"blk.22.ffn_down_exps.weight",2,8,256,126 147 134 149 148 217 172 156; 125 198 65 120 150 243 25 169
23,"blk.23.ffn_gate_exps.weight",2,8,256,33 223 105 117 32 119 60 44; 206 86 128 62 144 19 7 108
23,"blk.23.ffn_up_exps.weight",2,8,256,33 223 105 117 32 119 60 44; 206 86 128 62 144 19 7 108
23,"blk.23.ffn_down_exps.weight",2,8,256,33 223 105 117 32 119 60 44; 206 86 128 62 144 19 7 108
24,"blk.24.ffn_gate_exps.weight",2,8,256,176 250 2 10 161 116 21 13; 44 85 151 221 93 74 20 79
24,"blk.24.ffn_up_exps.weight",2,8,256,176 250 2 10 161 116 21 13; 44 85 151 221 93 74 20 79
24,"blk.24.ffn_down_exps.weight",2,8,256,176 250 2 10 161 116 21 13; 44 85 151 221 93 74 20 79
25,"blk.25.ffn_gate_exps.weight",2,8,256,83 14 170 248 145 252 120 34; 182 107 56 61 134 103 84 119
25,"blk.25.ffn_up_exps.weight",2,8,256,83 14 170 248 145 252 120 34; 182 107 56 61 134 103 84 119
25,"blk.25.ffn_down_exps.weight",2,8,256,83 14 170 248 145 252 120 34; 182 107 56 61 134 103 84 119
26,"blk.26.ffn_gate_exps.weight",2,8,256,132 204 163 253 21 202 116 165; 148 226 103 88 20 26 216 149
26,"blk.26.ffn_up_exps.weight",2,8,256,132 204 163 253 21 202 116 165; 148 226 103 88 20 26 216 149
26,"blk.26.ffn_down_exps.weight",2,8,256,132 204 163 253 21 202 116 165; 148 226 103 88 20 26 216 149
27,"blk.27.ffn_gate_exps.weight",2,8,256,134 14 235 145 1 206 195 227; 185 23 31 195 165 229 58 98
27,"blk.27.ffn_up_exps.weight",2,8,256,134 14 235 145 1 206 195 227; 185 23 31 195 165 229 58 98
27,"blk.27.ffn_down_exps.weight",2,8,256,134 14 235 145 1 206 195 227; 185 23 31 195 165 229 58 98
28,"blk.28.ffn_gate_exps.weight",2,8,256,104 171 209 1 191 160 172 155; 61 37 93 229 238 248 217 92
28,"blk.28.ffn_up_exps.weight",2,8,256,104 171 209 1 191 160 172 155; 61 37 93 229 238 248 217 92
28,"blk.28.ffn_down_exps.weight",2,8,256,104 171 209 1 191 160 172 155; 61 37 93 229 238 248 217 92
29,"blk.29.ffn_gate_exps.weight",2,8,256,209 192 1 219 233 58 196 69; 46 198 87 0 183 209 252 33
29,"blk.29.ffn_up_exps.weight",2,8,256,209 192 1 219 233 58 196 69; 46 198 87 0 183 209 252 33
29,"blk.29.ffn_down_exps.weight",2,8,256,209 192 1 219 233 58 196 69; 46 198 87 0 183 209 252 33
30,"blk.30.ffn_gate_exps.weight",2,8,256,175 152 54 144 77 91 138 225; 163 89 213 134 254 144 133 161
30,"blk.30.ffn_up_exps.weight",2,8,256,175 152 54 144 77 91 138 225; 163 89 213 134 254 144 133 161
30,"blk.30.ffn_down_exps.weight",2,8,256,175 152 54 144 77 91 138 225; 163 89 213 134 254 144 133 161
31,"blk.31.ffn_gate_exps.weight",2,8,256,115 164 95 133 122 143 180 59; 219 57 154 36 37 26 166 121
31,"blk.31.ffn_up_exps.weight",2,8,256,115 164 95 133 122 143 180 59; 219 57 154 36 37 26 166 121
31,"blk.31.ffn_down_exps.weight",2,8,256,115 164 95 133 122 143 180 59; 219 57 154 36 37 26 166 121
32,"blk.32.ffn_gate_exps.weight",2,8,256,31 255 204 236 104 241 67 233; 112 95 53 38 160 252 250 170
32,"blk.32.ffn_up_exps.weight",2,8,256,31 255 204 236 104 241 67 233; 112 95 53 38 160 252 250 170
32,"blk.32.ffn_down_exps.weight",2,8,256,31 255 204 236 104 241 67 233; 112 95 53 38 160 252 250 170
33,"blk.33.ffn_gate_exps.weight",2,8,256,146 110 106 87 51 66 204 50; 43 164 0 52 127 184 17 73
33,"blk.33.ffn_up_exps.weight",2,8,256,146 110 106 87 51 66 204 50; 43 164 0 52 127 184 17 73
33,"blk.33.ffn_down_exps.weight",2,8,256,146 110 106 87 51 66 204 50; 43 164 0 52 127 184 17 73
34,"blk.34.ffn_gate_exps.weight",2,8,256,218 246 123 254 244 66 37 10; 92 133 63 26 219 42 186 85
34,"blk.34.ffn_up_exps.weight",2,8,256,218 246 123 254 244 66 37 10; 92 133 63 26 219 42 186 85
34,"blk.34.ffn_down_exps.weight",2,8,256,218 246 123 254 244 66 37 10; 92 133 63 26 219 42 186 85
35,"blk.35.ffn_gate_exps.weight",2,8,256,179 171 36 122 53 93 142 67; 72 18 84 42 43 174 119 252
35,"blk.35.ffn_up_exps.weight",2,8,256,179 171 36 122 53 93 142 67; 72 18 84 42 43 174 119 252
35,"blk.35.ffn_down_exps.weight",2,8,256,179 171 36 122 53 93 142 67; 72 18 84 42 43 174 119 252
36,"blk.36.ffn_gate_exps.weight",2,8,256,154 188 10 78 153 50 87 135; 45 20 222 192 50 102 51 83
36,"blk.36.ffn_up_exps.weight",2,8,256,154 188 10 78 153 50 87 135; 45 20 222 192 50 102 51 83
36,"blk.36.ffn_down_exps.weight",2,8,256,154 188 10 78 153 50 87 135; 45 20 222 192 50 102 51 83
37,"blk.37.ffn_gate_exps.weight",2,8,256,199 129 103 52 238 1 163 171; 72 39 24 111 124 116 89 122
37,"blk.37.ffn_up_exps.weight",2,8,256,199 129 103 52 238 1 163 171; 72 39 24 111 124 116 89 122
37,"blk.37.ffn_down_exps.weight",2,8,256,199 129 103 52 238 1 163 171; 72 39 24 111 124 116 89 122
38,"blk.38.ffn_gate_exps.weight",2,8,256,198 231 60 179 69 249 175 133; 120 144 209 190 139 249 177 88
38,"blk.38.ffn_up_exps.weight",2,8,256,198 231 60 179 69 249 175 133; 120 144 209 190 139 249 177 88
38,"blk.38.ffn_down_exps.weight",2,8,256,198 231 60 179 69 249 175 133; 120 144 209 190 139 249 177 88
39,"blk.39.ffn_gate_exps.weight",2,8,256,187 32 140 184 150 112 195 25; 162 238 21 103 166 95 27 202
39,"blk.39.ffn_up_exps.weight",2,8,256,187 32 140 184 150 112 195 25; 162 238 21 103 166 95 27 202
39,"blk.39.ffn_down_exps.weight",2,8,256,187 32 140 184 150 112 195 25; 162 238 21 103 166 95 27 202
0,"blk.0.ffn_gate_exps.weight",2,8,256,112 249 238 74 216 196 105 16; 238 32 6 104 112 189 58 30
0,"blk.0.ffn_up_exps.weight",2,8,256,112 249 238 74 216 196 105 16; 238 32 6 104 112 189 58 30
0,"blk.0.ffn_down_exps.weight",2,8,256,112 249 238 74 216 196 105 16; 238 32 6 104 112 189 58 30
1,"blk.1.ffn_gate_exps.weight",2,8,256,112 214 156 250 217 19 177 56; 65 173 72 135 202 247 209 134
1,"blk.1.ffn_up_exps.weight",2,8,256,112 214 156 250 217 19 177 56; 65 173 72 135 202 247 209 134
1,"blk.1.ffn_down_exps.weight",2,8,256,112 214 156 250 217 19 177 56; 65 173 72 135 202 247 209 134
2,"blk.2.ffn_gate_exps.weight",2,8,256,11 187 217 179 41 85 197 95; 222 41 6 231 241 61 146 165
2,"blk.2.ffn_up_exps.weight",2,8,256,11 187 217 179 41 85 197 95; 222 41 6 231 241 61 146 165
2,"blk.2.ffn_down_exps.weight",2,8,256,11 187 217 179 41 85 197 95; 222 41 6 231 241 61 146 165
3,"blk.3.ffn_gate_exps.weight",2,8,256,163 69 126 196 78 113 206 17; 126 163 225 196 38 62 25 149
3,"blk.3.ffn_up_exps.weight",2,8,256,163 69 126 196 78 113 206 17; 126 163 225 196 38 62 25 149
3,"blk.3.ffn_down_exps.weight",2,8,256,163 69 126 196 78 113 206 17; 126 163 225 196 38 62 25 149
4,"blk.4.ffn_gate_exps.weight",2,8,256,27 88 206 235 127 178 188 108; 33 208 248 195 90 188 5 200
4,"blk.4.ffn_up_exps.weight",2,8,256,27 88 206 235 127 178 188 108; 33 208 248 195 90 188 5 200
4,"blk.4.ffn_down_exps.weight",2,8,256,27 88 206 235 127 178 188 108; 33 208 248 195 90 188 5 200
5,"blk.5.ffn_gate_exps.weight",2,8,256,64 15 110 138 44 60 13 57; 205 182 71 64 185 171 198 110
5,"blk.5.ffn_up_exps.weight",2,8,256,64 15 110 138 44 60 13 57; 205 182 71 64 185 171 198 110
5,"blk.5.ffn_down_exps.weight",2,8,256,64 15 110 138 44 60 13 57; 205 182 71 64 185 171 198 110
6,"blk.6.ffn_gate_exps.weight",2,8,256,110 138 46 40 24 91 173 254; 169 138 203 155 132 63 254 112
6,"blk.6.ffn_up_exps.weight",2,8,256,110 138 46 40 24 91 173 254; 169 138 203 155 132 63 254 112
6,"blk.6.ffn_down_exps.weight",2,8,256,110 138 46 40 24 91 173 254; 169 138 203 155 132 63 254 112
7,"blk.7.ffn_gate_exps.weight",2,8,256,221 112 191 200 142 39 241 114; 25 254 49 39 204 125 127 203
7,"blk.7.ffn_up_exps.weight",2,8,256,221 112 191 200 142 39 241 114; 25 254 49 39 204 125 127 203
7,"blk.7.ffn_down_exps.weight",2,8,256,221 112 191 200 142 39 241 114; 25 254 49 39 204 125 127 203
8,"blk.8.ffn_gate_exps.weight",2,8,256,123 175 17 217 127 223 92 8; 84 191 160 238 123 210 187 17
8,"blk.8.ffn_up_exps.weight",2,8,256,123 175 17 217 127 223 92 8; 84 191 160 238 123 210 187 17
8,"blk.8.ffn_down_exps.weight",2,8,256,123 175 17 217 127 223 92 8; 84 191 160 238 123 210 187 17
9,"blk.9.ffn_gate_exps.weight",2,8,256,72 246 45 210 95 136 122 71; 95 168 150 121 45 9 208 174
9,"blk.9.ffn_up_exps.weight",2,8,256,72 246 45 210 95 136 122 71; 95 168 150 121 45 9 208 174
9,"blk.9.ffn_down_exps.weight",2,8,256,72 246 45 210 95 136 122 71; 95 168 150 121 45 9 208 174
10,"blk.10.ffn_gate_exps.weight",2,8,256,175 120 14 100 249 183 179 203; 65 243 150 188 192 176 247 162
10,"blk.10.ffn_up_exps.weight",2,8,256,175 120 14 100 249 183 179 203; 65 243 150 188 192 176 247 162
10,"blk.10.ffn_down_exps.weight",2,8,256,175 120 14 100 249 183 179 203; 65 243 150 188 192 176 247 162
11,"blk.11.ffn_gate_exps.weight",2,8,256,180 41 246 96 149 152 143 46; 89 88 237 193 253 41 74 228
11,"blk.11.ffn_up_exps.weight",2,8,256,180 41 246 96 149 152 143 46; 89 88 237 193 253 41 74 228
11,"blk.11.ffn_down_exps.weight",2,8,256,180 41 246 96 149 152 143 46; 89 88 237 193 253 41 74 228
12,"blk.12.ffn_gate_exps.weight",2,8,256,4 124 68 24 52 77 167 216; 23 221 164 76 187 41 24 16
12,"blk.12.ffn_up_exps.weight",2,8,256,4 124 68 24 52 77 167 216; 23 221 164 76 187 41 24 16
12,"blk.12.ffn_down_exps.weight",2,8,256,4 124 68 24 52 77 167 216; 23 221 164 76 187 41 24 16
13,"blk.13.ffn_gate_exps.weight",2,8,256,231 119 132 221 167 177 64 114; 49 180 216 64 149 141 182 78
13,"blk.13.ffn_up_exps.weight",2,8,256,231 119 132 221 167 177 64 114; 49 180 216 64 149 141 182 78
13,"blk.13.ffn_down_exps.weight",2,8,256,231 119 132 221 167 177 64 114; 49 180 216 64 149 141 182 78
14,"blk.14.ffn_gate_exps.weight",2,8,256,217 57 244 211 123 136 191 181; 103 193 123 71 12 113 230 17
14,"blk.14.ffn_up_exps.weight",2,8,256,217 57 244 211 123 136 191 181; 103 193 123 71 12 113 230 17
14,"blk.14.ffn_down_exps.weight",2,8,256,217 57 244 211 123 136 191 181; 103 193 123 71 12 113 230 17
15,"blk.15.ffn_gate_exps.weight",2,8,256,225 247 218 191 117 82 48 157; 196 137 42 229 53 217 153 2
15,"blk.15.ffn_up_exps.weight",2,8,256,225 247 218 191 117 82 48 157; 196 137 42 229 53 217 153 2
15,"blk.15.ffn_down_exps.weight",2,8,256,225 247 218 191 117 82 48 157; 196 137 42 229 53 217 153 2
16,"blk.16.ffn_gate_exps.weight",2,8,256,89 245 88 166 203 16 107 141; 60 130 93 229 89 248 177 88
16,"blk.16.ffn_up_exps.weight",2,8,256,89 245 88 166 203 16 107 141; 60 130 93 229 89 248 177 88
16,"blk.16.ffn_down_exps.weight",2,8,256,89 245 88 166 203 16 107 141; 60 130 93 229 89 248 177 88
17,"blk.17.ffn_gate_exps.weight",2,8,256,96 106 171 26 150 25 125 86; 248 161 134 86 53 30 64 168
17,"blk.17.ffn_up_exps.weight",2,8,256,96 106 171 26 150 25 125 86; 248 161 134 86 53 30 64 168
17,"blk.17.ffn_down_exps.weight",2,8,256,96 106 171 26 150 25 125 86; 248 161 134 86 53 30 64 168
18,"blk.18.ffn_gate_exps.weight",2,8,256,100 201 174 75 94 172 141 32; 254 100 94 193 14 213 35 134
18,"blk.18.ffn_up_exps.weight",2,8,256,100 201 174 75 94 172 141 32; 254 100 94 193 14 213 35 134
18,"blk.18.ffn_down_exps.weight",2,8,256,100 201 174 75 94 172 141 32; 254 100 94 193 14 213 35 134
19,"blk.19.ffn_gate_exps.weight",2,8,256,41 204 221 44 142 238 207 173; 154 41 238 36 26 141 173 142
19,"blk.19.ffn_up_exps.weight",2,8,256,41 204 221 44 142 238 207 173; 154 41 238 36 26 141 173 142
19,"blk.19.ffn_down_exps.weight",2,8,256,41 204 221 44 142 238 207 173; 154 41 238 36 26 141 173 142
20,"blk.20.ffn_gate_exps.weight",2,8,256,17 127 175 217 223 18 11 8; 8 17 84 176 175 160 217 223
20,"blk.20.ffn_up_exps.weight",2,8,256,17 127 175 217 223 18 11 8; 8 17 84 176 175 160 217 223
20,"blk.20.ffn_down_exps.weight",2,8,256,17 127 175 217 223 18 11 8; 8 17 84 176 175 160 217 223
21,"blk.21.ffn_gate_exps.weight",2,8,256,72 246 184 232 210 113 155 127; 95 112 18 171 210 232 155 45
21,"blk.21.ffn_up_exps.weight",2,8,256,72 246 184 232 210 113 155 127; 95 112 18 171 210 232 155 45
21,"blk.21.ffn_down_exps.weight",2,8,256,72 246 184 232 210 113 155 127; 95 112 18 171 210 232 155 45
22,"blk.22.ffn_gate_exps.weight",2,8,256,120 175 100 50 82 192 231 90; 176 243 49 65 203 48 6 224
22,"blk.22.ffn_up_exps.weight",2,8,256,120 175 100 50 82 192 231 90; 176 243 49 65 203 48 6 224
22,"blk.22.ffn_down_exps.weight",2,8,256,120 175 100 50 82 192 231 90; 176 243 49 65 203 48 6 224
23,"blk.23.ffn_gate_exps.weight",2,8,256,180 41 87 152 213 96 132 92; 108 88 89 73 92 253 239 193
23,"blk.23.ffn_up_exps.weight",2,8,256,180 41 87 152 213 96 132 92; 108 88 89 73 92 253 239 193
23,"blk.23.ffn_down_exps.weight",2,8,256,180 41 87 152 213 96 132 92; 108 88 89 73 92 253 239 193
24,"blk.24.ffn_gate_exps.weight",2,8,256,53 216 124 4 167 24 58 62; 221 23 126 16 187 235 0 53
24,"blk.24.ffn_up_exps.weight",2,8,256,53 216 124 4 167 24 58 62; 221 23 126 16 187 235 0 53
24,"blk.24.ffn_down_exps.weight",2,8,256,53 216 124 4 167 24 58 62; 221 23 126 16 187 235 0 53
25,"blk.25.ffn_gate_exps.weight",2,8,256,167 52 236 132 221 231 119 78; 149 202 135 49 180 44 182 78
25,"blk.25.ffn_up_exps.weight",2,8,256,167 52 236 132 221 231 119 78; 149 202 135 49 180 44 182 78
25,"blk.25.ffn_down_exps.weight",2,8,256,167 52 236 132 221 231 119 78; 149 202 135 49 180 44 182 78
26,"blk.26.ffn_gate_exps.weight",2,8,256,217 81 57 136 181 244 211 191; 103 71 193 12 229 215 154 244
26,"blk.26.ffn_up_exps.weight",2,8,256,217 81 57 136 181 244 211 191; 103 71 193 12 229 215 154 244
26,"blk.26.ffn_down_exps.weight",2,8,256,217 81 57 136 181 244 211 191; 103 71 193 12 229 215 154 244
27,"blk.27.ffn_gate_exps.weight",2,8,256,247 191 225 218 83 82 108 117; 137 185 229 183 225 82 117 196
27,"blk.27.ffn_up_exps.weight",2,8,256,247 191 225 218 83 82 108 117; 137 185 229 183 225 82 117 196
27,"blk.27.ffn_down_exps.weight",2,8,256,247 191 225 218 83 82 108 117; 137 185 229 183 225 82 117 196
28,"blk.28.ffn_gate_exps.weight",2,8,256,158 107 88 93 166 218 18 89; 229 60 245 75 14 177 51 148
28,"blk.28.ffn_up_exps.weight",2,8,256,158 107 88 93 166 218 18 89; 229 60 245 75 14 177 51 148
28,"blk.28.ffn_down_exps.weight",2,8,256,158 107 88 93 166 218 18 89; 229 60 245 75 14 177 51 148
29,"blk.29.ffn_gate_exps.weight",2,8,256,106 96 171 25 86 125 112 42; 248 167 30 208 15 144 42 22
29,"blk.29.ffn_up_exps.weight",2,8,256,106 96 171 25 86 125 112 42; 248 167 30 208 15 144 42 22
29,"blk.29.ffn_down_exps.weight",2,8,256,106 96 171 25 86 125 112 42; 248 167 30 208 15 144 42 22
30,"blk.30.ffn_gate_exps.weight",2,8,256,31 174 75 94 32 160 141 172; 100 161 195 199 134 254 126 44
30,"blk.30.ffn_up_exps.weight",2,8,256,31 174 75 94 32 160 141 172; 100 161 195 199 134 254 126 44
30,"blk.30.ffn_down_exps.weight",2,8,256,31 174 75 94 32 160 141 172; 100 161 195 199 134 254 126 44
31,"blk.31.ffn_gate_exps.weight",2,8,256,35 36 121 75 26 154 19 77; 154 26 141 75 224 94 142 238
31,"blk.31.ffn_up_exps.weight",2,8,256,35 36 121 75 26 154 19 77; 154 26 141 75 224 94 142 238
31,"blk.31.ffn_down_exps.weight",2,8,256,35 36 121 75 26 154 19 77; 154 26 141 75 224 94 142 238
32,"blk.32.ffn_gate_exps.weight",2,8,256,112 252 237 53 191 2 149 95; 95 112 128 250 38 251 2 35
32,"blk.32.ffn_up_exps.weight",2,8,256,112 252 237 53 191 2 149 95; 95 112 128 250 38 251 2 35
32,"blk.32.ffn_down_exps.weight",2,8,256,112 252 237 53 191 2 149 95; 95 112 128 250 38 251 2 35
33,"blk.33.ffn_gate_exps.weight",2,8,256,127 92 43 39 32 9 231 164; 9 127 164 32 231 0 52 15
33,"blk.33.ffn_up_exps.weight",2,8,256,127 92 43 39 32 9 231 164; 9 127 164 32 231 0 52 15
33,"blk.33.ffn_down_exps.weight",2,8,256,127 92 43 39 32 9 231 164; 9 127 164 32 231 0 52 15
34,"blk.34.ffn_gate_exps.weight",2,8,256,63 85 186 164 42 26 92 52; 85 231 63 92 26 22 133 199
34,"blk.34.ffn_up_exps.weight",2,8,256,63 85 186 164 42 26 92 52; 85 231 63 92 26 22 133 199
34,"blk.34.ffn_down_exps.weight",2,8,256,63 85 186 164 42 26 92 52; 85 231 63 92 26 22 133 199
35,"blk.35.ffn_gate_exps.weight",2,8,256,72 43 119 203 42 174 97 121; 72 42 43 18 225 183 157 84
35,"blk.35.ffn_up_exps.weight",2,8,256,72 43 119 203 42 174 97 121; 72 42 43 18 225 183 157 84
35,"blk.35.ffn_down_exps.weight",2,8,256,72 43 119 203 42 174 97 121; 72 42 43 18 225 183 157 84
36,"blk.36.ffn_gate_exps.weight",2,8,256,45 212 73 106 201 56 102 148; 45 62 212 221 56 73 76 66
36,"blk.36.ffn_up_exps.weight",2,8,256,45 212 73 106 201 56 102 148; 45 62 212 221 56 73 76 66
36,"blk.36.ffn_down_exps.weight",2,8,256,45 212 73 106 201 56 102 148; 45 62 212 221 56 73 76 66
37,"blk.37.ffn_gate_exps.weight",2,8,256,72 13 219 182 138 165 206 88; 72 138 219 182 111 24 149 206
37,"blk.37.ffn_up_exps.weight",2,8,256,72 13 219 182 138 165 206 88; 72 138 219 182 111 24 149 206
37,"blk.37.ffn_down_exps.weight",2,8,256,72 13 219 182 138 165 206 88; 72 138 219 182 111 24 149 206
38,"blk.38.ffn_gate_exps.weight",2,8,256,209 151 249 120 193 200 125 223; 120 209 47 103 231 91 7 151
38,"blk.38.ffn_up_exps.weight",2,8,256,209 151 249 120 193 200 125 223; 120 209 47 103 231 91 7 151
38,"blk.38.ffn_down_exps.weight",2,8,256,209 151 249 120 193 200 125 223; 120 209 47 103 231 91 7 151
39,"blk.39.ffn_gate_exps.weight",2,8,256,162 108 2 211 222 159 154 38; 162 238 149 229 8 221 98 37
39,"blk.39.ffn_up_exps.weight",2,8,256,162 108 2 211 222 159 154 38; 162 238 149 229 8 221 98 37
39,"blk.39.ffn_down_exps.weight",2,8,256,162 108 2 211 222 159 154 38; 162 238 149 229 8 221 98 37
0,"blk.0.ffn_gate_exps.weight",10,8,256,132 129 38 213 21 253 244 193; 238 112 200 173 43 95 139 30; 187 192 115 81 235 112 86 72; 106 107 181 112 43 238 57 99; 109 41 24 65 86 29 2 136; 134 115 159 220 2 41 116 151; 131 13 159 151 207 139 21 47; 137 103 130 201 213 248 71 170; 81 115 235 187 140 158 208 47; 193 54 38 44 21 156 53 176
0,"blk.0.ffn_up_exps.weight",10,8,256,132 129 38 213 21 253 244 193; 238 112 200 173 43 95 139 30; 187 192 115 81 235 112 86 72; 106 107 181 112 43 238 57 99; 109 41 24 65 86 29 2 136; 134 115 159 220 2 41 116 151; 131 13 159 151 207 139 21 47; 137 103 130 201 213 248 71 170; 81 115 235 187 140 158 208 47; 193 54 38 44 21 156 53 176
0,"blk.0.ffn_down_exps.weight",10,8,256,132 129 38 213 21 253 244 193; 238 112 200 173 43 95 139 30; 187 192 115 81 235 112 86 72; 106 107 181 112 43 238 57 99; 109 41 24 65 86 29 2 136; 134 115 159 220 2 41 116 151; 131 13 159 151 207 139 21 47; 137 103 130 201 213 248 71 170; 81 115 235 187 140 158 208 47; 193 54 38 44 21 156 53 176
1,"blk.1.ffn_gate_exps.weight",10,8,256,214 148 161 151 110 212 39 90; 214 250 19 58 243 125 163 112; 214 172 16 137 147 94 112 250; 112 205 250 19 132 224 86 124; 236 226 205 85 63 33 22 238; 206 134 15 236 101 37 157 44; 236 206 27 80 231 70 44 105; 205 250 121 123 112 160 110 103; 82 137 119 205 94 112 172 222; 205 172 129 138 250 147 112 207
1,"blk.1.ffn_up_exps.weight",10,8,256,214 148 161 151 110 212 39 90; 214 250 19 58 243 125 163 112; 214 172 16 137 147 94 112 250; 112 205 250 19 132 224 86 124; 236 226 205 85 63 33 22 238; 206 134 15 236 101 37 157 44; 236 206 27 80 231 70 44 105; 205 250 121 123 112 160 110 103; 82 137 119 205 94 112 172 222; 205 172 129 138 250 147 112 207
1,"blk.1.ffn_down_exps.weight",10,8,256,214 148 161 151 110 212 39 90; 214 250 19 58 243 125 163 112; 214 172 16 137 147 94 112 250; 112 205 250 19 132 224 86 124; 236 226 205 85 63 33 22 238; 206 134 15 236 101 37 157 44; 236 206 27 80 231 70 44 105; 205 250 121 123 112 160 110 103; 82 137 119 205 94 112 172 222; 205 172 129 138 250 147 112 207
2,"blk.2.ffn_gate_exps.weight",10,8,256,85 202 138 222 144 197 41 104; 29 27 85 233 197 11 179 243; 41 153 129 204 106 231 123 165; 11 217 255 60 49 80 188 133; 221 139 58 187 216 143 158 5; 121 235 165 104 80 75 239 229; 181 74 235 69 85 100 215 48; 40 88 158 164 25 37 175 210; 158 217 41 153 179 40 1 129; 217 153 41 158 233 179 1 171
2,"blk.2.ffn_up_exps.weight",10,8,256,85 202 138 222 144 197 41 104; 29 27 85 233 197 11 179 243; 41 153 129 204 106 231 123 165; 11 217 255 60 49 80 188 133; 221 139 58 187 216 143 158 5; 121 235 165 104 80 75 239 229; 181 74 235 69 85 100 215 48; 40 88 158 164 25 37 175 210; 158 217 41 153 179 40 1 129; 217 153 41 158 233 179 1 171
2,"blk.2.ffn_down_exps.weight",10,8,256,85 202 138 222 144 197 41 104; 29 27 85 233 197 11 179 243; 41 153 129 204 106 231 123 165; 11 217 255 60 49 80 188 133; 221 139 58 187 216 143 158 5; 121 235 165 104 80 75 239 229; 181 74 235 69 85 100 215 48; 40 88 158 164 25 37 175 210; 158 217 41 153 179 40 1 129; 217 153 41 158 233 179 1 171
3,"blk.3.ffn_gate_exps.weight",10,8,256,26 86 145 1 174 239 230 244; 162 244 1 123 89 4 253 75; 196 6 69 25 113 38 225 126; 225 25 171 19 113 214 199 219; 167 225 23 25 61 36 18 108; 239 21 7 25 165 94 188 245; 177 76 202 12 146 234 63 19; 225 37 8 25 157 87 130 234; 216 130 244 77 12 183 225 94; 216 225 244 107 246 183 204 41
3,"blk.3.ffn_up_exps.weight",10,8,256,26 86 145 1 174 239 230 244; 162 244 1 123 89 4 253 75; 196 6 69 25 113 38 225 126; 225 25 171 19 113 214 199 219; 167 225 23 25 61 36 18 108; 239 21 7 25 165 94 188 245; 177 76 202 12 146 234 63 19; 225 37 8 25 157 87 130 234; 216 130 244 77 12 183 225 94; 216 225 244 107 246 183 204 41
3,"blk.3.ffn_down_exps.weight",10,8,256,26 86 145 1 174 239 230 244; 162 244 1 123 89 4 253 75; 196 6 69 25 113 38 225 126; 225 25 171 19 113 214 199 219; 167 225 23 25 61 36 18 108; 239 21 7 25 165 94 188 245; 177 76 202 12 146 234 63 19; 225 37 8 25 157 87 130 234; 216 130 244 77 12 183 225 94; 216 225 244 107 246 183 204 41
4,"blk.4.ffn_gate_exps.weight",10,8,256,64 234 97 31 48 50 211 191; 163 87 195 246 72 191 88 234; 195 88 163 235 185 90 188 200; 88 195 233 154 74 54 254 242; 243 149 154 134 88 206 114 40; 206 149 177 36 4 41 134 110; 169 44 80 30 206 243 134 221; 129 15 30 142 102 240 222 110; 15 30 154 129 108 110 160 222; 20 97 87 110 23 150 127 30
4,"blk.4.ffn_up_exps.weight",10,8,256,64 234 97 31 48 50 211 191; 163 87 195 246 72 191 88 234; 195 88 163 235 185 90 188 200; 88 195 233 154 74 54 254 242; 243 149 154 134 88 206 114 40; 206 149 177 36 4 41 134 110; 169 44 80 30 206 243 134 221; 129 15 30 142 102 240 222 110; 15 30 154 129 108 110 160 222; 20 97 87 110 23 150 127 30
4,"blk.4.ffn_down_exps.weight",10,8,256,64 234 97 31 48 50 211 191; 163 87 195 246 72 191 88 234; 195 88 163 235 185 90 188 200; 88 195 233 154 74 54 254 242; 243 149 154 134 88 206 114 40; 206 149 177 36 4 41 134 110; 169 44 80 30 206 243 134 221; 129 15 30 142 102 240 222 110; 15 30 154 129 108 110 160 222; 20 97 87 110 23 150 127 30
5,"blk.5.ffn_gate_exps.weight",10,8,256,215 200 47 244 25 57 15 56; 15 159 166 110 13 25 56 57; 110 135 71 205 65 86 127 15; 147 174 110 15 65 205 60 71; 64 147 46 251 213 217 5 198; 64 77 243 117 101 166 233 251; 64 139 201 77 24 244 131 145; 46 139 44 65 151 218 88 6; 46 88 65 139 44 151 205 198; 139 46 149 113 75 151 198 94
5,"blk.5.ffn_up_exps.weight",10,8,256,215 200 47 244 25 57 15 56; 15 159 166 110 13 25 56 57; 110 135 71 205 65 86 127 15; 147 174 110 15 65 205 60 71; 64 147 46 251 213 217 5 198; 64 77 243 117 101 166 233 251; 64 139 201 77 24 244 131 145; 46 139 44 65 151 218 88 6; 46 88 65 139 44 151 205 198; 139 46 149 113 75 151 198 94
5,"blk.5.ffn_down_exps.weight",10,8,256,215 200 47 244 25 57 15 56; 15 159 166 110 13 25 56 57; 110 135 71 205 65 86 127 15; 147 174 110 15 65 205 60 71; 64 147 46 251 213 217 5 198; 64 77 243 117 101 166 233 251; 64 139 201 77 24 244 131 145; 46 139 44 65 151 218 88 6; 46 88 65 139 44 151 205 198; 139 46 149 113 75 151 198 94
6,"blk.6.ffn_gate_exps.weight",10,8,256,254 214 110 248 231 91 40 139; 110 138 46 40 24 91 254 173; 169 203 138 22 112 254 176 143; 138 22 65 68 196 36 133 183; 149 246 165 196 195 25 156 192; 195 165 255 212 64 138 32 140; 149 195 242 71 165 25 189 144; 246 149 138 156 31 42 71 189; 138 246 156 31 149 165 143 196; 71 189 246 25 27 32 212 174
6,"blk.6.ffn_up_exps.weight",10,8,256,254 214 110 248 231 91 40 139; 110 138 46 40 24 91 254 173; 169 203 138 22 112 254 176 143; 138 22 65 68 196 36 133 183; 149 246 165 196 195 25 156 192; 195 165 255 212 64 138 32 140; 149 195 242 71 165 25 189 144; 246 149 138 156 31 42 71 189; 138 246 156 31 149 165 143 196; 71 189 246 25 27 32 212 174
6,"blk.6.ffn_down_exps.weight",10,8,256,254 214 110 248 231 91 40 139; 110 138 46 40 24 91 254 173; 169 203 138 22 112 254 176 143; 138 22 65 68 196 36 133 183; 149 246 165 196 195 25 156 192; 195 165 255 212 64 138 32 140; 149 195 242 71 165 25 189 144; 246 149 138 156 31 42 71 189; 138 246 156 31 149 165 143 196; 71 189 246 25 27 32 212 174
7,"blk.7.ffn_gate_exps.weight",10,8,256,241 211 221 148 213 63 165 209; 221 191 112 200 142 39 241 165; 49 144 180 221 229 203 136 125; 36 75 184 147 116 221 229 203; 245 166 75 116 221 184 36 191; 245 166 116 222 30 147 132 51; 95 245 130 166 38 116 37 62; 116 95 36 184 245 117 10 37; 116 36 95 245 184 125 10 37; 95 130 245 220 116 218 119 1
7,"blk.7.ffn_up_exps.weight",10,8,256,241 211 221 148 213 63 165 209; 221 191 112 200 142 39 241 165; 49 144 180 221 229 203 136 125; 36 75 184 147 116 221 229 203; 245 166 75 116 221 184 36 191; 245 166 116 222 30 147 132 51; 95 245 130 166 38 116 37 62; 116 95 36 184 245 117 10 37; 116 36 95 245 184 125 10 37; 95 130 245 220 116 218 119 1
7,"blk.7.ffn_down_exps.weight",10,8,256,241 211 221 148 213 63 165 209; 221 191 112 200 142 39 241 165; 49 144 180 221 229 203 136 125; 36 75 184 147 116 221 229 203; 245 166 75 116 221 184 36 191; 245 166 116 222 30 147 132 51; 95 245 130 166 38 116 37 62; 116 95 36 184 245 117 10 37; 116 36 95 245 184 125 10 37; 95 130 245 220 116 218 119 1
8,"blk.8.ffn_gate_exps.weight",10,8,256,235 127 11 17 197 18 217 139; 175 217 127 123 17 223 78 139; 123 175 191 99 243 8 196 111; 191 123 175 232 52 178 238 23; 123 232 191 72 3 88 110 183; 232 3 117 191 123 76 95 72; 72 232 3 123 172 186 151 88; 72 186 232 3 123 191 224 194; 186 191 224 232 220 72 3 194; 72 3 193 151 186 102 124 194
8,"blk.8.ffn_up_exps.weight",10,8,256,235 127 11 17 197 18 217 139; 175 217 127 123 17 223 78 139; 123 175 191 99 243 8 196 111; 191 123 175 232 52 178 238 23; 123 232 191 72 3 88 110 183; 232 3 117 191 123 76 95 72; 72 232 3 123 172 186 151 88; 72 186 232 3 123 191 224 194; 186 191 224 232 220 72 3 194; 72 3 193 151 186 102 124 194
8,"blk.8.ffn_down_exps.weight",10,8,256,235 127 11 17 197 18 217 139; 175 217 127 123 17 223 78 139; 123 175 191 99 243 8 196 111; 191 123 175 232 52 178 238 23; 123 232 191 72 3 88 110 183; 232 3 117 191 123 76 95 72; 72 232 3 123 172 186 151 88; 72 186 232 3 123 191 224 194; 186 191 224 232 220 72 3 194; 72 3 193 151 186 102 124 194
9,"blk.9.ffn_gate_exps.weight",10,8,256,210 122 246 127 12 248 72 213; 72 246 210 95 122 45 232 71; 45 116 36 2 18 72 95 121; 45 95 243 217 135 151 156 152; 95 99 70 45 151 156 24 162; 95 32 225 58 100 107 137 121; 162 121 95 128 221 140 65 105; 95 2 191 161 156 86 44 102; 95 2 156 161 18 44 191 243; 162 121 95 43 128 65 100 225
9,"blk.9.ffn_up_exps.weight",10,8,256,210 122 246 127 12 248 72 213; 72 246 210 95 122 45 232 71; 45 116 36 2 18 72 95 121; 45 95 243 217 135 151 156 152; 95 99 70 45 151 156 24 162; 95 32 225 58 100 107 137 121; 162 121 95 128 221 140 65 105; 95 2 191 161 156 86 44 102; 95 2 156 161 18 44 191 243; 162 121 95 43 128 65 100 225
9,"blk.9.ffn_down_exps.weight",10,8,256,210 122 246 127 12 248 72 213; 72 246 210 95 122 45 232 71; 45 116 36 2 18 72 95 121; 45 95 243 217 135 151 156 152; 95 99 70 45 151 156 24 162; 95 32 225 58 100 107 137 121; 162 121 95 128 221 140 65 105; 95 2 191 161 156 86 44 102; 95 2 156 161 18 44 191 243; 162 121 95 43 128 65 100 225
10,"blk.10.ffn_gate_exps.weight",10,8,256,14 175 179 192 236 206 43 120; 175 120 14 100 249 183 179 203; 243 65 162 27 177 247 129 188; 243 247 68 65 124 25 150 228; 124 70 228 194 117 17 97 31; 176 124 70 111 162 194 204 183; 70 124 103 254 194 216 92 73; 198 194 70 169 247 125 143 184; 198 194 247 65 70 125 243 91; 194 103 143 254 70 241 192 204
10,"blk.10.ffn_up_exps.weight",10,8,256,14 175 179 192 236 206 43 120; 175 120 14 100 249 183 179 203; 243 65 162 27 177 247 129 188; 243 247 68 65 124 25 150 228; 124 70 228 194 117 17 97 31; 176 124 70 111 162 194 204 183; 70 124 103 254 194 216 92 73; 198 194 70 169 247 125 143 184; 198 194 247 65 70 125 243 91; 194 103 143 254 70 241 192 204
10,"blk.10.ffn_down_exps.weight",10,8,256,14 175 179 192 236 206 43 120; 175 120 14 100 249 183 179 203; 243 65 162 27 177 247 129 188; 243 247 68 65 124 25 150 228; 124 70 228 194 117 17 97 31; 176 124 70 111 162 194 204 183; 70 124 103 254 194 216 92 73; 198 194 70 169 247 125 143 184; 198 194 247 65 70 125 243 91; 194 103 143 254 70 241 192 204
11,"blk.11.ffn_gate_exps.weight",10,8,256,24 104 221 34 126 180 219 132; 180 41 246 96 149 152 143 92; 92 13 192 138 226 228 4 112; 27 64 107 88 204 7 108 150; 191 107 237 124 109 7 209 208; 237 191 33 143 63 124 38 176; 154 33 237 176 173 37 221 191; 191 189 174 225 206 86 128 63; 191 206 128 106 86 63 108 7; 191 208 26 154 212 173 225 37
11,"blk.11.ffn_up_exps.weight",10,8,256,24 104 221 34 126 180 219 132; 180 41 246 96 149 152 143 92; 92 13 192 138 226 228 4 112; 27 64 107 88 204 7 108 150; 191 107 237 124 109 7 209 208; 237 191 33 143 63 124 38 176; 154 33 237 176 173 37 221 191; 191 189 174 225 206 86 128 63; 191 206 128 106 86 63 108 7; 191 208 26 154 212 173 225 37
11,"blk.11.ffn_down_exps.weight",10,8,256,24 104 221 34 126 180 219 132; 180 41 246 96 149 152 143 92; 92 13 192 138 226 228 4 112; 27 64 107 88 204 7 108 150; 191 107 237 124 109 7 209 208; 237 191 33 143 63 124 38 176; 154 33 237 176 173 37 221 191; 191 189 174 225 206 86 128 63; 191 206 128 106 86 63 108 7; 191 208 26 154 212 173 225 37
12,"blk.12.ffn_gate_exps.weight",10,8,256,124 247 52 68 137 79 167 127; 4 124 68 24 77 52 167 216; 169 221 100 16 199 24 235 99; 221 169 1 199 16 100 145 209; 221 13 60 1 42 173 171 16; 23 42 50 60 219 139 221 22; 173 195 107 22 60 42 208 68; 221 60 65 173 74 93 107 1; 221 60 93 1 65 39 219 74; 173 107 42 219 22 50 60 68
12,"blk.12.ffn_up_exps.weight",10,8,256,124 247 52 68 137 79 167 127; 4 124 68 24 77 52 167 216; 169 221 100 16 199 24 235 99; 221 169 1 199 16 100 145 209; 221 13 60 1 42 173 171 16; 23 42 50 60 219 139 221 22; 173 195 107 22 60 42 208 68; 221 60 65 173 74 93 107 1; 221 60 93 1 65 39 219 74; 173 107 42 219 22 50 60 68
12,"blk.12.ffn_down_exps.weight",10,8,256,124 247 52 68 137 79 167 127; 4 124 68 24 77 52 167 216; 169 221 100 16 199 24 235 99; 221 169 1 199 16 100 145 209; 221 13 60 1 42 173 171 16; 23 42 50 60 219 139 221 22; 173 195 107 22 60 42 208 68; 221 60 65 173 74 93 107 1; 221 60 93 1 65 39 219 74; 173 107 42 219 22 50 60 68
13,"blk.13.ffn_gate_exps.weight",10,8,256,221 71 231 139 135 241 78 253; 231 119 132 221 167 177 161 64; 251 149 141 236 135 132 202 89; 202 47 164 108 20 182 3 236; 70 224 47 155 202 230 99 120; 70 120 194 14 180 162 60 166; 70 224 244 120 47 136 151 180; 47 120 70 202 224 175 182 220; 202 47 120 70 66 220 89 182; 70 120 151 208 228 83 166 175
13,"blk.13.ffn_up_exps.weight",10,8,256,221 71 231 139 135 241 78 253; 231 119 132 221 167 177 161 64; 251 149 141 236 135 132 202 89; 202 47 164 108 20 182 3 236; 70 224 47 155 202 230 99 120; 70 120 194 14 180 162 60 166; 70 224 244 120 47 136 151 180; 47 120 70 202 224 175 182 220; 202 47 120 70 66 220 89 182; 70 120 151 208 228 83 166 175
13,"blk.13.ffn_down_exps.weight",10,8,256,221 71 231 139 135 241 78 253; 231 119 132 221 167 177 161 64; 251 149 141 236 135 132 202 89; 202 47 164 108 20 182 3 236; 70 224 47 155 202 230 99 120; 70 120 194 14 180 162 60 166; 70 224 244 120 47 136 151 180; 47 120 70 202 224 175 182 220; 202 47 120 70 66 220 89 182; 70 120 151 208 228 83 166 175
14,"blk.14.ffn_gate_exps.weight",10,8,256,57 217 140 200 244 81 136 197; 217 57 244 211 123 136 191 181; 71 123 12 191 230 103 88 193; 71 12 137 30 160 103 0 88; 225 30 12 66 238 97 125 242; 17 225 97 63 12 145 105 21; 225 30 17 54 199 242 145 66; 225 137 160 218 32 61 54 64; 225 64 32 189 137 54 61 160; 225 14 67 218 30 248 54 189
14,"blk.14.ffn_up_exps.weight",10,8,256,57 217 140 200 244 81 136 197; 217 57 244 211 123 136 191 181; 71 123 12 191 230 103 88 193; 71 12 137 30 160 103 0 88; 225 30 12 66 238 97 125 242; 17 225 97 63 12 145 105 21; 225 30 17 54 199 242 145 66; 225 137 160 218 32 61 54 64; 225 64 32 189 137 54 61 160; 225 14 67 218 30 248 54 189
14,"blk.14.ffn_down_exps.weight",10,8,256,57 217 140 200 244 81 136 197; 217 57 244 211 123 136 191 181; 71 123 12 191 230 103 88 193; 71 12 137 30 160 103 0 88; 225 30 12 66 238 97 125 242; 17 225 97 63 12 145 105 21; 225 30 17 54 199 242 145 66; 225 137 160 218 32 61 54 64; 225 64 32 189 137 54 61 160; 225 14 67 218 30 248 54 189
15,"blk.15.ffn_gate_exps.weight",10,8,256,183 191 117 254 102 86 34 131; 225 247 218 191 117 82 48 157; 244 228 137 255 229 185 150 124; 229 217 87 117 82 185 165 255; 18 6 229 87 147 188 155 142; 6 229 133 134 131 126 139 12; 6 82 126 69 142 44 195 131; 23 54 87 229 147 133 142 227; 250 54 242 147 133 88 229 182; 126 54 206 133 195 142 127 82
15,"blk.15.ffn_up_exps.weight",10,8,256,183 191 117 254 102 86 34 131; 225 247 218 191 117 82 48 157; 244 228 137 255 229 185 150 124; 229 217 87 117 82 185 165 255; 18 6 229 87 147 188 155 142; 6 229 133 134 131 126 139 12; 6 82 126 69 142 44 195 131; 23 54 87 229 147 133 142 227; 250 54 242 147 133 88 229 182; 126 54 206 133 195 142 127 82
15,"blk.15.ffn_down_exps.weight",10,8,256,183 191 117 254 102 86 34 131; 225 247 218 191 117 82 48 157; 244 228 137 255 229 185 150 124; 229 217 87 117 82 185 165 255; 18 6 229 87 147 188 155 142; 6 229 133 134 131 126 139 12; 6 82 126 69 142 44 195 131; 23 54 87 229 147 133 142 227; 250 54 242 147 133 88 229 182; 126 54 206 133 195 142 127 82
16,"blk.16.ffn_gate_exps.weight",10,8,256,89 166 41 220 245 50 174 210; 89 245 88 166 203 16 107 141; 93 60 75 88 18 63 144 130; 130 93 144 14 229 60 75 177; 14 130 233 40 60 10 113 252; 234 60 130 14 233 40 38 114; 130 60 40 233 14 234 245 114; 130 233 40 229 252 61 60 43; 130 46 40 252 233 229 189 28; 40 130 234 60 233 250 59 74
16,"blk.16.ffn_up_exps.weight",10,8,256,89 166 41 220 245 50 174 210; 89 245 88 166 203 16 107 141; 93 60 75 88 18 63 144 130; 130 93 144 14 229 60 75 177; 14 130 233 40 60 10 113 252; 234 60 130 14 233 40 38 114; 130 60 40 233 14 234 245 114; 130 233 40 229 252 61 60 43; 130 46 40 252 233 229 189 28; 40 130 234 60 233 250 59 74
16,"blk.16.ffn_down_exps.weight",10,8,256,89 166 41 220 245 50 174 210; 89 245 88 166 203 16 107 141; 93 60 75 88 18 63 144 130; 130 93 144 14 229 60 75 177; 14 130 233 40 60 10 113 252; 234 60 130 14 233 40 38 114; 130 60 40 233 14 234 245 114; 130 233 40 229 252 61 60 43; 130 46 40 252 233 229 189 28; 40 130 234 60 233 250 59 74
17,"blk.17.ffn_gate_exps.weight",10,8,256,198 150 171 106 112 29 243 121; 96 106 26 171 150 25 125 86; 248 249 86 150 45 74 72 59; 248 64 26 35 198 25 74 241; 71 64 248 144 100 206 232 35; 100 71 144 215 232 248 84 9; 71 9 232 144 84 100 248 64; 64 248 100 71 35 223 115 250; 248 64 35 230 115 3 100 129; 100 71 232 117 129 220 186 106
17,"blk.17.ffn_up_exps.weight",10,8,256,198 150 171 106 112 29 243 121; 96 106 26 171 150 25 125 86; 248 249 86 150 45 74 72 59; 248 64 26 35 198 25 74 241; 71 64 248 144 100 206 232 35; 100 71 144 215 232 248 84 9; 71 9 232 144 84 100 248 64; 64 248 100 71 35 223 115 250; 248 64 35 230 115 3 100 129; 100 71 232 117 129 220 186 106
17,"blk.17.ffn_down_exps.weight",10,8,256,198 150 171 106 112 29 243 121; 96 106 26 171 150 25 125 86; 248 249 86 150 45 74 72 59; 248 64 26 35 198 25 74 241; 71 64 248 144 100 206 232 35; 100 71 144 215 232 248 84 9; 71 9 232 144 84 100 248 64; 64 248 100 71 35 223 115 250; 248 64 35 230 115 3 100 129; 100 71 232 117 129 220 186 106
18,"blk.18.ffn_gate_exps.weight",10,8,256,201 100 31 172 24 111 105 174; 100 201 174 94 141 44 75 172; 254 174 123 199 217 201 94 3; 217 199 254 155 55 123 34 126; 30 55 237 195 182 34 121 13; 209 30 195 121 182 116 99 34; 30 209 116 99 55 105 182 195; 30 163 121 34 43 197 134 170; 30 203 251 34 177 121 166 43; 30 121 84 38 87 176 17 182
18,"blk.18.ffn_up_exps.weight",10,8,256,201 100 31 172 24 111 105 174; 100 201 174 94 141 44 75 172; 254 174 123 199 217 201 94 3; 217 199 254 155 55 123 34 126; 30 55 237 195 182 34 121 13; 209 30 195 121 182 116 99 34; 30 209 116 99 55 105 182 195; 30 163 121 34 43 197 134 170; 30 203 251 34 177 121 166 43; 30 121 84 38 87 176 17 182
18,"blk.18.ffn_down_exps.weight",10,8,256,201 100 31 172 24 111 105 174; 100 201 174 94 141 44 75 172; 254 174 123 199 217 201 94 3; 217 199 254 155 55 123 34 126; 30 55 237 195 182 34 121 13; 209 30 195 121 182 116 99 34; 30 209 116 99 55 105 182 195; 30 163 121 34 43 197 134 170; 30 203 251 34 177 121 166 43; 30 121 84 38 87 176 17 182
19,"blk.19.ffn_gate_exps.weight",10,8,256,41 153 148 90 246 139 142 10; 41 204 44 221 142 207 238 173; 173 154 238 41 44 221 194 195; 154 173 237 36 35 26 238 207; 215 237 35 114 162 239 36 173; 215 239 23 55 21 35 162 225; 215 144 23 35 194 55 37 239; 215 96 35 116 36 20 162 121; 96 215 121 30 173 35 226 230; 14 96 230 35 30 215 226 231
19,"blk.19.ffn_up_exps.weight",10,8,256,41 153 148 90 246 139 142 10; 41 204 44 221 142 207 238 173; 173 154 238 41 44 221 194 195; 154 173 237 36 35 26 238 207; 215 237 35 114 162 239 36 173; 215 239 23 55 21 35 162 225; 215 144 23 35 194 55 37 239; 215 96 35 116 36 20 162 121; 96 215 121 30 173 35 226 230; 14 96 230 35 30 215 226 231
19,"blk.19.ffn_down_exps.weight",10,8,256,41 153 148 90 246 139 142 10; 41 204 44 221 142 207 238 173; 173 154 238 41 44 221 194 195; 154 173 237 36 35 26 238 207; 215 237 35 114 162 239 36 173; 215 239 23 55 21 35 162 225; 215 144 23 35 194 55 37 239; 215 96 35 116 36 20 162 121; 96 215 121 30 173 35 226 230; 14 96 230 35 30 215 226 231
20,"blk.20.ffn_gate_exps.weight",10,8,256,127 17 235 11 217 18 93 162; 17 127 175 217 223 18 11 8; 92 175 197 173 127 223 139 243; 191 237 116 175 238 8 176 217; 172 186 3 72 242 232 36 50; 172 50 72 186 3 193 91 150; 172 72 50 165 186 134 202 6; 3 186 72 224 99 194 115 193; 224 193 194 99 71 186 72 151; 194 72 193 186 224 95 3 9
20,"blk.20.ffn_up_exps.weight",10,8,256,127 17 235 11 217 18 93 162; 17 127 175 217 223 18 11 8; 92 175 197 173 127 223 139 243; 191 237 116 175 238 8 176 217; 172 186 3 72 242 232 36 50; 172 50 72 186 3 193 91 150; 172 72 50 165 186 134 202 6; 3 186 72 224 99 194 115 193; 224 193 194 99 71 186 72 151; 194 72 193 186 224 95 3 9
20,"blk.20.ffn_down_exps.weight",10,8,256,127 17 235 11 217 18 93 162; 17 127 175 217 223 18 11 8; 92 175 197 173 127 223 139 243; 191 237 116 175 238 8 176 217; 172 186 3 72 242 232 36 50; 172 50 72 186 3 193 91 150; 172 72 50 165 186 134 202 6; 3 186 72 224 99 194 115 193; 224 193 194 99 71 186 72 151; 194 72 193 186 224 95 3 9
21,"blk.21.ffn_gate_exps.weight",10,8,256,184 72 246 127 210 122 228 201; 72 246 184 232 210 127 113 155; 18 184 200 45 232 210 248 122; 95 210 45 232 18 209 194 63; 95 142 43 32 103 128 44 6; 32 95 142 128 58 221 121 162; 95 162 32 128 142 43 177 221; 95 2 107 44 47 180 191 164; 95 107 137 2 47 128 225 255; 128 107 65 0 95 103 43 47
21,"blk.21.ffn_up_exps.weight",10,8,256,184 72 246 127 210 122 228 201; 72 246 184 232 210 127 113 155; 18 184 200 45 232 210 248 122; 95 210 45 232 18 209 194 63; 95 142 43 32 103 128 44 6; 32 95 142 128 58 221 121 162; 95 162 32 128 142 43 177 221; 95 2 107 44 47 180 191 164; 95 107 137 2 47 128 225 255; 128 107 65 0 95 103 43 47
21,"blk.21.ffn_down_exps.weight",10,8,256,184 72 246 127 210 122 228 201; 72 246 184 232 210 127 113 155; 18 184 200 45 232 210 248 122; 95 210 45 232 18 209 194 63; 95 142 43 32 103 128 44 6; 32 95 142 128 58 221 121 162; 95 162 32 128 142 43 177 221; 95 2 107 44 47 180 191 164; 95 107 137 2 47 128 225 255; 128 107 65 0 95 103 43 47
22,"blk.22.ffn_gate_exps.weight",10,8,256,120 175 192 82 50 11 90 195; 120 175 100 50 192 82 231 90; 227 176 243 203 231 76 136 179; 243 176 191 231 6 150 124 65; 194 70 124 117 133 109 17 228; 70 194 176 20 191 229 82 254; 194 70 254 92 124 192 213 20; 70 198 125 137 65 124 25 169; 70 91 35 198 65 250 111 187; 194 187 160 70 91 178 217 204
22,"blk.22.ffn_up_exps.weight",10,8,256,120 175 192 82 50 11 90 195; 120 175 100 50 192 82 231 90; 227 176 243 203 231 76 136 179; 243 176 191 231 6 150 124 65; 194 70 124 117 133 109 17 228; 70 194 176 20 191 229 82 254; 194 70 254 92 124 192 213 20; 70 198 125 137 65 124 25 169; 70 91 35 198 65 250 111 187; 194 187 160 70 91 178 217 204
22,"blk.22.ffn_down_exps.weight",10,8,256,120 175 192 82 50 11 90 195; 120 175 100 50 192 82 231 90; 227 176 243 203 231 76 136 179; 243 176 191 231 6 150 124 65; 194 70 124 117 133 109 17 228; 70 194 176 20 191 229 82 254; 194 70 254 92 124 192 213 20; 70 198 125 137 65 124 25 169; 70 91 35 198 65 250 111 187; 194 187 160 70 91 178 217 204
23,"blk.23.ffn_gate_exps.weight",10,8,256,180 24 41 104 152 246 187 215; 180 41 87 213 132 96 152 92; 92 16 193 143 183 78 138 249; 88 188 150 228 204 108 112 64; 24 237 135 209 200 208 7 38; 237 71 176 38 135 191 136 33; 24 237 154 46 221 222 176 197; 174 191 206 108 86 128 178 17; 108 225 191 17 128 206 73 152; 191 225 80 56 248 146 200 141
23,"blk.23.ffn_up_exps.weight",10,8,256,180 24 41 104 152 246 187 215; 180 41 87 213 132 96 152 92; 92 16 193 143 183 78 138 249; 88 188 150 228 204 108 112 64; 24 237 135 209 200 208 7 38; 237 71 176 38 135 191 136 33; 24 237 154 46 221 222 176 197; 174 191 206 108 86 128 178 17; 108 225 191 17 128 206 73 152; 191 225 80 56 248 146 200 141
23,"blk.23.ffn_down_exps.weight",10,8,256,180 24 41 104 152 246 187 215; 180 41 87 213 132 96 152 92; 92 16 193 143 183 78 138 249; 88 188 150 228 204 108 112 64; 24 237 135 209 200 208 7 38; 237 71 176 38 135 191 136 33; 24 237 154 46 221 222 176 197; 174 191 206 108 86 128 178 17; 108 225 191 17 128 206 73 152; 191 225 80 56 248 146 200 141
24,"blk.24.ffn_gate_exps.weight",10,8,256,53 216 124 62 167 247 4 24; 53 216 124 167 4 24 58 100; 235 221 24 23 0 126 199 53; 221 199 0 16 60 235 100 164; 1 221 155 101 107 42 153 173; 68 158 173 6 23 42 50 1; 173 1 107 91 50 195 158 60; 221 1 60 93 151 248 20 74; 221 1 219 60 93 68 181 14; 219 42 125 173 107 1 91 39
24,"blk.24.ffn_up_exps.weight",10,8,256,53 216 124 62 167 247 4 24; 53 216 124 167 4 24 58 100; 235 221 24 23 0 126 199 53; 221 199 0 16 60 235 100 164; 1 221 155 101 107 42 153 173; 68 158 173 6 23 42 50 1; 173 1 107 91 50 195 158 60; 221 1 60 93 151 248 20 74; 221 1 219 60 93 68 181 14; 219 42 125 173 107 1 91 39
24,"blk.24.ffn_down_exps.weight",10,8,256,53 216 124 62 167 247 4 24; 53 216 124 167 4 24 58 100; 235 221 24 23 0 126 199 53; 221 199 0 16 60 235 100 164; 1 221 155 101 107 42 153 173; 68 158 173 6 23 42 50 1; 173 1 107 91 50 195 158 60; 221 1 60 93 151 248 20 74; 221 1 219 60 93 68 181 14; 219 42 125 173 107 1 91 39
25,"blk.25.ffn_gate_exps.weight",10,8,256,167 221 78 26 52 64 135 121; 167 52 236 221 132 231 242 78; 149 251 202 89 78 141 44 135; 132 20 202 78 135 89 139 167; 70 202 155 47 230 2 132 224; 70 26 194 180 120 0 117 203; 70 26 47 0 202 230 193 180; 70 182 47 120 202 26 56 134; 70 182 151 120 202 47 228 149; 70 120 166 157 66 193 228 175
25,"blk.25.ffn_up_exps.weight",10,8,256,167 221 78 26 52 64 135 121; 167 52 236 221 132 231 242 78; 149 251 202 89 78 141 44 135; 132 20 202 78 135 89 139 167; 70 202 155 47 230 2 132 224; 70 26 194 180 120 0 117 203; 70 26 47 0 202 230 193 180; 70 182 47 120 202 26 56 134; 70 182 151 120 202 47 228 149; 70 120 166 157 66 193 228 175
25,"blk.25.ffn_down_exps.weight",10,8,256,167 221 78 26 52 64 135 121; 167 52 236 221 132 231 242 78; 149 251 202 89 78 141 44 135; 132 20 202 78 135 89 139 167; 70 202 155 47 230 2 132 224; 70 26 194 180 120 0 117 203; 70 26 47 0 202 230 193 180; 70 182 47 120 202 26 56 134; 70 182 151 120 202 47 228 149; 70 120 166 157 66 193 228 175
26,"blk.26.ffn_gate_exps.weight",10,8,256,81 57 217 150 244 136 8 230; 217 81 57 136 181 244 211 150; 12 71 88 230 103 193 229 191; 12 71 88 193 97 155 211 230; 119 12 225 238 97 160 95 125; 17 97 225 12 119 248 160 63; 225 119 12 17 97 199 91 251; 160 137 103 32 226 225 105 54; 61 32 137 64 54 103 160 37; 248 67 17 63 54 159 27 119
26,"blk.26.ffn_up_exps.weight",10,8,256,81 57 217 150 244 136 8 230; 217 81 57 136 181 244 211 150; 12 71 88 230 103 193 229 191; 12 71 88 193 97 155 211 230; 119 12 225 238 97 160 95 125; 17 97 225 12 119 248 160 63; 225 119 12 17 97 199 91 251; 160 137 103 32 226 225 105 54; 61 32 137 64 54 103 160 37; 248 67 17 63 54 159 27 119
26,"blk.26.ffn_down_exps.weight",10,8,256,81 57 217 150 244 136 8 230; 217 81 57 136 181 244 211 150; 12 71 88 230 103 193 229 191; 12 71 88 193 97 155 211 230; 119 12 225 238 97 160 95 125; 17 97 225 12 119 248 160 63; 225 119 12 17 97 199 91 251; 160 137 103 32 226 225 105 54; 61 32 137 64 54 103 160 37; 248 67 17 63 54 159 27 119
27,"blk.27.ffn_gate_exps.weight",10,8,256,247 191 225 124 102 168 45 93; 247 191 225 218 83 82 108 117; 137 124 185 244 255 228 61 69; 85 255 137 117 185 61 150 124; 18 218 85 188 6 139 150 124; 189 6 82 139 95 79 188 218; 124 38 139 82 189 95 6 218; 185 229 87 165 155 23 124 88; 229 185 250 87 165 182 139 242; 139 182 100 26 54 155 9 63
27,"blk.27.ffn_up_exps.weight",10,8,256,247 191 225 124 102 168 45 93; 247 191 225 218 83 82 108 117; 137 124 185 244 255 228 61 69; 85 255 137 117 185 61 150 124; 18 218 85 188 6 139 150 124; 189 6 82 139 95 79 188 218; 124 38 139 82 189 95 6 218; 185 229 87 165 155 23 124 88; 229 185 250 87 165 182 139 242; 139 182 100 26 54 155 9 63
27,"blk.27.ffn_down_exps.weight",10,8,256,247 191 225 124 102 168 45 93; 247 191 225 218 83 82 108 117; 137 124 185 244 255 228 61 69; 85 255 137 117 185 61 150 124; 18 218 85 188 6 139 150 124; 189 6 82 139 95 79 188 218; 124 38 139 82 189 95 6 218; 185 229 87 165 155 23 124 88; 229 185 250 87 165 182 139 242; 139 182 100 26 54 155 9 63
28,"blk.28.ffn_gate_exps.weight",10,8,256,107 158 166 57 23 182 126 89; 158 107 88 166 93 218 18 89; 229 93 75 60 238 18 175 227; 14 229 130 60 152 218 18 75; 14 233 130 105 113 40 60 18; 14 60 233 113 234 40 130 114; 14 130 113 233 19 234 40 60; 229 130 61 113 233 16 98 43; 130 74 46 229 233 16 113 23; 74 60 130 137 234 247 250 233
28,"blk.28.ffn_up_exps.weight",10,8,256,107 158 166 57 23 182 126 89; 158 107 88 166 93 218 18 89; 229 93 75 60 238 18 175 227; 14 229 130 60 152 218 18 75; 14 233 130 105 113 40 60 18; 14 60 233 113 234 40 130 114; 14 130 113 233 19 234 40 60; 229 130 61 113 233 16 98 43; 130 74 46 229 233 16 113 23; 74 60 130 137 234 247 250 233
28,"blk.28.ffn_down_exps.weight",10,8,256,107 158 166 57 23 182 126 89; 158 107 88 166 93 218 18 89; 229 93 75 60 238 18 175 227; 14 229 130 60 152 218 18 75; 14 233 130 105 113 40 60 18; 14 60 233 113 234 40 130 114; 14 130 113 233 19 234 40 60; 229 130 61 113 233 16 98 43; 130 74 46 229 233 16 113 23; 74 60 130 137 234 247 250 233
29,"blk.29.ffn_gate_exps.weight",10,8,256,106 112 171 42 198 215 96 25; 106 96 171 25 86 125 112 42; 248 167 183 111 91 72 74 246; 248 64 26 241 198 247 25 124; 232 71 170 144 126 64 37 198; 71 100 232 9 144 215 4 170; 71 232 9 214 247 95 186 170; 248 64 87 0 100 71 46 73; 248 100 223 232 36 64 71 150; 100 150 232 220 117 145 60 254
29,"blk.29.ffn_up_exps.weight",10,8,256,106 112 171 42 198 215 96 25; 106 96 171 25 86 125 112 42; 248 167 183 111 91 72 74 246; 248 64 26 241 198 247 25 124; 232 71 170 144 126 64 37 198; 71 100 232 9 144 215 4 170; 71 232 9 214 247 95 186 170; 248 64 87 0 100 71 46 73; 248 100 223 232 36 64 71 150; 100 150 232 220 117 145 60 254
29,"blk.29.ffn_down_exps.weight",10,8,256,106 112 171 42 198 215 96 25; 106 96 171 25 86 125 112 42; 248 167 183 111 91 72 74 246; 248 64 26 241 198 247 25 124; 232 71 170 144 126 64 37 198; 71 100 232 9 144 215 4 170; 71 232 9 214 247 95 186 170; 248 64 87 0 100 71 46 73; 248 100 223 232 36 64 71 150; 100 150 232 220 117 145 60 254
30,"blk.30.ffn_gate_exps.weight",10,8,256,31 174 32 88 160 75 47 253; 31 174 75 94 160 32 141 217; 199 160 39 217 174 254 15 155; 199 13 217 155 234 34 180 55; 237 30 55 209 182 234 13 176; 182 30 116 209 99 166 121 38; 30 116 182 209 234 34 166 189; 43 134 163 197 85 34 30 182; 30 105 203 121 251 182 176 38; 121 30 251 87 212 176 84 182
30,"blk.30.ffn_up_exps.weight",10,8,256,31 174 32 88 160 75 47 253; 31 174 75 94 160 32 141 217; 199 160 39 217 174 254 15 155; 199 13 217 155 234 34 180 55; 237 30 55 209 182 234 13 176; 182 30 116 209 99 166 121 38; 30 116 182 209 234 34 166 189; 43 134 163 197 85 34 30 182; 30 105 203 121 251 182 176 38; 121 30 251 87 212 176 84 182
30,"blk.30.ffn_down_exps.weight",10,8,256,31 174 32 88 160 75 47 253; 31 174 75 94 160 32 141 217; 199 160 39 217 174 254 15 155; 199 13 217 155 234 34 180 55; 237 30 55 209 182 234 13 176; 182 30 116 209 99 166 121 38; 30 116 182 209 234 34 166 189; 43 134 163 197 85 34 30 182; 30 105 203 121 251 182 176 38; 121 30 251 87 212 176 84 182
31,"blk.31.ffn_gate_exps.weight",10,8,256,204 153 87 221 99 24 237 194; 19 36 167 173 35 94 186 207; 36 154 121 173 167 75 162 194; 162 237 36 35 75 154 207 238; 215 237 35 55 162 173 172 123; 215 23 35 162 173 114 207 47; 215 55 173 89 35 186 99 37; 36 162 20 57 35 116 75 121; 215 96 202 30 191 66 203 162; 14 173 203 132 67 94 96 80
31,"blk.31.ffn_up_exps.weight",10,8,256,204 153 87 221 99 24 237 194; 19 36 167 173 35 94 186 207; 36 154 121 173 167 75 162 194; 162 237 36 35 75 154 207 238; 215 237 35 55 162 173 172 123; 215 23 35 162 173 114 207 47; 215 55 173 89 35 186 99 37; 36 162 20 57 35 116 75 121; 215 96 202 30 191 66 203 162; 14 173 203 132 67 94 96 80
31,"blk.31.ffn_down_exps.weight",10,8,256,204 153 87 221 99 24 237 194; 19 36 167 173 35 94 186 207; 36 154 121 173 167 75 162 194; 162 237 36 35 75 154 207 238; 215 237 35 55 162 173 172 123; 215 23 35 162 173 114 207 47; 215 55 173 89 35 186 99 37; 36 162 20 57 35 116 75 121; 215 96 202 30 191 66 203 162; 14 173 203 132 67 94 96 80
32,"blk.32.ffn_gate_exps.weight",10,8,256,205 117 27 35 172 180 95 166; 95 27 53 112 2 35 38 119; 252 112 2 250 53 35 150 38; 71 252 42 224 68 150 27 218; 101 191 209 78 143 43 111 120; 144 191 143 101 26 27 22 88; 26 191 101 144 92 78 88 22; 112 250 53 160 191 134 95 205; 33 191 101 112 184 154 106 220; 33 51 101 214 184 50 191 7
32,"blk.32.ffn_up_exps.weight",10,8,256,205 117 27 35 172 180 95 166; 95 27 53 112 2 35 38 119; 252 112 2 250 53 35 150 38; 71 252 42 224 68 150 27 218; 101 191 209 78 143 43 111 120; 144 191 143 101 26 27 22 88; 26 191 101 144 92 78 88 22; 112 250 53 160 191 134 95 205; 33 191 101 112 184 154 106 220; 33 51 101 214 184 50 191 7
32,"blk.32.ffn_down_exps.weight",10,8,256,205 117 27 35 172 180 95 166; 95 27 53 112 2 35 38 119; 252 112 2 250 53 35 150 38; 71 252 42 224 68 150 27 218; 101 191 209 78 143 43 111 120; 144 191 143 101 26 27 22 88; 26 191 101 144 92 78 88 22; 112 250 53 160 191 134 95 205; 33 191 101 112 184 154 106 220; 33 51 101 214 184 50 191 7
33,"blk.33.ffn_gate_exps.weight",10,8,256,144 241 90 127 9 67 32 98; 32 127 144 9 241 39 90 231; 127 0 32 9 241 164 144 92; 127 201 179 156 241 39 0 16; 161 127 179 103 201 165 12 5; 12 165 127 103 185 29 161 228; 165 127 151 235 250 225 29 47; 127 43 92 0 164 52 93 210; 192 12 165 127 220 189 81 180; 192 12 154 250 133 15 102 165
33,"blk.33.ffn_up_exps.weight",10,8,256,144 241 90 127 9 67 32 98; 32 127 144 9 241 39 90 231; 127 0 32 9 241 164 144 92; 127 201 179 156 241 39 0 16; 161 127 179 103 201 165 12 5; 12 165 127 103 185 29 161 228; 165 127 151 235 250 225 29 47; 127 43 92 0 164 52 93 210; 192 12 165 127 220 189 81 180; 192 12 154 250 133 15 102 165
33,"blk.33.ffn_down_exps.weight",10,8,256,144 241 90 127 9 67 32 98; 32 127 144 9 241 39 90 231; 127 0 32 9 241 164 144 92; 127 201 179 156 241 39 0 16; 161 127 179 103 201 165 12 5; 12 165 127 103 185 29 161 228; 165 127 151 235 250 225 29 47; 127 43 92 0 164 52 93 210; 192 12 165 127 220 189 81 180; 192 12 154 250 133 15 102 165
34,"blk.34.ffn_gate_exps.weight",10,8,256,63 85 231 202 105 40 234 92; 63 85 231 26 105 92 204 186; 85 231 26 186 92 132 113 63; 51 63 234 49 217 196 204 236; 94 40 63 227 249 250 137 222; 40 222 47 109 163 137 227 94; 40 48 222 163 137 57 175 191; 63 92 85 26 40 113 133 51; 16 40 247 130 63 250 51 47; 16 247 40 181 102 109 137 47
34,"blk.34.ffn_up_exps.weight",10,8,256,63 85 231 202 105 40 234 92; 63 85 231 26 105 92 204 186; 85 231 26 186 92 132 113 63; 51 63 234 49 217 196 204 236; 94 40 63 227 249 250 137 222; 40 222 47 109 163 137 227 94; 40 48 222 163 137 57 175 191; 63 92 85 26 40 113 133 51; 16 40 247 130 63 250 51 47; 16 247 40 181 102 109 137 47
34,"blk.34.ffn_down_exps.weight",10,8,256,63 85 231 202 105 40 234 92; 63 85 231 26 105 92 204 186; 85 231 26 186 92 132 113 63; 51 63 234 49 217 196 204 236; 94 40 63 227 249 250 137 222; 40 222 47 109 163 137 227 94; 40 48 222 163 137 57 175 191; 63 92 85 26 40 113 133 51; 16 40 247 130 63 250 51 47; 16 247 40 181 102 109 137 47
35,"blk.35.ffn_gate_exps.weight",10,8,256,225 203 102 66 213 174 170 96; 43 102 225 203 42 174 119 97; 203 102 42 225 72 174 84 18; 210 224 225 203 174 159 84 95; 131 210 35 34 97 156 40 113; 131 117 121 35 60 123 159 236; 20 236 114 131 9 85 35 97; 174 72 42 43 84 18 240 96; 131 16 159 96 35 29 20 253; 29 180 62 16 35 84 11 96
35,"blk.35.ffn_up_exps.weight",10,8,256,225 203 102 66 213 174 170 96; 43 102 225 203 42 174 119 97; 203 102 42 225 72 174 84 18; 210 224 225 203 174 159 84 95; 131 210 35 34 97 156 40 113; 131 117 121 35 60 123 159 236; 20 236 114 131 9 85 35 97; 174 72 42 43 84 18 240 96; 131 16 159 96 35 29 20 253; 29 180 62 16 35 84 11 96
35,"blk.35.ffn_down_exps.weight",10,8,256,225 203 102 66 213 174 170 96; 43 102 225 203 42 174 119 97; 203 102 42 225 72 174 84 18; 210 224 225 203 174 159 84 95; 131 210 35 34 97 156 40 113; 131 117 121 35 60 123 159 236; 20 236 114 131 9 85 35 97; 174 72 42 43 84 18 240 96; 131 16 159 96 35 29 20 253; 29 180 62 16 35 84 11 96
36,"blk.36.ffn_gate_exps.weight",10,8,256,159 45 201 186 106 212 73 56; 45 56 73 201 186 161 159 212; 45 20 73 141 186 212 201 56; 73 255 24 45 212 127 35 141; 148 55 73 48 24 77 18 251; 148 73 48 77 55 14 127 203; 126 73 14 110 211 37 79 15; 45 20 222 73 201 212 192 56; 110 203 14 10 60 235 206 84; 110 10 203 193 176 134 119 58
36,"blk.36.ffn_up_exps.weight",10,8,256,159 45 201 186 106 212 73 56; 45 56 73 201 186 161 159 212; 45 20 73 141 186 212 201 56; 73 255 24 45 212 127 35 141; 148 55 73 48 24 77 18 251; 148 73 48 77 55 14 127 203; 126 73 14 110 211 37 79 15; 45 20 222 73 201 212 192 56; 110 203 14 10 60 235 206 84; 110 10 203 193 176 134 119 58
36,"blk.36.ffn_down_exps.weight",10,8,256,159 45 201 186 106 212 73 56; 45 56 73 201 186 161 159 212; 45 20 73 141 186 212 201 56; 73 255 24 45 212 127 35 141; 148 55 73 48 24 77 18 251; 148 73 48 77 55 14 127 203; 126 73 14 110 211 37 79 15; 45 20 222 73 201 212 192 56; 110 203 14 10 60 235 206 84; 110 10 203 193 176 134 119 58
37,"blk.37.ffn_gate_exps.weight",10,8,256,245 72 109 13 165 145 219 233; 72 211 245 219 109 200 138 206; 72 39 182 138 109 165 104 219; 165 50 219 55 72 109 158 159; 55 196 126 165 162 3 109 97; 55 99 196 3 166 109 97 37; 55 83 196 174 109 87 67 3; 72 24 39 116 182 55 200 176; 55 97 8 83 37 227 131 163; 97 7 92 227 247 55 37 103
37,"blk.37.ffn_up_exps.weight",10,8,256,245 72 109 13 165 145 219 233; 72 211 245 219 109 200 138 206; 72 39 182 138 109 165 104 219; 165 50 219 55 72 109 158 159; 55 196 126 165 162 3 109 97; 55 99 196 3 166 109 97 37; 55 83 196 174 109 87 67 3; 72 24 39 116 182 55 200 176; 55 97 8 83 37 227 131 163; 97 7 92 227 247 55 37 103
37,"blk.37.ffn_down_exps.weight",10,8,256,245 72 109 13 165 145 219 233; 72 211 245 219 109 200 138 206; 72 39 182 138 109 165 104 219; 165 50 219 55 72 109 158 159; 55 196 126 165 162 3 109 97; 55 99 196 3 166 109 97 37; 55 83 196 174 109 87 67 3; 72 24 39 116 182 55 200 176; 55 97 8 83 37 227 131 163; 97 7 92 227 247 55 37 103
38,"blk.38.ffn_gate_exps.weight",10,8,256,209 120 249 0 151 109 103 27; 209 120 151 193 232 249 0 125; 209 27 151 249 125 148 2 224; 209 120 146 43 173 4 228 59; 209 132 173 52 14 120 254 39; 209 173 14 132 254 242 168 149; 173 209 132 168 201 242 254 156; 120 209 144 151 255 168 108 180; 103 173 120 209 176 254 196 17; 103 173 205 88 209 43 105 24
38,"blk.38.ffn_up_exps.weight",10,8,256,209 120 249 0 151 109 103 27; 209 120 151 193 232 249 0 125; 209 27 151 249 125 148 2 224; 209 120 146 43 173 4 228 59; 209 132 173 52 14 120 254 39; 209 173 14 132 254 242 168 149; 173 209 132 168 201 242 254 156; 120 209 144 151 255 168 108 180; 103 173 120 209 176 254 196 17; 103 173 205 88 209 43 105 24
38,"blk.38.ffn_down_exps.weight",10,8,256,209 120 249 0 151 109 103 27; 209 120 151 193 232 249 0 125; 209 27 151 249 125 148 2 224; 209 120 146 43 173 4 228 59; 209 132 173 52 14 120 254 39; 209 173 14 132 254 242 168 149; 173 209 132 168 201 242 254 156; 120 209 144 151 255 168 108 180; 103 173 120 209 176 254 196 17; 103 173 205 88 209 43 105 24
39,"blk.39.ffn_gate_exps.weight",10,8,256,162 108 159 2 69 154 63 148; 108 162 159 221 148 2 236 98; 110 154 38 207 108 12 69 159; 10 85 177 108 13 34 62 181; 224 108 77 251 15 98 252 10; 224 39 197 108 61 77 66 252; 66 138 108 246 239 219 1 154; 162 238 98 42 107 148 159 154; 10 120 162 45 137 101 136 107; 120 255 142 228 134 141 3 42
39,"blk.39.ffn_up_exps.weight",10,8,256,162 108 159 2 69 154 63 148; 108 162 159 221 148 2 236 98; 110 154 38 207 108 12 69 159; 10 85 177 108 13 34 62 181; 224 108 77 251 15 98 252 10; 224 39 197 108 61 77 66 252; 66 138 108 246 239 219 1 154; 162 238 98 42 107 148 159 154; 10 120 162 45 137 101 136 107; 120 255 142 228 134 141 3 42
39,"blk.39.ffn_down_exps.weight",10,8,256,162 108 159 2 69 154 63 148; 108 162 159 221 148 2 236 98; 110 154 38 207 108 12 69 159; 10 85 177 108 13 34 62 181; 224 108 77 251 15 98 252 10; 224 39 197 108 61 77 66 252; 66 138 108 246 239 219 1 154; 162 238 98 42 107 148 159 154; 10 120 162 45 137 101 136 107; 120 255 142 228 134 141 3 42
0,"blk.0.ffn_gate_exps.weight",4,8,256,156 48 131 103 176 149 236 160; 206 81 140 67 200 30 95 208; 77 37 184 138 173 26 75 232; 81 115 140 206 86 95 235 192
0,"blk.0.ffn_up_exps.weight",4,8,256,156 48 131 103 176 149 236 160; 206 81 140 67 200 30 95 208; 77 37 184 138 173 26 75 232; 81 115 140 206 86 95 235 192
0,"blk.0.ffn_down_exps.weight",4,8,256,156 48 131 103 176 149 236 160; 206 81 140 67 200 30 95 208; 77 37 184 138 173 26 75 232; 81 115 140 206 86 95 235 192
1,"blk.1.ffn_gate_exps.weight",4,8,256,112 214 127 172 129 250 94 147; 112 250 11 94 118 233 205 105; 112 214 172 147 129 224 250 102; 112 94 250 172 224 129 147 19
1,"blk.1.ffn_up_exps.weight",4,8,256,112 214 127 172 129 250 94 147; 112 250 11 94 118 233 205 105; 112 214 172 147 129 224 250 102; 112 94 250 172 224 129 147 19
1,"blk.1.ffn_down_exps.weight",4,8,256,112 214 127 172 129 250 94 147; 112 250 11 94 118 233 205 105; 112 214 172 147 129 224 250 102; 112 94 250 172 224 129 147 19
2,"blk.2.ffn_gate_exps.weight",4,8,256,158 41 153 49 11 217 106 219; 167 158 153 41 217 34 106 31; 217 153 49 11 219 158 41 167; 153 41 129 106 11 217 49 29
2,"blk.2.ffn_up_exps.weight",4,8,256,158 41 153 49 11 217 106 219; 167 158 153 41 217 34 106 31; 217 153 49 11 219 158 41 167; 153 41 129 106 11 217 49 29
2,"blk.2.ffn_down_exps.weight",4,8,256,158 41 153 49 11 217 106 219; 167 158 153 41 217 34 106 31; 217 153 49 11 219 158 41 167; 153 41 129 106 11 217 49 29
3,"blk.3.ffn_gate_exps.weight",4,8,256,69 126 225 6 224 196 107 182; 214 225 230 233 236 39 26 25; 6 224 69 61 225 196 87 182; 230 26 233 225 69 124 87 39
3,"blk.3.ffn_up_exps.weight",4,8,256,69 126 225 6 224 196 107 182; 214 225 230 233 236 39 26 25; 6 224 69 61 225 196 87 182; 230 26 233 225 69 124 87 39
3,"blk.3.ffn_down_exps.weight",4,8,256,69 126 225 6 224 196 107 182; 214 225 230 233 236 39 26 25; 6 224 69 61 225 196 87 182; 230 26 233 225 69 124 87 39
4,"blk.4.ffn_gate_exps.weight",4,8,256,163 153 154 27 90 140 129 88; 15 154 129 108 110 195 58 87; 200 163 129 195 140 233 27 110; 58 235 195 108 154 165 129 219
4,"blk.4.ffn_up_exps.weight",4,8,256,163 153 154 27 90 140 129 88; 15 154 129 108 110 195 58 87; 200 163 129 195 140 233 27 110; 58 235 195 108 154 165 129 219
4,"blk.4.ffn_down_exps.weight",4,8,256,163 153 154 27 90 140 129 88; 15 154 129 108 110 195 58 87; 200 163 129 195 140 233 27 110; 58 235 195 108 154 165 129 219
5,"blk.5.ffn_gate_exps.weight",4,8,256,65 218 88 110 205 86 251 127; 88 65 44 218 205 135 151 107; 110 86 65 71 88 222 43 53; 65 110 88 205 158 127 43 46
5,"blk.5.ffn_up_exps.weight",4,8,256,65 218 88 110 205 86 251 127; 88 65 44 218 205 135 151 107; 110 86 65 71 88 222 43 53; 65 110 88 205 158 127 43 46
5,"blk.5.ffn_down_exps.weight",4,8,256,65 218 88 110 205 86 251 127; 88 65 44 218 205 135 151 107; 110 86 65 71 88 222 43 53; 65 110 88 205 158 127 43 46
6,"blk.6.ffn_gate_exps.weight",4,8,256,138 143 112 226 203 169 122 22; 138 79 143 246 22 226 196 36; 169 143 138 203 112 226 133 22; 138 143 65 60 22 79 196 112
6,"blk.6.ffn_up_exps.weight",4,8,256,138 143 112 226 203 169 122 22; 138 79 143 246 22 226 196 36; 169 143 138 203 112 226 133 22; 138 143 65 60 22 79 196 112
6,"blk.6.ffn_down_exps.weight",4,8,256,138 143 112 226 203 169 122 22; 138 79 143 246 22 226 196 36; 169 143 138 203 112 226 133 22; 138 143 65 60 22 79 196 112
7,"blk.7.ffn_gate_exps.weight",4,8,256,36 125 229 203 184 208 14 117; 36 125 37 95 14 10 116 123; 125 203 208 184 229 117 35 245; 70 125 36 117 184 208 116 123
7,"blk.7.ffn_up_exps.weight",4,8,256,36 125 229 203 184 208 14 117; 36 125 37 95 14 10 116 123; 125 203 208 184 229 117 35 245; 70 125 36 117 184 208 116 123
7,"blk.7.ffn_down_exps.weight",4,8,256,36 125 229 203 184 208 14 117; 36 125 37 95 14 10 116 123; 125 203 208 184 229 117 35 245; 70 125 36 117 184 208 116 123
8,"blk.8.ffn_gate_exps.weight",4,8,256,224 98 191 164 151 72 20 220; 164 224 239 186 180 4 220 72; 224 20 98 29 141 133 191 151; 175 104 239 123 224 191 180 107
8,"blk.8.ffn_up_exps.weight",4,8,256,224 98 191 164 151 72 20 220; 164 224 239 186 180 4 220 72; 224 20 98 29 141 133 191 151; 175 104 239 123 224 191 180 107
8,"blk.8.ffn_down_exps.weight",4,8,256,224 98 191 164 151 72 20 220; 164 224 239 186 180 4 220 72; 224 20 98 29 141 133 191 151; 175 104 239 123 224 191 180 107
9,"blk.9.ffn_gate_exps.weight",4,8,256,255 2 121 95 243 36 189 161; 95 2 116 191 203 255 161 170; 20 121 2 255 189 243 176 36; 2 95 203 116 36 191 161 170
9,"blk.9.ffn_up_exps.weight",4,8,256,255 2 121 95 243 36 189 161; 95 2 116 191 203 255 161 170; 20 121 2 255 189 243 176 36; 2 95 203 116 36 191 161 170
9,"blk.9.ffn_down_exps.weight",4,8,256,255 2 121 95 243 36 189 161; 95 2 116 191 203 255 161 170; 20 121 2 255 189 243 176 36; 2 95 203 116 36 191 161 170
10,"blk.10.ffn_gate_exps.weight",4,8,256,65 91 243 247 198 157 35 196; 91 65 194 198 196 35 247 243; 157 243 247 65 185 198 25 125; 247 198 65 243 25 157 125 70
10,"blk.10.ffn_up_exps.weight",4,8,256,65 91 243 247 198 157 35 196; 91 65 194 198 196 35 247 243; 157 243 247 65 185 198 25 125; 247 198 65 243 25 157 125 70
10,"blk.10.ffn_down_exps.weight",4,8,256,65 91 243 247 198 157 35 196; 91 65 194 198 196 35 247 243; 157 243 247 65 185 198 25 125; 247 198 65 243 25 157 125 70
11,"blk.11.ffn_gate_exps.weight",4,8,256,206 106 128 160 89 108 192 13; 191 106 160 206 128 208 42 95; 89 150 206 128 108 160 7 204; 108 206 128 160 14 62 86 7
11,"blk.11.ffn_up_exps.weight",4,8,256,206 106 128 160 89 108 192 13; 191 106 160 206 128 208 42 95; 89 150 206 128 108 160 7 204; 108 206 128 160 14 62 86 7
11,"blk.11.ffn_down_exps.weight",4,8,256,206 106 128 160 89 108 192 13; 191 106 160 206 128 208 42 95; 89 150 206 128 108 160 7 204; 108 206 128 160 14 62 86 7
12,"blk.12.ffn_gate_exps.weight",4,8,256,221 60 223 145 220 84 93 65; 65 39 221 60 220 219 93 173; 221 60 145 13 193 99 0 53; 221 93 74 220 1 65 60 145
12,"blk.12.ffn_up_exps.weight",4,8,256,221 60 223 145 220 84 93 65; 65 39 221 60 220 219 93 173; 221 60 145 13 193 99 0 53; 221 93 74 220 1 65 60 145
12,"blk.12.ffn_down_exps.weight",4,8,256,221 60 223 145 220 84 93 65; 65 39 221 60 220 219 93 173; 221 60 145 13 193 99 0 53; 221 93 74 220 1 65 60 145
13,"blk.13.ffn_gate_exps.weight",4,8,256,89 202 182 47 66 160 134 32; 70 120 47 160 175 138 202 151; 202 89 66 182 243 151 44 32; 47 134 138 182 202 224 175 108
13,"blk.13.ffn_up_exps.weight",4,8,256,89 202 182 47 66 160 134 32; 70 120 47 160 175 138 202 151; 202 89 66 182 243 151 44 32; 47 134 138 182 202 224 175 108
13,"blk.13.ffn_down_exps.weight",4,8,256,89 202 182 47 66 160 134 32; 70 120 47 160 175 138 202 151; 202 89 66 182 243 151 44 32; 47 134 138 182 202 224 175 108
14,"blk.14.ffn_gate_exps.weight",4,8,256,189 32 137 64 225 61 28 103; 225 32 52 218 61 160 137 242; 189 28 103 12 137 32 125 55; 137 32 64 148 160 52 225 61
14,"blk.14.ffn_up_exps.weight",4,8,256,189 32 137 64 225 61 28 103; 225 32 52 218 61 160 137 242; 189 28 103 12 137 32 125 55; 137 32 64 148 160 52 225 61
14,"blk.14.ffn_down_exps.weight",4,8,256,189 32 137 64 225 61 28 103; 225 32 52 218 61 160 137 242; 189 28 103 12 137 32 125 55; 137 32 64 148 160 52 225 61
15,"blk.15.ffn_gate_exps.weight",4,8,256,229 242 148 88 165 58 185 250; 54 87 142 22 250 88 165 229; 244 229 185 242 165 58 238 46; 229 58 148 165 162 242 87 88
15,"blk.15.ffn_up_exps.weight",4,8,256,229 242 148 88 165 58 185 250; 54 87 142 22 250 88 165 229; 244 229 185 242 165 58 238 46; 229 58 148 165 162 242 87 88
15,"blk.15.ffn_down_exps.weight",4,8,256,229 242 148 88 165 58 185 250; 54 87 142 22 250 88 165 229; 244 229 185 242 165 58 238 46; 229 58 148 165 162 242 87 88
16,"blk.16.ffn_gate_exps.weight",4,8,256,163 130 229 9 28 40 60 43; 40 130 233 206 168 236 60 229; 60 163 38 35 28 229 130 242; 229 130 43 233 28 9 252 51
16,"blk.16.ffn_up_exps.weight",4,8,256,163 130 229 9 28 40 60 43; 40 130 233 206 168 236 60 229; 60 163 38 35 28 229 130 242; 229 130 43 233 28 9 252 51
16,"blk.16.ffn_down_exps.weight",4,8,256,163 130 229 9 28 40 60 43; 40 130 233 206 168 236 60 229; 60 163 38 35 28 229 130 242; 229 130 43 233 28 9 252 51
17,"blk.17.ffn_gate_exps.weight",4,8,256,248 64 87 35 5 167 0 22; 248 71 3 223 64 205 100 35; 248 208 64 35 5 144 22 87; 248 64 87 0 35 115 241 5
17,"blk.17.ffn_up_exps.weight",4,8,256,248 64 87 35 5 167 0 22; 248 71 3 223 64 205 100 35; 248 208 64 35 5 144 22 87; 248 64 87 0 35 115 241 5
17,"blk.17.ffn_down_exps.weight",4,8,256,248 64 87 35 5 167 0 22; 248 71 3 223 64 205 100 35; 248 208 64 35 5 144 22 87; 248 64 87 0 35 115 241 5
18,"blk.18.ffn_gate_exps.weight",4,8,256,43 197 203 134 13 34 30 213; 121 30 84 182 220 38 20 15; 203 213 43 134 2 254 217 166; 197 43 134 203 213 30 163 126
18,"blk.18.ffn_up_exps.weight",4,8,256,43 197 203 134 13 34 30 213; 121 30 84 182 220 38 20 15; 203 213 43 134 2 254 217 166; 197 43 134 203 213 30 163 126
18,"blk.18.ffn_down_exps.weight",4,8,256,43 197 203 134 13 34 30 213; 121 30 84 182 220 38 20 15; 203 213 43 134 2 254 217 166; 197 43 134 203 213 30 163 126
19,"blk.19.ffn_gate_exps.weight",4,8,256,36 121 243 167 20 231 215 109; 96 215 42 190 230 179 231 197; 36 195 121 231 167 201 20 41; 116 36 20 121 167 215 109 201
19,"blk.19.ffn_up_exps.weight",4,8,256,36 121 243 167 20 231 215 109; 96 215 42 190 230 179 231 197; 36 195 121 231 167 201 20 41; 116 36 20 121 167 215 109 201
19,"blk.19.ffn_down_exps.weight",4,8,256,36 121 243 167 20 231 215 109; 96 215 42 190 230 179 231 197; 36 195 121 231 167 201 20 41; 116 36 20 121 167 215 109 201
20,"blk.20.ffn_gate_exps.weight",4,8,256,224 239 175 186 63 180 56 191; 3 194 186 72 251 36 248 88; 224 175 173 40 141 98 99 3; 175 239 99 186 224 191 56 141
20,"blk.20.ffn_up_exps.weight",4,8,256,224 239 175 186 63 180 56 191; 3 194 186 72 251 36 248 88; 224 175 173 40 141 98 99 3; 175 239 99 186 224 191 56 141
20,"blk.20.ffn_down_exps.weight",4,8,256,224 239 175 186 63 180 56 191; 3 194 186 72 251 36 248 88; 224 175 173 40 141 98 99 3; 175 239 99 186 224 191 56 141
21,"blk.21.ffn_gate_exps.weight",4,8,256,2 95 170 197 18 203 161 191; 107 43 128 103 102 162 47 137; 170 18 2 95 243 255 26 189; 2 95 203 170 116 255 191 18
21,"blk.21.ffn_up_exps.weight",4,8,256,2 95 170 197 18 203 161 191; 107 43 128 103 102 162 47 137; 170 18 2 95 243 255 26 189; 2 95 203 170 116 255 191 18
21,"blk.21.ffn_down_exps.weight",4,8,256,2 95 170 197 18 203 161 191; 107 43 128 103 102 162 47 137; 170 18 2 95 243 255 26 189; 2 95 203 170 116 255 191 18
22,"blk.22.ffn_gate_exps.weight",4,8,256,35 243 65 196 125 198 185 25; 194 60 35 70 111 91 25 187; 243 35 185 125 145 65 176 25; 198 35 65 243 70 125 46 211
22,"blk.22.ffn_up_exps.weight",4,8,256,35 243 65 196 125 198 185 25; 194 60 35 70 111 91 25 187; 243 35 185 125 145 65 176 25; 198 35 65 243 70 125 46 211
22,"blk.22.ffn_down_exps.weight",4,8,256,35 243 65 196 125 198 185 25; 194 60 35 70 111 91 25 187; 243 35 185 125 145 65 176 25; 198 35 65 243 70 125 46 211
23,"blk.23.ffn_gate_exps.weight",4,8,256,128 206 108 160 143 239 74 188; 191 106 80 152 200 58 95 221; 150 239 16 128 206 89 160 143; 108 206 128 160 176 138 150 72
23,"blk.23.ffn_up_exps.weight",4,8,256,128 206 108 160 143 239 74 188; 191 106 80 152 200 58 95 221; 150 239 16 128 206 89 160 143; 108 206 128 160 176 138 150 72
23,"blk.23.ffn_down_exps.weight",4,8,256,128 206 108 160 143 239 74 188; 191 106 80 152 200 58 95 221; 150 239 16 128 206 89 160 143; 108 206 128 160 176 138 150 72
24,"blk.24.ffn_gate_exps.weight",4,8,256,60 221 93 145 193 252 1 151; 42 107 173 155 65 14 22 35; 60 145 221 235 0 193 127 93; 221 93 100 102 68 145 1 60
24,"blk.24.ffn_up_exps.weight",4,8,256,60 221 93 145 193 252 1 151; 42 107 173 155 65 14 22 35; 60 145 221 235 0 193 127 93; 221 93 100 102 68 145 1 60
24,"blk.24.ffn_down_exps.weight",4,8,256,60 221 93 145 193 252 1 151; 42 107 173 155 65 14 22 35; 60 145 221 235 0 193 127 93; 221 93 100 102 68 145 1 60
25,"blk.25.ffn_gate_exps.weight",4,8,256,89 182 134 32 202 30 151 220; 70 120 254 224 151 175 228 220; 243 182 89 202 151 149 185 78; 78 202 182 234 89 26 134 70
25,"blk.25.ffn_up_exps.weight",4,8,256,89 182 134 32 202 30 151 220; 70 120 254 224 151 175 228 220; 243 182 89 202 151 149 185 78; 78 202 182 234 89 26 134 70
25,"blk.25.ffn_down_exps.weight",4,8,256,89 182 134 32 202 30 151 220; 70 120 254 224 151 175 228 220; 243 182 89 202 151 149 185 78; 78 202 182 234 89 26 134 70
26,"blk.26.ffn_gate_exps.weight",4,8,256,137 32 103 61 51 28 88 105; 160 218 242 225 239 61 248 137; 103 229 28 88 137 189 12 205; 12 103 32 137 229 88 0 150
26,"blk.26.ffn_up_exps.weight",4,8,256,137 32 103 61 51 28 88 105; 160 218 242 225 239 61 248 137; 103 229 28 88 137 189 12 205; 12 103 32 137 229 88 0 150
26,"blk.26.ffn_down_exps.weight",4,8,256,137 32 103 61 51 28 88 105; 160 218 242 225 239 61 248 137; 103 229 28 88 137 189 12 205; 12 103 32 137 229 88 0 150
27,"blk.27.ffn_gate_exps.weight",4,8,256,88 87 165 58 242 172 162 229; 87 64 97 229 155 218 88 37; 185 229 242 165 46 87 183 58; 229 185 87 165 242 183 153 88
27,"blk.27.ffn_up_exps.weight",4,8,256,88 87 165 58 242 172 162 229; 87 64 97 229 155 218 88 37; 185 229 242 165 46 87 183 58; 229 185 87 165 242 183 153 88
27,"blk.27.ffn_down_exps.weight",4,8,256,88 87 165 58 242 172 162 229; 87 64 97 229 155 218 88 37; 185 229 242 165 46 87 183 58; 229 185 87 165 242 183 153 88
28,"blk.28.ffn_gate_exps.weight",4,8,256,229 46 9 43 28 163 233 136; 60 46 61 233 168 229 9 136; 163 229 205 28 75 35 92 238; 229 163 28 35 130 9 16 75
28,"blk.28.ffn_up_exps.weight",4,8,256,229 46 9 43 28 163 233 136; 60 46 61 233 168 229 9 136; 163 229 205 28 75 35 92 238; 229 163 28 35 130 9 16 75
28,"blk.28.ffn_down_exps.weight",4,8,256,229 46 9 43 28 163 233 136; 60 46 61 233 168 229 9 136; 163 229 205 28 75 35 92 238; 229 163 28 35 130 9 16 75
29,"blk.29.ffn_gate_exps.weight",4,8,256,0 87 22 205 64 16 248 176; 232 71 223 121 64 7 205 39; 22 46 208 111 241 248 87 64; 248 22 111 241 64 167 87 176
29,"blk.29.ffn_up_exps.weight",4,8,256,0 87 22 205 64 16 248 176; 232 71 223 121 64 7 205 39; 22 46 208 111 241 248 87 64; 248 22 111 241 64 167 87 176
29,"blk.29.ffn_down_exps.weight",4,8,256,0 87 22 205 64 16 248 176; 232 71 223 121 64 7 205 39; 22 46 208 111 241 248 87 64; 248 22 111 241 64 167 87 176
30,"blk.30.ffn_gate_exps.weight",4,8,256,163 43 197 134 81 30 211 203; 30 182 38 220 81 197 223 181; 126 134 15 43 201 124 197 203; 134 197 203 43 213 163 254 126
30,"blk.30.ffn_up_exps.weight",4,8,256,163 43 197 134 81 30 211 203; 30 182 38 220 81 197 223 181; 126 134 15 43 201 124 197 203; 134 197 203 43 213 163 254 126
30,"blk.30.ffn_down_exps.weight",4,8,256,163 43 197 134 81 30 211 203; 30 182 38 220 81 197 223 181; 126 134 15 43 201 124 197 203; 134 197 203 43 213 163 254 126
31,"blk.31.ffn_gate_exps.weight",4,8,256,164 20 116 39 109 4 205 167; 215 164 57 20 39 178 162 165; 121 36 201 20 204 167 24 41; 121 75 20 116 154 36 207 167
31,"blk.31.ffn_up_exps.weight",4,8,256,164 20 116 39 109 4 205 167; 215 164 57 20 39 178 162 165; 121 36 201 20 204 167 24 41; 121 75 20 116 154 36 207 167
31,"blk.31.ffn_down_exps.weight",4,8,256,164 20 116 39 109 4 205 167; 215 164 57 20 39 178 162 165; 121 36 201 20 204 167 24 41; 121 75 20 116 154 36 207 167
32,"blk.32.ffn_gate_exps.weight",4,8,256,134 106 119 191 112 90 2 185; 191 101 106 134 43 205 119 49; 2 112 53 160 191 95 90 8; 112 119 2 160 134 90 53 191
32,"blk.32.ffn_up_exps.weight",4,8,256,134 106 119 191 112 90 2 185; 191 101 106 134 43 205 119 49; 2 112 53 160 191 95 90 8; 112 119 2 160 134 90 53 191
32,"blk.32.ffn_down_exps.weight",4,8,256,134 106 119 191 112 90 2 185; 191 101 106 134 43 205 119 49; 2 112 53 160 191 95 90 8; 112 119 2 160 134 90 53 191
33,"blk.33.ffn_gate_exps.weight",4,8,256,127 92 183 43 93 86 129 116; 165 220 12 151 93 228 116 127; 127 92 164 52 43 83 9 90; 127 92 93 43 32 164 0 210
33,"blk.33.ffn_up_exps.weight",4,8,256,127 92 183 43 93 86 129 116; 165 220 12 151 93 228 116 127; 127 92 164 52 43 83 9 90; 127 92 93 43 32 164 0 210
33,"blk.33.ffn_down_exps.weight",4,8,256,127 92 183 43 93 86 129 116; 165 220 12 151 93 228 116 127; 127 92 164 52 43 83 9 90; 127 92 93 43 32 164 0 210
34,"blk.34.ffn_gate_exps.weight",4,8,256,86 26 85 1 186 92 250 207; 40 222 169 56 250 68 82 93; 63 186 26 92 85 105 133 42; 105 85 26 1 92 231 86 132
34,"blk.34.ffn_up_exps.weight",4,8,256,86 26 85 1 186 92 250 207; 40 222 169 56 250 68 82 93; 63 186 26 92 85 105 133 42; 105 85 26 1 92 231 86 132
34,"blk.34.ffn_down_exps.weight",4,8,256,86 26 85 1 186 92 250 207; 40 222 169 56 250 68 82 93; 63 186 26 92 85 105 133 42; 105 85 26 1 92 231 86 132
35,"blk.35.ffn_gate_exps.weight",4,8,256,42 57 84 22 72 145 172 85; 20 236 57 85 35 22 131 245; 43 72 42 84 57 157 86 112; 72 42 84 112 18 57 157 203
35,"blk.35.ffn_up_exps.weight",4,8,256,42 57 84 22 72 145 172 85; 20 236 57 85 35 22 131 245; 43 72 42 84 57 157 86 112; 72 42 84 112 18 57 157 203
35,"blk.35.ffn_down_exps.weight",4,8,256,42 57 84 22 72 145 172 85; 20 236 57 85 35 22 131 245; 43 72 42 84 57 157 86 112; 72 42 84 112 18 57 157 203
36,"blk.36.ffn_gate_exps.weight",4,8,256,120 14 70 20 83 205 171 3; 120 14 110 203 202 211 116 70; 75 45 14 20 201 120 73 221; 75 20 201 14 221 222 192 173
36,"blk.36.ffn_up_exps.weight",4,8,256,120 14 70 20 83 205 171 3; 120 14 110 203 202 211 116 70; 75 45 14 20 201 120 73 221; 75 20 201 14 221 222 192 173
36,"blk.36.ffn_down_exps.weight",4,8,256,120 14 70 20 83 205 171 3; 120 14 110 203 202 211 116 70; 75 45 14 20 201 120 73 221; 75 20 201 14 221 222 192 173
37,"blk.37.ffn_gate_exps.weight",4,8,256,72 190 182 55 65 61 104 43; 104 83 55 190 43 67 174 182; 72 23 138 39 182 65 190 130; 23 39 104 182 138 72 89 125
37,"blk.37.ffn_up_exps.weight",4,8,256,72 190 182 55 65 61 104 43; 104 83 55 190 43 67 174 182; 72 23 138 39 182 65 190 130; 23 39 104 182 138 72 89 125
37,"blk.37.ffn_down_exps.weight",4,8,256,72 190 182 55 65 61 104 43; 104 83 55 190 43 67 174 182; 72 23 138 39 182 65 190 130; 23 39 104 182 138 72 89 125
38,"blk.38.ffn_gate_exps.weight",4,8,256,209 173 18 177 151 237 168 70; 168 103 173 135 201 27 209 163; 209 103 120 249 151 176 220 210; 249 151 209 27 104 180 176 236
38,"blk.38.ffn_up_exps.weight",4,8,256,209 173 18 177 151 237 168 70; 168 103 173 135 201 27 209 163; 209 103 120 249 151 176 220 210; 249 151 209 27 104 180 176 236
38,"blk.38.ffn_down_exps.weight",4,8,256,209 173 18 177 151 237 168 70; 168 103 173 135 201 27 209 163; 209 103 120 249 151 176 220 210; 249 151 209 27 104 180 176 236
39,"blk.39.ffn_gate_exps.weight",4,8,256,238 162 10 138 154 235 46 201; 138 154 162 10 243 110 45 12; 238 222 10 162 73 37 228 107; 222 110 38 73 205 12 69 159
39,"blk.39.ffn_up_exps.weight",4,8,256,238 162 10 138 154 235 46 201; 138 154 162 10 243 110 45 12; 238 222 10 162 73 37 228 107; 222 110 38 73 205 12 69 159
39,"blk.39.ffn_down_exps.weight",4,8,256,238 162 10 138 154 235 46 201; 138 154 162 10 243 110 45 12; 238 222 10 162 73 37 228 107; 222 110 38 73 205 12 69 159
0,"blk.0.ffn_gate_exps.weight",1,8,256,106 157 43 66 238 212 218 200
0,"blk.0.ffn_up_exps.weight",1,8,256,106 157 43 66 238 212 218 200
0,"blk.0.ffn_down_exps.weight",1,8,256,106 157 43 66 238 212 218 200
1,"blk.1.ffn_gate_exps.weight",1,8,256,112 19 224 86 147 250 129 242
1,"blk.1.ffn_up_exps.weight",1,8,256,112 19 224 86 147 250 129 242
1,"blk.1.ffn_down_exps.weight",1,8,256,112 19 224 86 147 250 129 242
2,"blk.2.ffn_gate_exps.weight",1,8,256,11 49 133 188 153 217 106 60
2,"blk.2.ffn_up_exps.weight",1,8,256,11 49 133 188 153 217 106 60
2,"blk.2.ffn_down_exps.weight",1,8,256,11 49 133 188 153 217 106 60
3,"blk.3.ffn_gate_exps.weight",1,8,256,19 214 159 44 39 166 215 94
3,"blk.3.ffn_up_exps.weight",1,8,256,19 214 159 44 39 166 215 94
3,"blk.3.ffn_down_exps.weight",1,8,256,19 214 159 44 39 166 215 94
4,"blk.4.ffn_gate_exps.weight",1,8,256,154 195 74 88 110 233 98 54
4,"blk.4.ffn_up_exps.weight",1,8,256,154 195 74 88 110 233 98 54
4,"blk.4.ffn_down_exps.weight",1,8,256,154 195 74 88 110 233 98 54
5,"blk.5.ffn_gate_exps.weight",1,8,256,110 158 88 60 44 43 205 71
5,"blk.5.ffn_up_exps.weight",1,8,256,110 158 88 60 44 43 205 71
5,"blk.5.ffn_down_exps.weight",1,8,256,110 158 88 60 44 43 205 71
6,"blk.6.ffn_gate_exps.weight",1,8,256,143 65 138 68 22 79 112 196
6,"blk.6.ffn_up_exps.weight",1,8,256,143 65 138 68 22 79 112 196
6,"blk.6.ffn_down_exps.weight",1,8,256,143 65 138 68 22 79 112 196
7,"blk.7.ffn_gate_exps.weight",1,8,256,229 14 191 36 203 35 78 147
7,"blk.7.ffn_up_exps.weight",1,8,256,229 14 191 36 203 35 78 147
7,"blk.7.ffn_down_exps.weight",1,8,256,229 14 191 36 203 35 78 147
8,"blk.8.ffn_gate_exps.weight",1,8,256,77 224 180 4 191 99 173 110
8,"blk.8.ffn_up_exps.weight",1,8,256,77 224 180 4 191 99 173 110
8,"blk.8.ffn_down_exps.weight",1,8,256,77 224 180 4 191 99 173 110
9,"blk.9.ffn_gate_exps.weight",1,8,256,2 59 156 161 243 20 189 197
9,"blk.9.ffn_up_exps.weight",1,8,256,2 59 156 161 243 20 189 197
9,"blk.9.ffn_down_exps.weight",1,8,256,2 59 156 161 243 20 189 197
10,"blk.10.ffn_gate_exps.weight",1,8,256,65 247 196 243 157 185 91 35
10,"blk.10.ffn_up_exps.weight",1,8,256,65 247 196 243 157 185 91 35
10,"blk.10.ffn_down_exps.weight",1,8,256,65 247 196 243 157 185 91 35
11,"blk.11.ffn_gate_exps.weight",1,8,256,107 206 27 160 128 108 239 150
11,"blk.11.ffn_up_exps.weight",1,8,256,107 206 27 160 128 108 239 150
11,"blk.11.ffn_down_exps.weight",1,8,256,107 206 27 160 128 108 239 150
12,"blk.12.ffn_gate_exps.weight",1,8,256,60 221 145 193 199 220 223 1
12,"blk.12.ffn_up_exps.weight",1,8,256,60 221 145 193 199 220 223 1
12,"blk.12.ffn_down_exps.weight",1,8,256,60 221 145 193 199 220 223 1
13,"blk.13.ffn_gate_exps.weight",1,8,256,89 202 182 44 66 134 160 47
13,"blk.13.ffn_up_exps.weight",1,8,256,89 202 182 44 66 134 160 47
13,"blk.13.ffn_down_exps.weight",1,8,256,89 202 182 44 66 134 160 47
14,"blk.14.ffn_gate_exps.weight",1,8,256,137 103 32 189 28 64 125 12
14,"blk.14.ffn_up_exps.weight",1,8,256,137 103 32 189 28 64 125 12
14,"blk.14.ffn_down_exps.weight",1,8,256,137 103 32 189 28 64 125 12
15,"blk.15.ffn_gate_exps.weight",1,8,256,165 185 229 88 242 58 87 250
15,"blk.15.ffn_up_exps.weight",1,8,256,165 185 229 88 242 58 87 250
15,"blk.15.ffn_down_exps.weight",1,8,256,165 185 229 88 242 58 87 250
16,"blk.16.ffn_gate_exps.weight",1,8,256,163 60 28 229 130 9 252 35
16,"blk.16.ffn_up_exps.weight",1,8,256,163 60 28 229 130 9 252 35
16,"blk.16.ffn_down_exps.weight",1,8,256,163 60 28 229 130 9 252 35
17,"blk.17.ffn_gate_exps.weight",1,8,256,248 64 35 87 22 5 241 0
17,"blk.17.ffn_up_exps.weight",1,8,256,248 64 35 87 22 5 241 0
17,"blk.17.ffn_down_exps.weight",1,8,256,248 64 35 87 22 5 241 0
18,"blk.18.ffn_gate_exps.weight",1,8,256,155 203 134 43 213 126 197 13
18,"blk.18.ffn_up_exps.weight",1,8,256,155 203 134 43 213 126 197 13
18,"blk.18.ffn_down_exps.weight",1,8,256,155 203 134 43 213 126 197 13
19,"blk.19.ffn_gate_exps.weight",1,8,256,225 207 20 121 201 30 109 167
19,"blk.19.ffn_up_exps.weight",1,8,256,225 207 20 121 201 30 109 167
19,"blk.19.ffn_down_exps.weight",1,8,256,225 207 20 121 201 30 109 167
20,"blk.20.ffn_gate_exps.weight",1,8,256,224 237 56 239 116 99 175 186
20,"blk.20.ffn_up_exps.weight",1,8,256,224 237 56 239 116 99 175 186
20,"blk.20.ffn_down_exps.weight",1,8,256,224 237 56 239 116 99 175 186
21,"blk.21.ffn_gate_exps.weight",1,8,256,156 2 95 170 239 243 197 18
21,"blk.21.ffn_up_exps.weight",1,8,256,156 2 95 170 239 243 197 18
21,"blk.21.ffn_down_exps.weight",1,8,256,156 2 95 170 239 243 197 18
22,"blk.22.ffn_gate_exps.weight",1,8,256,243 35 176 247 65 185 125 91
22,"blk.22.ffn_up_exps.weight",1,8,256,243 35 176 247 65 185 125 91
22,"blk.22.ffn_down_exps.weight",1,8,256,243 35 176 247 65 185 125 91
23,"blk.23.ffn_gate_exps.weight",1,8,256,27 160 150 128 206 108 226 239
23,"blk.23.ffn_up_exps.weight",1,8,256,27 160 150 128 206 108 226 239
23,"blk.23.ffn_down_exps.weight",1,8,256,27 160 150 128 206 108 226 239
24,"blk.24.ffn_gate_exps.weight",1,8,256,60 221 145 0 193 167 1 199
24,"blk.24.ffn_up_exps.weight",1,8,256,60 221 145 0 193 167 1 199
24,"blk.24.ffn_down_exps.weight",1,8,256,60 221 145 0 193 167 1 199
25,"blk.25.ffn_gate_exps.weight",1,8,256,89 182 44 202 78 220 255 138
25,"blk.25.ffn_up_exps.weight",1,8,256,89 182 44 202 78 220 255 138
25,"blk.25.ffn_down_exps.weight",1,8,256,89 182 44 202 78 220 255 138
26,"blk.26.ffn_gate_exps.weight",1,8,256,137 71 103 189 88 32 105 28
26,"blk.26.ffn_up_exps.weight",1,8,256,137 71 103 189 88 32 105 28
26,"blk.26.ffn_down_exps.weight",1,8,256,137 71 103 189 88 32 105 28
27,"blk.27.ffn_gate_exps.weight",1,8,256,165 242 229 185 204 58 87 217
27,"blk.27.ffn_up_exps.weight",1,8,256,165 242 229 185 204 58 87 217
27,"blk.27.ffn_down_exps.weight",1,8,256,165 242 229 185 204 58 87 217
28,"blk.28.ffn_gate_exps.weight",1,8,256,229 205 163 152 9 252 150 60
28,"blk.28.ffn_up_exps.weight",1,8,256,229 205 163 152 9 252 150 60
28,"blk.28.ffn_down_exps.weight",1,8,256,229 205 163 152 9 252 150 60
29,"blk.29.ffn_gate_exps.weight",1,8,256,22 241 248 64 15 46 87 16
29,"blk.29.ffn_up_exps.weight",1,8,256,22 241 248 64 15 46 87 16
29,"blk.29.ffn_down_exps.weight",1,8,256,22 241 248 64 15 46 87 16
30,"blk.30.ffn_gate_exps.weight",1,8,256,126 155 43 134 163 203 174 182
30,"blk.30.ffn_up_exps.weight",1,8,256,126 155 43 134 163 203 174 182
30,"blk.30.ffn_down_exps.weight",1,8,256,126 155 43 134 163 203 174 182
31,"blk.31.ffn_gate_exps.weight",1,8,256,207 201 41 75 20 121 154 36
31,"blk.31.ffn_up_exps.weight",1,8,256,207 201 41 75 20 121 154 36
31,"blk.31.ffn_down_exps.weight",1,8,256,207 201 41 75 20 121 154 36
32,"blk.32.ffn_gate_exps.weight",1,8,256,112 192 150 160 68 252 185 106
32,"blk.32.ffn_up_exps.weight",1,8,256,112 192 150 160 68 252 185 106
32,"blk.32.ffn_down_exps.weight",1,8,256,112 192 150 160 68 252 185 106
33,"blk.33.ffn_gate_exps.weight",1,8,256,43 72 127 9 92 164 39 182
33,"blk.33.ffn_up_exps.weight",1,8,256,43 72 127 9 92 164 39 182
33,"blk.33.ffn_down_exps.weight",1,8,256,43 72 127 9 92 164 39 182
34,"blk.34.ffn_gate_exps.weight",1,8,256,9 63 85 105 86 92 186 45
34,"blk.34.ffn_up_exps.weight",1,8,256,9 63 85 105 86 92 186 45
34,"blk.34.ffn_down_exps.weight",1,8,256,9 63 85 105 86 92 186 45
35,"blk.35.ffn_gate_exps.weight",1,8,256,22 84 72 43 135 174 112 18
35,"blk.35.ffn_up_exps.weight",1,8,256,22 84 72 43 135 174 112 18
35,"blk.35.ffn_down_exps.weight",1,8,256,22 84 72 43 135 174 112 18
36,"blk.36.ffn_gate_exps.weight",1,8,256,45 14 75 221 73 55 110 136
36,"blk.36.ffn_up_exps.weight",1,8,256,45 14 75 221 73 55 110 136
36,"blk.36.ffn_down_exps.weight",1,8,256,45 14 75 221 73 55 110 136
37,"blk.37.ffn_gate_exps.weight",1,8,256,72 88 56 23 219 71 165 141
37,"blk.37.ffn_up_exps.weight",1,8,256,72 88 56 23 219 71 165 141
37,"blk.37.ffn_down_exps.weight",1,8,256,72 88 56 23 219 71 165 141
38,"blk.38.ffn_gate_exps.weight",1,8,256,120 195 104 43 209 190 193 249
38,"blk.38.ffn_up_exps.weight",1,8,256,120 195 104 43 209 190 193 249
38,"blk.38.ffn_down_exps.weight",1,8,256,120 195 104 43 209 190 193 249
39,"blk.39.ffn_gate_exps.weight",1,8,256,162 45 107 63 222 37 114 127
39,"blk.39.ffn_up_exps.weight",1,8,256,162 45 107 63 222 37 114 127
39,"blk.39.ffn_down_exps.weight",1,8,256,162 45 107 63 222 37 114 127
0,"blk.0.ffn_gate_exps.weight",1,8,256,210 93 228 14 84 57 102 88
0,"blk.0.ffn_up_exps.weight",1,8,256,210 93 228 14 84 57 102 88
0,"blk.0.ffn_down_exps.weight",1,8,256,210 93 228 14 84 57 102 88
1,"blk.1.ffn_gate_exps.weight",1,8,256,195 182 251 29 3 127 33 100
1,"blk.1.ffn_up_exps.weight",1,8,256,195 182 251 29 3 127 33 100
1,"blk.1.ffn_down_exps.weight",1,8,256,195 182 251 29 3 127 33 100
2,"blk.2.ffn_gate_exps.weight",1,8,256,49 11 217 133 153 64 33 94
2,"blk.2.ffn_up_exps.weight",1,8,256,49 11 217 133 153 64 33 94
2,"blk.2.ffn_down_exps.weight",1,8,256,49 11 217 133 153 64 33 94
3,"blk.3.ffn_gate_exps.weight",1,8,256,19 214 246 225 70 116 20 166
3,"blk.3.ffn_up_exps.weight",1,8,256,19 214 246 225 70 116 20 166
3,"blk.3.ffn_down_exps.weight",1,8,256,19 214 246 225 70 116 20 166
4,"blk.4.ffn_gate_exps.weight",1,8,256,74 195 79 154 88 58 182 229
4,"blk.4.ffn_up_exps.weight",1,8,256,74 195 79 154 88 58 182 229
4,"blk.4.ffn_down_exps.weight",1,8,256,74 195 79 154 88 58 182 229
5,"blk.5.ffn_gate_exps.weight",1,8,256,110 158 88 147 11 44 15 71
5,"blk.5.ffn_up_exps.weight",1,8,256,110 158 88 147 11 44 15 71
5,"blk.5.ffn_down_exps.weight",1,8,256,110 158 88 147 11 44 15 71
6,"blk.6.ffn_gate_exps.weight",1,8,256,143 65 138 226 97 133 112 36
6,"blk.6.ffn_up_exps.weight",1,8,256,143 65 138 226 97 133 112 36
6,"blk.6.ffn_down_exps.weight",1,8,256,143 65 138 226 97 133 112 36
7,"blk.7.ffn_gate_exps.weight",1,8,256,203 229 78 191 35 208 14 159
7,"blk.7.ffn_up_exps.weight",1,8,256,203 229 78 191 35 208 14 159
7,"blk.7.ffn_down_exps.weight",1,8,256,203 229 78 191 35 208 14 159
8,"blk.8.ffn_gate_exps.weight",1,8,256,4 173 224 20 180 61 52 191
8,"blk.8.ffn_up_exps.weight",1,8,256,4 173 224 20 180 61 52 191
8,"blk.8.ffn_down_exps.weight",1,8,256,4 173 224 20 180 61 52 191
9,"blk.9.ffn_gate_exps.weight",1,8,256,59 156 200 121 45 255 197 170
9,"blk.9.ffn_up_exps.weight",1,8,256,59 156 200 121 45 255 197 170
9,"blk.9.ffn_down_exps.weight",1,8,256,59 156 200 121 45 255 197 170
10,"blk.10.ffn_gate_exps.weight",1,8,256,196 65 247 133 243 185 95 157
10,"blk.10.ffn_up_exps.weight",1,8,256,196 65 247 133 243 185 95 157
10,"blk.10.ffn_down_exps.weight",1,8,256,196 65 247 133 243 185 95 157
11,"blk.11.ffn_gate_exps.weight",1,8,256,27 150 239 160 89 107 192 226
11,"blk.11.ffn_up_exps.weight",1,8,256,27 150 239 160 89 107 192 226
11,"blk.11.ffn_down_exps.weight",1,8,256,27 150 239 160 89 107 192 226
12,"blk.12.ffn_gate_exps.weight",1,8,256,60 193 199 169 99 16 0 221
12,"blk.12.ffn_up_exps.weight",1,8,256,60 193 199 169 99 16 0 221
12,"blk.12.ffn_down_exps.weight",1,8,256,60 193 199 169 99 16 0 221
13,"blk.13.ffn_gate_exps.weight",1,8,256,89 44 243 3 202 182 149 171
13,"blk.13.ffn_up_exps.weight",1,8,256,89 44 243 3 202 182 149 171
13,"blk.13.ffn_down_exps.weight",1,8,256,89 44 243 3 202 182 149 171
14,"blk.14.ffn_gate_exps.weight",1,8,256,230 71 103 12 191 177 41 236
14,"blk.14.ffn_up_exps.weight",1,8,256,230 71 103 12 191 177 41 236
14,"blk.14.ffn_down_exps.weight",1,8,256,230 71 103 12 191 177 41 236
15,"blk.15.ffn_gate_exps.weight",1,8,256,153 229 183 83 191 196 244 108
15,"blk.15.ffn_up_exps.weight",1,8,256,153 229 183 83 191 196 244 108
15,"blk.15.ffn_down_exps.weight",1,8,256,153 229 183 83 191 196 244 108
16,"blk.16.ffn_gate_exps.weight",1,8,256,163 88 126 75 227 144 60 166
16,"blk.16.ffn_up_exps.weight",1,8,256,163 88 126 75 227 144 60 166
16,"blk.16.ffn_down_exps.weight",1,8,256,163 88 126 75 227 144 60 166
17,"blk.17.ffn_gate_exps.weight",1,8,256,248 167 86 208 241 15 247 134
17,"blk.17.ffn_up_exps.weight",1,8,256,248 167 86 208 241 15 247 134
17,"blk.17.ffn_down_exps.weight",1,8,256,248 167 86 208 241 15 247 134
18,"blk.18.ffn_gate_exps.weight",1,8,256,217 155 201 126 174 134 156 30
18,"blk.18.ffn_up_exps.weight",1,8,256,217 155 201 126 174 134 156 30
18,"blk.18.ffn_down_exps.weight",1,8,256,217 155 201 126 174 134 156 30
19,"blk.19.ffn_gate_exps.weight",1,8,256,207 173 41 221 201 154 36 121
19,"blk.19.ffn_up_exps.weight",1,8,256,207 173 41 221 201 154 36 121
19,"blk.19.ffn_down_exps.weight",1,8,256,207 173 41 221 201 154 36 121
20,"blk.20.ffn_gate_exps.weight",1,8,256,237 17 175 18 223 11 235 104
20,"blk.20.ffn_up_exps.weight",1,8,256,237 17 175 18 223 11 235 104
20,"blk.20.ffn_down_exps.weight",1,8,256,237 17 175 18 223 11 235 104
21,"blk.21.ffn_gate_exps.weight",1,8,256,18 156 201 246 127 194 45 113
21,"blk.21.ffn_up_exps.weight",1,8,256,18 156 201 246 127 194 45 113
21,"blk.21.ffn_down_exps.weight",1,8,256,18 156 201 246 127 194 45 113
22,"blk.22.ffn_gate_exps.weight",1,8,256,48 243 203 95 249 133 65 35
22,"blk.22.ffn_up_exps.weight",1,8,256,48 243 203 95 249 133 65 35
22,"blk.22.ffn_down_exps.weight",1,8,256,48 243 203 95 249 133 65 35
23,"blk.23.ffn_gate_exps.weight",1,8,256,150 239 89 160 16 226 193 92
23,"blk.23.ffn_up_exps.weight",1,8,256,150 239 89 160 16 226 193 92
23,"blk.23.ffn_down_exps.weight",1,8,256,150 239 89 160 16 226 193 92
24,"blk.24.ffn_gate_exps.weight",1,8,256,0 60 76 167 99 199 100 77
24,"blk.24.ffn_up_exps.weight",1,8,256,0 60 76 167 99 199 100 77
24,"blk.24.ffn_down_exps.weight",1,8,256,0 60 76 167 99 199 100 77
25,"blk.25.ffn_gate_exps.weight",1,8,256,243 89 44 255 52 171 78 135
25,"blk.25.ffn_up_exps.weight",1,8,256,243 89 44 255 52 171 78 135
25,"blk.25.ffn_down_exps.weight",1,8,256,243 89 44 255 52 171 78 135
26,"blk.26.ffn_gate_exps.weight",1,8,256,71 230 229 12 236 189 177 140
26,"blk.26.ffn_up_exps.weight",1,8,256,71 230 229 12 236 189 177 140
26,"blk.26.ffn_down_exps.weight",1,8,256,71 230 229 12 236 189 177 140
27,"blk.27.ffn_gate_exps.weight",1,8,256,183 137 244 29 225 53 82 150
27,"blk.27.ffn_up_exps.weight",1,8,256,183 137 244 29 225 53 82 150
27,"blk.27.ffn_down_exps.weight",1,8,256,183 137 244 29 225 53 82 150
28,"blk.28.ffn_gate_exps.weight",1,8,256,126 166 205 163 75 213 93 152
28,"blk.28.ffn_up_exps.weight",1,8,256,126 166 205 163 75 213 93 152
28,"blk.28.ffn_down_exps.weight",1,8,256,126 166 205 163 75 213 93 152
29,"blk.29.ffn_gate_exps.weight",1,8,256,248 241 15 247 111 167 93 33
29,"blk.29.ffn_up_exps.weight",1,8,256,248 241 15 247 111 167 93 33
29,"blk.29.ffn_down_exps.weight",1,8,256,248 241 15 247 111 167 93 33
30,"blk.30.ffn_gate_exps.weight",1,8,256,126 155 174 201 75 161 43 134
30,"blk.30.ffn_up_exps.weight",1,8,256,126 155 174 201 75 161 43 134
30,"blk.30.ffn_down_exps.weight",1,8,256,126 155 174 201 75 161 43 134
31,"blk.31.ffn_gate_exps.weight",1,8,256,207 41 201 36 194 75 221 141
31,"blk.31.ffn_up_exps.weight",1,8,256,207 41 201 36 194 75 221 141
31,"blk.31.ffn_down_exps.weight",1,8,256,207 41 201 36 194 75 221 141
32,"blk.32.ffn_gate_exps.weight",1,8,256,150 68 112 38 160 184 250 95
32,"blk.32.ffn_up_exps.weight",1,8,256,150 68 112 38 160 184 250 95
32,"blk.32.ffn_down_exps.weight",1,8,256,150 68 112 38 160 184 250 95
33,"blk.33.ffn_gate_exps.weight",1,8,256,9 71 72 127 43 0 27 32
33,"blk.33.ffn_up_exps.weight",1,8,256,9 71 72 127 43 0 27 32
33,"blk.33.ffn_down_exps.weight",1,8,256,9 71 72 127 43 0 27 32
34,"blk.34.ffn_gate_exps.weight",1,8,256,63 105 204 9 199 15 92 113
34,"blk.34.ffn_up_exps.weight",1,8,256,63 105 204 9 199 15 92 113
34,"blk.34.ffn_down_exps.weight",1,8,256,63 105 204 9 199 15 92 113
35,"blk.35.ffn_gate_exps.weight",1,8,256,22 43 174 72 119 225 124 135
35,"blk.35.ffn_up_exps.weight",1,8,256,22 43 174 72 119 225 124 135
35,"blk.35.ffn_down_exps.weight",1,8,256,22 43 174 72 119 225 124 135
36,"blk.36.ffn_gate_exps.weight",1,8,256,75 45 110 221 201 73 14 141
36,"blk.36.ffn_up_exps.weight",1,8,256,75 45 110 221 201 73 14 141
36,"blk.36.ffn_down_exps.weight",1,8,256,75 45 110 221 201 73 14 141
37,"blk.37.ffn_gate_exps.weight",1,8,256,23 72 165 245 55 219 77 62
37,"blk.37.ffn_up_exps.weight",1,8,256,23 72 165 245 55 219 77 62
37,"blk.37.ffn_down_exps.weight",1,8,256,23 72 165 245 55 219 77 62
38,"blk.38.ffn_gate_exps.weight",1,8,256,120 209 173 88 193 236 182 176
38,"blk.38.ffn_up_exps.weight",1,8,256,120 209 173 88 193 236 182 176
38,"blk.38.ffn_down_exps.weight",1,8,256,120 209 173 88 193 236 182 176
39,"blk.39.ffn_gate_exps.weight",1,8,256,162 107 45 106 10 222 166 98
39,"blk.39.ffn_up_exps.weight",1,8,256,162 107 45 106 10 222 166 98
39,"blk.39.ffn_down_exps.weight",1,8,256,162 107 45 106 10 222 166 98
0,"blk.0.ffn_gate_exps.weight",1,8,256,136 180 14 78 241 238 56 68
0,"blk.0.ffn_up_exps.weight",1,8,256,136 180 14 78 241 238 56 68
0,"blk.0.ffn_down_exps.weight",1,8,256,136 180 14 78 241 238 56 68
1,"blk.1.ffn_gate_exps.weight",1,8,256,94 234 127 107 147 172 102 16
1,"blk.1.ffn_up_exps.weight",1,8,256,94 234 127 107 147 172 102 16
1,"blk.1.ffn_down_exps.weight",1,8,256,94 234 127 107 147 172 102 16
2,"blk.2.ffn_gate_exps.weight",1,8,256,153 41 217 1 172 237 189 179
2,"blk.2.ffn_up_exps.weight",1,8,256,153 41 217 1 172 237 189 179
2,"blk.2.ffn_down_exps.weight",1,8,256,153 41 217 1 172 237 189 179
3,"blk.3.ffn_gate_exps.weight",1,8,256,246 255 19 3 216 12 225 39
3,"blk.3.ffn_up_exps.weight",1,8,256,246 255 19 3 216 12 225 39
3,"blk.3.ffn_down_exps.weight",1,8,256,246 255 19 3 216 12 225 39
4,"blk.4.ffn_gate_exps.weight",1,8,256,79 127 154 110 253 150 58 185
4,"blk.4.ffn_up_exps.weight",1,8,256,79 127 154 110 253 150 58 185
4,"blk.4.ffn_down_exps.weight",1,8,256,79 127 154 110 253 150 58 185
5,"blk.5.ffn_gate_exps.weight",1,8,256,139 46 244 113 75 63 174 149
5,"blk.5.ffn_up_exps.weight",1,8,256,139 46 244 113 75 63 174 149
5,"blk.5.ffn_down_exps.weight",1,8,256,139 46 244 113 75 63 174 149
6,"blk.6.ffn_gate_exps.weight",1,8,256,25 71 189 223 246 21 34 32
6,"blk.6.ffn_up_exps.weight",1,8,256,25 71 189 223 246 21 34 32
6,"blk.6.ffn_down_exps.weight",1,8,256,25 71 189 223 246 21 34 32
7,"blk.7.ffn_gate_exps.weight",1,8,256,130 245 62 154 95 119 220 218
7,"blk.7.ffn_up_exps.weight",1,8,256,130 245 62 154 95 119 220 218
7,"blk.7.ffn_down_exps.weight",1,8,256,130 245 62 154 95 119 220 218
8,"blk.8.ffn_gate_exps.weight",1,8,256,224 124 186 72 193 151 201 95
8,"blk.8.ffn_up_exps.weight",1,8,256,224 124 186 72 193 151 201 95
8,"blk.8.ffn_down_exps.weight",1,8,256,224 124 186 72 193 151 201 95
9,"blk.9.ffn_gate_exps.weight",1,8,256,162 128 95 189 44 243 81 121
9,"blk.9.ffn_up_exps.weight",1,8,256,162 128 95 189 44 243 81 121
9,"blk.9.ffn_down_exps.weight",1,8,256,162 128 95 189 44 243 81 121
10,"blk.10.ffn_gate_exps.weight",1,8,256,194 70 143 20 254 146 103 42
10,"blk.10.ffn_up_exps.weight",1,8,256,194 70 143 20 254 146 103 42
10,"blk.10.ffn_down_exps.weight",1,8,256,194 70 143 20 254 146 103 42
11,"blk.11.ffn_gate_exps.weight",1,8,256,191 208 56 225 12 71 26 212
11,"blk.11.ffn_up_exps.weight",1,8,256,191 208 56 225 12 71 26 212
11,"blk.11.ffn_down_exps.weight",1,8,256,191 208 56 225 12 71 26 212
12,"blk.12.ffn_gate_exps.weight",1,8,256,60 173 42 107 219 50 39 125
12,"blk.12.ffn_up_exps.weight",1,8,256,60 173 42 107 219 50 39 125
12,"blk.12.ffn_down_exps.weight",1,8,256,60 173 42 107 219 50 39 125
13,"blk.13.ffn_gate_exps.weight",1,8,256,70 228 66 244 202 110 175 194
13,"blk.13.ffn_up_exps.weight",1,8,256,70 228 66 244 202 110 175 194
13,"blk.13.ffn_down_exps.weight",1,8,256,70 228 66 244 202 110 175 194
14,"blk.14.ffn_gate_exps.weight",1,8,256,225 17 67 63 14 218 66 54
14,"blk.14.ffn_up_exps.weight",1,8,256,225 17 67 63 14 218 66 54
14,"blk.14.ffn_down_exps.weight",1,8,256,225 17 67 63 14 218 66 54
15,"blk.15.ffn_gate_exps.weight",1,8,256,54 12 6 133 155 206 182 126
15,"blk.15.ffn_up_exps.weight",1,8,256,54 12 6 133 155 206 182 126
15,"blk.15.ffn_down_exps.weight",1,8,256,54 12 6 133 155 206 182 126
16,"blk.16.ffn_gate_exps.weight",1,8,256,40 130 234 60 233 250 59 114
16,"blk.16.ffn_up_exps.weight",1,8,256,40 130 234 60 233 250 59 114
16,"blk.16.ffn_down_exps.weight",1,8,256,40 130 234 60 233 250 59 114
17,"blk.17.ffn_gate_exps.weight",1,8,256,100 129 64 230 220 71 170 232
17,"blk.17.ffn_up_exps.weight",1,8,256,100 129 64 230 220 71 170 232
17,"blk.17.ffn_down_exps.weight",1,8,256,100 129 64 230 220 71 170 232
18,"blk.18.ffn_gate_exps.weight",1,8,256,30 121 116 87 209 251 166 182
18,"blk.18.ffn_up_exps.weight",1,8,256,30 121 116 87 209 251 166 182
18,"blk.18.ffn_down_exps.weight",1,8,256,30 121 116 87 209 251 166 182
19,"blk.19.ffn_gate_exps.weight",1,8,256,14 35 96 230 226 30 48 215
19,"blk.19.ffn_up_exps.weight",1,8,256,14 35 96 230 226 30 48 215
19,"blk.19.ffn_down_exps.weight",1,8,256,14 35 96 230 226 30 48 215
20,"blk.20.ffn_gate_exps.weight",1,8,256,194 72 193 224 186 95 124 48
20,"blk.20.ffn_up_exps.weight",1,8,256,194 72 193 224 186 95 124 48
20,"blk.20.ffn_down_exps.weight",1,8,256,194 72 193 224 186 95 124 48
21,"blk.21.ffn_gate_exps.weight",1,8,256,128 107 95 0 32 137 65 255
21,"blk.21.ffn_up_exps.weight",1,8,256,128 107 95 0 32 137 65 255
21,"blk.21.ffn_down_exps.weight",1,8,256,128 107 95 0 32 137 65 255
22,"blk.22.ffn_gate_exps.weight",1,8,256,194 187 70 160 20 91 144 143
22,"blk.22.ffn_up_exps.weight",1,8,256,194 187 70 160 20 91 144 143
22,"blk.22.ffn_down_exps.weight",1,8,256,194 187 70 160 20 91 144 143
23,"blk.23.ffn_gate_exps.weight",1,8,256,191 225 56 80 248 71 146 46
23,"blk.23.ffn_up_exps.weight",1,8,256,191 225 56 80 248 71 146 46
23,"blk.23.ffn_down_exps.weight",1,8,256,191 225 56 80 248 71 146 46
24,"blk.24.ffn_gate_exps.weight",1,8,256,219 50 42 60 173 107 125 1
24,"blk.24.ffn_up_exps.weight",1,8,256,219 50 42 60 173 107 125 1
24,"blk.24.ffn_down_exps.weight",1,8,256,219 50 42 60 173 107 125 1
25,"blk.25.ffn_gate_exps.weight",1,8,256,70 166 120 66 202 228 157 149
25,"blk.25.ffn_up_exps.weight",1,8,256,70 166 120 66 202 228 157 149
25,"blk.25.ffn_down_exps.weight",1,8,256,70 166 120 66 202 228 157 149
26,"blk.26.ffn_gate_exps.weight",1,8,256,17 63 67 97 54 242 119 218
26,"blk.26.ffn_up_exps.weight",1,8,256,17 63 67 97 54 242 119 218
26,"blk.26.ffn_down_exps.weight",1,8,256,17 63 67 97 54 242 119 218
27,"blk.27.ffn_gate_exps.weight",1,8,256,182 139 26 155 6 44 9 54
27,"blk.27.ffn_up_exps.weight",1,8,256,182 139 26 155 6 44 9 54
27,"blk.27.ffn_down_exps.weight",1,8,256,182 139 26 155 6 44 9 54
28,"blk.28.ffn_gate_exps.weight",1,8,256,74 60 228 137 250 130 247 18
28,"blk.28.ffn_up_exps.weight",1,8,256,74 60 228 137 250 130 247 18
28,"blk.28.ffn_down_exps.weight",1,8,256,74 60 228 137 250 130 247 18
29,"blk.29.ffn_gate_exps.weight",1,8,256,100 220 150 232 60 145 117 71
29,"blk.29.ffn_up_exps.weight",1,8,256,100 220 150 232 60 145 117 71
29,"blk.29.ffn_down_exps.weight",1,8,256,100 220 150 232 60 145 117 71
30,"blk.30.ffn_gate_exps.weight",1,8,256,121 251 13 84 30 182 212 220
30,"blk.30.ffn_up_exps.weight",1,8,256,121 251 13 84 30 182 212 220
30,"blk.30.ffn_down_exps.weight",1,8,256,121 251 13 84 30 182 212 220
31,"blk.31.ffn_gate_exps.weight",1,8,256,14 94 203 96 173 80 66 132
31,"blk.31.ffn_up_exps.weight",1,8,256,14 94 203 96 173 80 66 132
31,"blk.31.ffn_down_exps.weight",1,8,256,14 94 203 96 173 80 66 132
32,"blk.32.ffn_gate_exps.weight",1,8,256,33 101 184 51 50 214 191 61
32,"blk.32.ffn_up_exps.weight",1,8,256,33 101 184 51 50 214 191 61
32,"blk.32.ffn_down_exps.weight",1,8,256,33 101 184 51 50 214 191 61
33,"blk.33.ffn_gate_exps.weight",1,8,256,192 154 12 165 81 15 181 250
33,"blk.33.ffn_up_exps.weight",1,8,256,192 154 12 165 81 15 181 250
33,"blk.33.ffn_down_exps.weight",1,8,256,192 154 12 165 81 15 181 250
34,"blk.34.ffn_gate_exps.weight",1,8,256,16 181 247 33 55 130 40 102
34,"blk.34.ffn_up_exps.weight",1,8,256,16 181 247 33 55 130 40 102
34,"blk.34.ffn_down_exps.weight",1,8,256,16 181 247 33 55 130 40 102
35,"blk.35.ffn_gate_exps.weight",1,8,256,89 96 29 180 104 16 62 167
35,"blk.35.ffn_up_exps.weight",1,8,256,89 96 29 180 104 16 62 167
35,"blk.35.ffn_down_exps.weight",1,8,256,89 96 29 180 104 16 62 167
36,"blk.36.ffn_gate_exps.weight",1,8,256,110 203 10 176 77 193 223 74
36,"blk.36.ffn_up_exps.weight",1,8,256,110 203 10 176 77 193 223 74
36,"blk.36.ffn_down_exps.weight",1,8,256,110 203 10 176 77 193 223 74
37,"blk.37.ffn_gate_exps.weight",1,8,256,97 32 55 124 140 103 7 28
37,"blk.37.ffn_up_exps.weight",1,8,256,97 32 55 124 140 103 7 28
37,"blk.37.ffn_down_exps.weight",1,8,256,97 32 55 124 140 103 7 28
38,"blk.38.ffn_gate_exps.weight",1,8,256,120 103 204 209 173 150 43 149
38,"blk.38.ffn_up_exps.weight",1,8,256,120 103 204 209 173 150 43 149
38,"blk.38.ffn_down_exps.weight",1,8,256,120 103 204 209 173 150 43 149
39,"blk.39.ffn_gate_exps.weight",1,8,256,120 10 134 201 109 67 148 191
39,"blk.39.ffn_up_exps.weight",1,8,256,120 10 134 201 109 67 148 191
39,"blk.39.ffn_down_exps.weight",1,8,256,120 10 134 201 109 67 148 191
0,"blk.0.ffn_gate_exps.weight",1,8,256,134 36 124 151 175 231 188 144
0,"blk.0.ffn_up_exps.weight",1,8,256,134 36 124 151 175 231 188 144
0,"blk.0.ffn_down_exps.weight",1,8,256,134 36 124 151 175 231 188 144
1,"blk.1.ffn_gate_exps.weight",1,8,256,113 245 101 254 118 33 7 85
1,"blk.1.ffn_up_exps.weight",1,8,256,113 245 101 254 118 33 7 85
1,"blk.1.ffn_down_exps.weight",1,8,256,113 245 101 254 118 33 7 85
2,"blk.2.ffn_gate_exps.weight",1,8,256,64 237 153 150 182 117 94 106
2,"blk.2.ffn_up_exps.weight",1,8,256,64 237 153 150 182 117 94 106
2,"blk.2.ffn_down_exps.weight",1,8,256,64 237 153 150 182 117 94 106
3,"blk.3.ffn_gate_exps.weight",1,8,256,87 25 202 199 159 225 246 124
3,"blk.3.ffn_up_exps.weight",1,8,256,87 25 202 199 159 225 246 124
3,"blk.3.ffn_down_exps.weight",1,8,256,87 25 202 199 159 225 246 124
4,"blk.4.ffn_gate_exps.weight",1,8,256,154 24 253 89 127 192 79 50
4,"blk.4.ffn_up_exps.weight",1,8,256,154 24 253 89 127 192 79 50
4,"blk.4.ffn_down_exps.weight",1,8,256,154 24 253 89 127 192 79 50
5,"blk.5.ffn_gate_exps.weight",1,8,256,158 110 86 15 251 81 190 205
5,"blk.5.ffn_up_exps.weight",1,8,256,158 110 86 15 251 81 190 205
5,"blk.5.ffn_down_exps.weight",1,8,256,158 110 86 15 251 81 190 205
6,"blk.6.ffn_gate_exps.weight",1,8,256,143 138 112 98 226 65 82 119
6,"blk.6.ffn_up_exps.weight",1,8,256,143 138 112 98 226 65 82 119
6,"blk.6.ffn_down_exps.weight",1,8,256,143 138 112 98 226 65 82 119
7,"blk.7.ffn_gate_exps.weight",1,8,256,191 229 208 155 35 203 125 111
7,"blk.7.ffn_up_exps.weight",1,8,256,191 229 208 155 35 203 125 111
7,"blk.7.ffn_down_exps.weight",1,8,256,191 229 208 155 35 203 125 111
8,"blk.8.ffn_gate_exps.weight",1,8,256,224 98 20 92 61 184 191 151
8,"blk.8.ffn_up_exps.weight",1,8,256,224 98 20 92 61 184 191 151
8,"blk.8.ffn_down_exps.weight",1,8,256,224 98 20 92 61 184 191 151
9,"blk.9.ffn_gate_exps.weight",1,8,256,59 243 20 121 189 200 255 45
9,"blk.9.ffn_up_exps.weight",1,8,256,59 243 20 121 189 200 255 45
9,"blk.9.ffn_down_exps.weight",1,8,256,59 243 20 121 189 200 255 45
10,"blk.10.ffn_gate_exps.weight",1,8,256,133 196 95 243 185 247 80 65
10,"blk.10.ffn_up_exps.weight",1,8,256,133 196 95 243 185 247 80 65
10,"blk.10.ffn_down_exps.weight",1,8,256,133 196 95 243 185 247 80 65
11,"blk.11.ffn_gate_exps.weight",1,8,256,78 239 213 89 160 75 150 124
11,"blk.11.ffn_up_exps.weight",1,8,256,78 239 213 89 160 75 150 124
11,"blk.11.ffn_down_exps.weight",1,8,256,78 239 213 89 160 75 150 124
12,"blk.12.ffn_gate_exps.weight",1,8,256,76 99 60 16 193 232 221 70
12,"blk.12.ffn_up_exps.weight",1,8,256,76 99 60 16 193 232 221 70
12,"blk.12.ffn_down_exps.weight",1,8,256,76 99 60 16 193 232 221 70
13,"blk.13.ffn_gate_exps.weight",1,8,256,89 44 132 149 84 171 243 55
13,"blk.13.ffn_up_exps.weight",1,8,256,89 44 132 149 84 171 243 55
13,"blk.13.ffn_down_exps.weight",1,8,256,89 44 132 149 84 171 243 55
14,"blk.14.ffn_gate_exps.weight",1,8,256,71 140 189 0 103 123 166 125
14,"blk.14.ffn_up_exps.weight",1,8,256,71 140 189 0 103 123 166 125
14,"blk.14.ffn_down_exps.weight",1,8,256,71 140 189 0 103 123 166 125
15,"blk.15.ffn_gate_exps.weight",1,8,256,229 244 69 150 225 83 42 70
15,"blk.15.ffn_up_exps.weight",1,8,256,229 244 69 150 225 83 42 70
15,"blk.15.ffn_down_exps.weight",1,8,256,229 244 69 150 225 83 42 70
16,"blk.16.ffn_gate_exps.weight",1,8,256,245 163 247 144 126 205 14 60
16,"blk.16.ffn_up_exps.weight",1,8,256,245 163 247 144 126 205 14 60
16,"blk.16.ffn_down_exps.weight",1,8,256,245 163 247 144 126 205 14 60
17,"blk.17.ffn_gate_exps.weight",1,8,256,248 15 86 96 208 241 125 22
17,"blk.17.ffn_up_exps.weight",1,8,256,248 15 86 96 208 241 125 22
17,"blk.17.ffn_down_exps.weight",1,8,256,248 15 86 96 208 241 125 22
18,"blk.18.ffn_gate_exps.weight",1,8,256,201 126 174 199 94 213 155 75
18,"blk.18.ffn_up_exps.weight",1,8,256,201 126 174 199 94 213 155 75
18,"blk.18.ffn_down_exps.weight",1,8,256,201 126 174 199 94 213 155 75
19,"blk.19.ffn_gate_exps.weight",1,8,256,173 207 41 44 201 221 194 36
19,"blk.19.ffn_up_exps.weight",1,8,256,173 207 41 44 201 221 194 36
19,"blk.19.ffn_down_exps.weight",1,8,256,173 207 41 44 201 221 194 36
20,"blk.20.ffn_gate_exps.weight",1,8,256,17 18 235 224 92 175 50 8
20,"blk.20.ffn_up_exps.weight",1,8,256,17 18 235 224 92 175 50 8
20,"blk.20.ffn_down_exps.weight",1,8,256,17 18 235 224 92 175 50 8
21,"blk.21.ffn_gate_exps.weight",1,8,256,232 155 136 45 184 246 18 201
21,"blk.21.ffn_up_exps.weight",1,8,256,232 155 136 45 184 246 18 201
21,"blk.21.ffn_down_exps.weight",1,8,256,232 155 136 45 184 246 18 201
22,"blk.22.ffn_gate_exps.weight",1,8,256,203 133 95 48 80 185 145 214
22,"blk.22.ffn_up_exps.weight",1,8,256,203 133 95 48 80 185 145 214
22,"blk.22.ffn_down_exps.weight",1,8,256,203 133 95 48 80 185 145 214
23,"blk.23.ffn_gate_exps.weight",1,8,256,78 213 150 16 193 143 92 89
23,"blk.23.ffn_up_exps.weight",1,8,256,78 213 150 16 193 143 92 89
23,"blk.23.ffn_down_exps.weight",1,8,256,78 213 150 16 193 143 92 89
24,"blk.24.ffn_gate_exps.weight",1,8,256,76 99 167 58 60 218 193 68
24,"blk.24.ffn_up_exps.weight",1,8,256,76 99 167 58 60 218 193 68
24,"blk.24.ffn_down_exps.weight",1,8,256,76 99 167 58 60 218 193 68
25,"blk.25.ffn_gate_exps.weight",1,8,256,89 44 132 78 227 171 212 149
25,"blk.25.ffn_up_exps.weight",1,8,256,89 44 132 78 227 171 212 149
25,"blk.25.ffn_down_exps.weight",1,8,256,89 44 132 78 227 171 212 149
26,"blk.26.ffn_gate_exps.weight",1,8,256,71 166 97 12 140 189 103 236
26,"blk.26.ffn_up_exps.weight",1,8,256,71 166 97 12 140 189 103 236
26,"blk.26.ffn_down_exps.weight",1,8,256,71 166 97 12 140 189 103 236
27,"blk.27.ffn_gate_exps.weight",1,8,256,137 225 69 244 183 229 42 83
27,"blk.27.ffn_up_exps.weight",1,8,256,137 225 69 244 183 229 42 83
27,"blk.27.ffn_down_exps.weight",1,8,256,137 225 69 244 183 229 42 83
28,"blk.28.ffn_gate_exps.weight",1,8,256,247 166 205 163 14 126 177 88
28,"blk.28.ffn_up_exps.weight",1,8,256,247 166 205 163 14 126 177 88
28,"blk.28.ffn_down_exps.weight",1,8,256,247 166 205 163 14 126 177 88
29,"blk.29.ffn_gate_exps.weight",1,8,256,241 15 248 247 125 183 22 46
29,"blk.29.ffn_up_exps.weight",1,8,256,241 15 248 247 125 183 22 46
29,"blk.29.ffn_down_exps.weight",1,8,256,241 15 248 247 125 183 22 46
30,"blk.30.ffn_gate_exps.weight",1,8,256,126 94 174 161 199 201 43 51
30,"blk.30.ffn_up_exps.weight",1,8,256,126 94 174 161 199 201 43 51
30,"blk.30.ffn_down_exps.weight",1,8,256,126 94 174 161 199 201 43 51
31,"blk.31.ffn_gate_exps.weight",1,8,256,173 41 44 75 207 201 19 36
31,"blk.31.ffn_up_exps.weight",1,8,256,173 41 44 75 207 201 19 36
31,"blk.31.ffn_down_exps.weight",1,8,256,173 41 44 75 207 201 19 36
32,"blk.32.ffn_gate_exps.weight",1,8,256,150 38 112 128 162 15 160 214
32,"blk.32.ffn_up_exps.weight",1,8,256,150 38 112 128 162 15 160 214
32,"blk.32.ffn_down_exps.weight",1,8,256,150 38 112 128 162 15 160 214
33,"blk.33.ffn_gate_exps.weight",1,8,256,72 9 127 164 99 231 184 32
33,"blk.33.ffn_up_exps.weight",1,8,256,72 9 127 164 99 231 184 32
33,"blk.33.ffn_down_exps.weight",1,8,256,72 9 127 164 99 231 184 32
34,"blk.34.ffn_gate_exps.weight",1,8,256,105 63 234 204 250 219 186 113
34,"blk.34.ffn_up_exps.weight",1,8,256,105 63 234 204 250 219 186 113
34,"blk.34.ffn_down_exps.weight",1,8,256,105 63 234 204 250 219 186 113
35,"blk.35.ffn_gate_exps.weight",1,8,256,43 102 84 185 18 133 112 174
35,"blk.35.ffn_up_exps.weight",1,8,256,43 102 84 185 18 133 112 174
35,"blk.35.ffn_down_exps.weight",1,8,256,43 102 84 185 18 133 112 174
36,"blk.36.ffn_gate_exps.weight",1,8,256,75 45 201 221 73 212 186 125
36,"blk.36.ffn_up_exps.weight",1,8,256,75 45 201 221 73 212 186 125
36,"blk.36.ffn_down_exps.weight",1,8,256,75 45 201 221 73 212 186 125
37,"blk.37.ffn_gate_exps.weight",1,8,256,72 219 23 130 126 55 206 149
37,"blk.37.ffn_up_exps.weight",1,8,256,72 219 23 130 126 55 206 149
37,"blk.37.ffn_down_exps.weight",1,8,256,72 219 23 130 126 55 206 149
38,"blk.38.ffn_gate_exps.weight",1,8,256,120 173 209 0 87 182 132 55
38,"blk.38.ffn_up_exps.weight",1,8,256,120 173 209 0 87 182 132 55
38,"blk.38.ffn_down_exps.weight",1,8,256,120 173 209 0 87 182 132 55
39,"blk.39.ffn_gate_exps.weight",1,8,256,106 107 10 235 206 86 173 161
39,"blk.39.ffn_up_exps.weight",1,8,256,106 107 10 235 206 86 173 161
39,"blk.39.ffn_down_exps.weight",1,8,256,106 107 10 235 206 86 173 161
0,"blk.0.ffn_gate_exps.weight",1,8,256,175 13 199 151 204 231 134 178
0,"blk.0.ffn_up_exps.weight",1,8,256,175 13 199 151 204 231 134 178
0,"blk.0.ffn_down_exps.weight",1,8,256,175 13 199 151 204 231 134 178
1,"blk.1.ffn_gate_exps.weight",1,8,256,16 253 234 49 254 162 209 10
1,"blk.1.ffn_up_exps.weight",1,8,256,16 253 234 49 254 162 209 10
1,"blk.1.ffn_down_exps.weight",1,8,256,16 253 234 49 254 162 209 10
2,"blk.2.ffn_gate_exps.weight",1,8,256,108 252 123 173 19 153 120 106
2,"blk.2.ffn_up_exps.weight",1,8,256,108 252 123 173 19 153 120 106
2,"blk.2.ffn_down_exps.weight",1,8,256,108 252 123 173 19 153 120 106
3,"blk.3.ffn_gate_exps.weight",1,8,256,236 188 166 79 199 159 25 65
3,"blk.3.ffn_up_exps.weight",1,8,256,236 188 166 79 199 159 25 65
3,"blk.3.ffn_down_exps.weight",1,8,256,236 188 166 79 199 159 25 65
4,"blk.4.ffn_gate_exps.weight",1,8,256,195 154 213 253 92 89 165 229
4,"blk.4.ffn_up_exps.weight",1,8,256,195 154 213 253 92 89 165 229
4,"blk.4.ffn_down_exps.weight",1,8,256,195 154 213 253 92 89 165 229
5,"blk.5.ffn_gate_exps.weight",1,8,256,110 81 158 88 86 251 71 205
5,"blk.5.ffn_up_exps.weight",1,8,256,110 81 158 88 86 251 71 205
5,"blk.5.ffn_down_exps.weight",1,8,256,110 81 158 88 86 251 71 205
6,"blk.6.ffn_gate_exps.weight",1,8,256,65 143 138 112 79 226 84 227
6,"blk.6.ffn_up_exps.weight",1,8,256,65 143 138 112 79 226 84 227
6,"blk.6.ffn_down_exps.weight",1,8,256,65 143 138 112 79 226 84 227
7,"blk.7.ffn_gate_exps.weight",1,8,256,191 229 203 35 208 155 184 57
7,"blk.7.ffn_up_exps.weight",1,8,256,191 229 203 35 208 155 184 57
7,"blk.7.ffn_down_exps.weight",1,8,256,191 229 203 35 208 155 184 57
8,"blk.8.ffn_gate_exps.weight",1,8,256,224 98 20 61 50 173 119 151
8,"blk.8.ffn_up_exps.weight",1,8,256,224 98 20 61 50 173 119 151
8,"blk.8.ffn_down_exps.weight",1,8,256,224 98 20 61 50 173 119 151
9,"blk.9.ffn_gate_exps.weight",1,8,256,121 243 189 59 20 221 200 8
9,"blk.9.ffn_up_exps.weight",1,8,256,121 243 189 59 20 221 200 8
9,"blk.9.ffn_down_exps.weight",1,8,256,121 243 189 59 20 221 200 8
10,"blk.10.ffn_gate_exps.weight",1,8,256,133 196 247 185 162 243 95 96
10,"blk.10.ffn_up_exps.weight",1,8,256,133 196 247 185 162 243 95 96
10,"blk.10.ffn_down_exps.weight",1,8,256,133 196 247 185 162 243 95 96
11,"blk.11.ffn_gate_exps.weight",1,8,256,78 239 150 192 89 160 107 45
11,"blk.11.ffn_up_exps.weight",1,8,256,78 239 150 192 89 160 107 45
11,"blk.11.ffn_down_exps.weight",1,8,256,78 239 150 192 89 160 107 45
12,"blk.12.ffn_gate_exps.weight",1,8,256,99 193 76 60 16 169 214 153
12,"blk.12.ffn_up_exps.weight",1,8,256,99 193 76 60 16 169 214 153
12,"blk.12.ffn_down_exps.weight",1,8,256,99 193 76 60 16 169 214 153
13,"blk.13.ffn_gate_exps.weight",1,8,256,89 44 149 3 182 202 78 55
13,"blk.13.ffn_up_exps.weight",1,8,256,89 44 149 3 182 202 78 55
13,"blk.13.ffn_down_exps.weight",1,8,256,89 44 149 3 182 202 78 55
14,"blk.14.ffn_gate_exps.weight",1,8,256,0 140 97 12 189 103 71 166
14,"blk.14.ffn_up_exps.weight",1,8,256,0 140 97 12 189 103 71 166
14,"blk.14.ffn_down_exps.weight",1,8,256,0 140 97 12 189 103 71 166
15,"blk.15.ffn_gate_exps.weight",1,8,256,244 229 150 42 6 108 185 165
15,"blk.15.ffn_up_exps.weight",1,8,256,244 229 150 42 6 108 185 165
15,"blk.15.ffn_down_exps.weight",1,8,256,244 229 150 42 6 108 185 165
16,"blk.16.ffn_gate_exps.weight",1,8,256,60 163 88 205 14 203 57 28
16,"blk.16.ffn_up_exps.weight",1,8,256,60 163 88 205 14 203 57 28
16,"blk.16.ffn_down_exps.weight",1,8,256,60 163 88 205 14 203 57 28
17,"blk.17.ffn_gate_exps.weight",1,8,256,248 86 15 125 208 45 167 144
17,"blk.17.ffn_up_exps.weight",1,8,256,248 86 15 125 208 45 167 144
17,"blk.17.ffn_down_exps.weight",1,8,256,248 86 15 125 208 45 167 144
18,"blk.18.ffn_gate_exps.weight",1,8,256,199 126 155 174 201 134 195 99
18,"blk.18.ffn_up_exps.weight",1,8,256,199 126 155 174 201 134 195 99
18,"blk.18.ffn_down_exps.weight",1,8,256,199 126 155 174 201 134 195 99
19,"blk.19.ffn_gate_exps.weight",1,8,256,207 194 201 41 121 239 19 204
19,"blk.19.ffn_up_exps.weight",1,8,256,207 194 201 41 121 239 19 204
19,"blk.19.ffn_down_exps.weight",1,8,256,207 194 201 41 121 239 19 204
20,"blk.20.ffn_gate_exps.weight",1,8,256,50 235 217 224 173 8 172 92
20,"blk.20.ffn_up_exps.weight",1,8,256,50 235 217 224 173 8 172 92
20,"blk.20.ffn_down_exps.weight",1,8,256,50 235 217 224 173 8 172 92
21,"blk.21.ffn_gate_exps.weight",1,8,256,127 232 58 243 121 221 45 184
21,"blk.21.ffn_up_exps.weight",1,8,256,127 232 58 243 121 221 45 184
21,"blk.21.ffn_down_exps.weight",1,8,256,127 232 58 243 121 221 45 184
22,"blk.22.ffn_gate_exps.weight",1,8,256,247 133 185 95 243 65 215 203
22,"blk.22.ffn_up_exps.weight",1,8,256,247 133 185 95 243 65 215 203
22,"blk.22.ffn_down_exps.weight",1,8,256,247 133 185 95 243 65 215 203
23,"blk.23.ffn_gate_exps.weight",1,8,256,160 16 150 78 239 124 193 89
23,"blk.23.ffn_up_exps.weight",1,8,256,160 16 150 78 239 124 193 89
23,"blk.23.ffn_down_exps.weight",1,8,256,160 16 150 78 239 124 193 89
24,"blk.24.ffn_gate_exps.weight",1,8,256,76 167 145 218 60 100 193 99
24,"blk.24.ffn_up_exps.weight",1,8,256,76 167 145 218 60 100 193 99
24,"blk.24.ffn_down_exps.weight",1,8,256,76 167 145 218 60 100 193 99
25,"blk.25.ffn_gate_exps.weight",1,8,256,44 89 78 149 26 242 227 243
25,"blk.25.ffn_up_exps.weight",1,8,256,44 89 78 149 26 242 227 243
25,"blk.25.ffn_down_exps.weight",1,8,256,44 89 78 149 26 242 227 243
26,"blk.26.ffn_gate_exps.weight",1,8,256,97 71 166 12 137 177 88 103
26,"blk.26.ffn_up_exps.weight",1,8,256,97 71 166 12 137 177 88 103
26,"blk.26.ffn_down_exps.weight",1,8,256,97 71 166 12 137 177 88 103
27,"blk.27.ffn_gate_exps.weight",1,8,256,108 42 165 70 82 229 244 58
27,"blk.27.ffn_up_exps.weight",1,8,256,108 42 165 70 82 229 244 58
27,"blk.27.ffn_down_exps.weight",1,8,256,108 42 165 70 82 229 244 58
28,"blk.28.ffn_gate_exps.weight",1,8,256,205 57 152 88 229 252 60 163
28,"blk.28.ffn_up_exps.weight",1,8,256,205 57 152 88 229 252 60 163
28,"blk.28.ffn_down_exps.weight",1,8,256,205 57 152 88 229 252 60 163
29,"blk.29.ffn_gate_exps.weight",1,8,256,125 15 247 20 248 241 25 144
29,"blk.29.ffn_up_exps.weight",1,8,256,125 15 247 20 248 241 25 144
29,"blk.29.ffn_down_exps.weight",1,8,256,125 15 247 20 248 241 25 144
30,"blk.30.ffn_gate_exps.weight",1,8,256,126 155 94 44 134 174 43 197
30,"blk.30.ffn_up_exps.weight",1,8,256,126 155 94 44 134 174 43 197
30,"blk.30.ffn_down_exps.weight",1,8,256,126 155 94 44 134 174 43 197
31,"blk.31.ffn_gate_exps.weight",1,8,256,75 41 207 201 36 173 194 121
31,"blk.31.ffn_up_exps.weight",1,8,256,75 41 207 201 36 173 194 121
31,"blk.31.ffn_down_exps.weight",1,8,256,75 41 207 201 36 173 194 121
32,"blk.32.ffn_gate_exps.weight",1,8,256,150 15 112 192 250 53 95 52
32,"blk.32.ffn_up_exps.weight",1,8,256,150 15 112 192 250 53 95 52
32,"blk.32.ffn_down_exps.weight",1,8,256,150 15 112 192 250 53 95 52
33,"blk.33.ffn_gate_exps.weight",1,8,256,9 72 127 164 32 184 0 239
33,"blk.33.ffn_up_exps.weight",1,8,256,9 72 127 164 32 184 0 239
33,"blk.33.ffn_down_exps.weight",1,8,256,9 72 127 164 32 184 0 239
34,"blk.34.ffn_gate_exps.weight",1,8,256,63 231 26 204 105 85 9 1
34,"blk.34.ffn_up_exps.weight",1,8,256,63 231 26 204 105 85 9 1
34,"blk.34.ffn_down_exps.weight",1,8,256,63 231 26 204 105 85 9 1
35,"blk.35.ffn_gate_exps.weight",1,8,256,43 84 112 135 72 42 174 57
35,"blk.35.ffn_up_exps.weight",1,8,256,43 84 112 135 72 42 174 57
35,"blk.35.ffn_down_exps.weight",1,8,256,43 84 112 135 72 42 174 57
36,"blk.36.ffn_gate_exps.weight",1,8,256,73 221 201 45 75 110 83 16
36,"blk.36.ffn_up_exps.weight",1,8,256,73 221 201 45 75 110 83 16
36,"blk.36.ffn_down_exps.weight",1,8,256,73 221 201 45 75 110 83 16
37,"blk.37.ffn_gate_exps.weight",1,8,256,72 55 219 23 92 240 184 108
37,"blk.37.ffn_up_exps.weight",1,8,256,72 55 219 23 92 240 184 108
37,"blk.37.ffn_down_exps.weight",1,8,256,72 55 219 23 92 240 184 108
38,"blk.38.ffn_gate_exps.weight",1,8,256,120 0 209 104 151 108 35 206
38,"blk.38.ffn_up_exps.weight",1,8,256,120 0 209 104 151 108 35 206
38,"blk.38.ffn_down_exps.weight",1,8,256,120 0 209 104 151 108 35 206
39,"blk.39.ffn_gate_exps.weight",1,8,256,107 106 73 66 222 179 105 37
39,"blk.39.ffn_up_exps.weight",1,8,256,107 106 73 66 222 179 105 37
39,"blk.39.ffn_down_exps.weight",1,8,256,107 106 73 66 222 179 105 37
0,"blk.0.ffn_gate_exps.weight",1,8,256,101 35 197 242 79 108 11 135
0,"blk.0.ffn_up_exps.weight",1,8,256,101 35 197 242 79 108 11 135
0,"blk.0.ffn_down_exps.weight",1,8,256,101 35 197 242 79 108 11 135
1,"blk.1.ffn_gate_exps.weight",1,8,256,146 27 155 97 16 11 231 118
1,"blk.1.ffn_up_exps.weight",1,8,256,146 27 155 97 16 11 231 118
1,"blk.1.ffn_down_exps.weight",1,8,256,146 27 155 97 16 11 231 118
2,"blk.2.ffn_gate_exps.weight",1,8,256,117 90 20 75 252 149 52 109
2,"blk.2.ffn_up_exps.weight",1,8,256,117 90 20 75 252 149 52 109
2,"blk.2.ffn_down_exps.weight",1,8,256,117 90 20 75 252 149 52 109
3,"blk.3.ffn_gate_exps.weight",1,8,256,236 225 119 37 199 53 211 25
3,"blk.3.ffn_up_exps.weight",1,8,256,236 225 119 37 199 53 211 25
3,"blk.3.ffn_down_exps.weight",1,8,256,236 225 119 37 199 53 211 25
4,"blk.4.ffn_gate_exps.weight",1,8,256,154 195 108 142 222 251 89 102
4,"blk.4.ffn_up_exps.weight",1,8,256,154 195 108 142 222 251 89 102
4,"blk.4.ffn_down_exps.weight",1,8,256,154 195 108 142 222 251 89 102
5,"blk.5.ffn_gate_exps.weight",1,8,256,158 110 205 236 43 88 107 44
5,"blk.5.ffn_up_exps.weight",1,8,256,158 110 205 236 43 88 107 44
5,"blk.5.ffn_down_exps.weight",1,8,256,158 110 205 236 43 88 107 44
6,"blk.6.ffn_gate_exps.weight",1,8,256,65 143 138 79 196 133 36 254
6,"blk.6.ffn_up_exps.weight",1,8,256,65 143 138 79 196 133 36 254
6,"blk.6.ffn_down_exps.weight",1,8,256,65 143 138 79 196 133 36 254
7,"blk.7.ffn_gate_exps.weight",1,8,256,35 36 191 229 10 14 208 147
7,"blk.7.ffn_up_exps.weight",1,8,256,35 36 191 229 10 14 208 147
7,"blk.7.ffn_down_exps.weight",1,8,256,35 36 191 229 10 14 208 147
8,"blk.8.ffn_gate_exps.weight",1,8,256,107 110 224 194 3 239 186 184
8,"blk.8.ffn_up_exps.weight",1,8,256,107 110 224 194 3 239 186 184
8,"blk.8.ffn_down_exps.weight",1,8,256,107 110 224 194 3 239 186 184
9,"blk.9.ffn_gate_exps.weight",1,8,256,197 203 95 2 29 54 161 47
9,"blk.9.ffn_up_exps.weight",1,8,256,197 203 95 2 29 54 161 47
9,"blk.9.ffn_down_exps.weight",1,8,256,197 203 95 2 29 54 161 47
10,"blk.10.ffn_gate_exps.weight",1,8,256,247 196 91 234 198 243 65 169
10,"blk.10.ffn_up_exps.weight",1,8,256,247 196 91 234 198 243 65 169
10,"blk.10.ffn_down_exps.weight",1,8,256,247 196 91 234 198 243 65 169
11,"blk.11.ffn_gate_exps.weight",1,8,256,42 160 191 107 12 128 239 111
11,"blk.11.ffn_up_exps.weight",1,8,256,42 160 191 107 12 128 239 111
11,"blk.11.ffn_down_exps.weight",1,8,256,42 160 191 107 12 128 239 111
12,"blk.12.ffn_gate_exps.weight",1,8,256,60 39 65 220 221 208 108 219
12,"blk.12.ffn_up_exps.weight",1,8,256,60 39 65 220 221 208 108 219
12,"blk.12.ffn_down_exps.weight",1,8,256,60 39 65 220 221 208 108 219
13,"blk.13.ffn_gate_exps.weight",1,8,256,160 175 47 151 66 70 154 202
13,"blk.13.ffn_up_exps.weight",1,8,256,160 175 47 151 66 70 154 202
13,"blk.13.ffn_down_exps.weight",1,8,256,160 175 47 151 66 70 154 202
14,"blk.14.ffn_gate_exps.weight",1,8,256,52 64 61 54 137 218 160 32
14,"blk.14.ffn_up_exps.weight",1,8,256,52 64 61 54 137 218 160 32
14,"blk.14.ffn_down_exps.weight",1,8,256,52 64 61 54 137 218 160 32
15,"blk.15.ffn_gate_exps.weight",1,8,256,54 250 88 148 242 165 162 22
15,"blk.15.ffn_up_exps.weight",1,8,256,54 250 88 148 242 165 162 22
15,"blk.15.ffn_down_exps.weight",1,8,256,54 250 88 148 242 165 162 22
16,"blk.16.ffn_gate_exps.weight",1,8,256,130 233 46 32 229 252 170 51
16,"blk.16.ffn_up_exps.weight",1,8,256,130 233 46 32 229 252 170 51
16,"blk.16.ffn_down_exps.weight",1,8,256,130 233 46 32 229 252 170 51
17,"blk.17.ffn_gate_exps.weight",1,8,256,64 115 230 35 20 248 36 129
17,"blk.17.ffn_up_exps.weight",1,8,256,64 115 230 35 20 248 36 129
17,"blk.17.ffn_down_exps.weight",1,8,256,64 115 230 35 20 248 36 129
18,"blk.18.ffn_gate_exps.weight",1,8,256,30 121 251 203 192 220 176 197
18,"blk.18.ffn_up_exps.weight",1,8,256,30 121 251 203 192 220 176 197
18,"blk.18.ffn_down_exps.weight",1,8,256,30 121 251 203 192 220 176 197
19,"blk.19.ffn_gate_exps.weight",1,8,256,96 30 230 42 66 201 35 183
19,"blk.19.ffn_up_exps.weight",1,8,256,96 30 230 42 66 201 35 183
19,"blk.19.ffn_down_exps.weight",1,8,256,96 30 230 42 66 201 35 183
20,"blk.20.ffn_gate_exps.weight",1,8,256,224 194 107 186 3 193 72 71
20,"blk.20.ffn_up_exps.weight",1,8,256,224 194 107 186 3 193 72 71
20,"blk.20.ffn_down_exps.weight",1,8,256,224 194 107 186 3 193 72 71
21,"blk.21.ffn_gate_exps.weight",1,8,256,107 47 137 54 255 103 2 203
21,"blk.21.ffn_up_exps.weight",1,8,256,107 47 137 54 255 103 2 203
21,"blk.21.ffn_down_exps.weight",1,8,256,107 47 137 54 255 103 2 203
22,"blk.22.ffn_gate_exps.weight",1,8,256,91 35 187 111 160 196 46 60
22,"blk.22.ffn_up_exps.weight",1,8,256,91 35 187 111 160 196 46 60
22,"blk.22.ffn_down_exps.weight",1,8,256,91 35 187 111 160 196 46 60
23,"blk.23.ffn_gate_exps.weight",1,8,256,80 191 108 225 186 111 255 75
23,"blk.23.ffn_up_exps.weight",1,8,256,80 191 108 225 186 111 255 75
23,"blk.23.ffn_down_exps.weight",1,8,256,80 191 108 225 186 111 255 75
24,"blk.24.ffn_gate_exps.weight",1,8,256,39 221 125 68 65 219 1 235
24,"blk.24.ffn_up_exps.weight",1,8,256,39 221 125 68 65 219 1 235
24,"blk.24.ffn_down_exps.weight",1,8,256,39 221 125 68 65 219 1 235
25,"blk.25.ffn_gate_exps.weight",1,8,256,175 120 70 108 151 78 66 44
25,"blk.25.ffn_up_exps.weight",1,8,256,175 120 70 108 151 78 66 44
25,"blk.25.ffn_down_exps.weight",1,8,256,175 120 70 108 151 78 66 44
26,"blk.26.ffn_gate_exps.weight",1,8,256,137 61 54 52 32 37 131 189
26,"blk.26.ffn_up_exps.weight",1,8,256,137 61 54 52 32 37 131 189
26,"blk.26.ffn_down_exps.weight",1,8,256,137 61 54 52 32 37 131 189
27,"blk.27.ffn_gate_exps.weight",1,8,256,165 54 88 204 182 250 37 87
27,"blk.27.ffn_up_exps.weight",1,8,256,165 54 88 204 182 250 37 87
27,"blk.27.ffn_down_exps.weight",1,8,256,165 54 88 204 182 250 37 87
28,"blk.28.ffn_gate_exps.weight",1,8,256,229 170 252 98 9 46 136 168
28,"blk.28.ffn_up_exps.weight",1,8,256,229 170 252 98 9 46 136 168
28,"blk.28.ffn_down_exps.weight",1,8,256,229 170 252 98 9 46 136 168
29,"blk.29.ffn_gate_exps.weight",1,8,256,241 150 248 51 20 205 15 64
29,"blk.29.ffn_up_exps.weight",1,8,256,241 150 248 51 20 205 15 64
29,"blk.29.ffn_down_exps.weight",1,8,256,241 150 248 51 20 205 15 64
30,"blk.30.ffn_gate_exps.weight",1,8,256,44 155 94 197 126 43 216 193
30,"blk.30.ffn_up_exps.weight",1,8,256,44 155 94 197 126 43 216 193
30,"blk.30.ffn_down_exps.weight",1,8,256,44 155 94 197 126 43 216 193
31,"blk.31.ffn_gate_exps.weight",1,8,256,75 154 207 20 201 41 191 36
31,"blk.31.ffn_up_exps.weight",1,8,256,75 154 207 20 201 41 191 36
31,"blk.31.ffn_down_exps.weight",1,8,256,75 154 207 20 201 41 191 36
32,"blk.32.ffn_gate_exps.weight",1,8,256,53 15 150 98 127 112 90 134
32,"blk.32.ffn_up_exps.weight",1,8,256,53 15 150 98 127 112 90 134
32,"blk.32.ffn_down_exps.weight",1,8,256,53 15 150 98 127 112 90 134
33,"blk.33.ffn_gate_exps.weight",1,8,256,127 231 9 164 99 126 32 0
33,"blk.33.ffn_up_exps.weight",1,8,256,127 231 9 164 99 126 32 0
33,"blk.33.ffn_down_exps.weight",1,8,256,127 231 9 164 99 126 32 0
34,"blk.34.ffn_gate_exps.weight",1,8,256,85 26 116 1 204 52 231 105
34,"blk.34.ffn_up_exps.weight",1,8,256,85 26 116 1 204 52 231 105
34,"blk.34.ffn_down_exps.weight",1,8,256,85 26 116 1 204 52 231 105
35,"blk.35.ffn_gate_exps.weight",1