layer,src0_name,n_tokens,top_k,n_expert,ids
0,"blk.0.ffn_gate_exps.weight",2,8,232,208 9 229 0 31 131 222 220; 6 3 5 0 7 152 31 9
0,"blk.0.ffn_up_exps.weight",2,8,232,208 9 229 0 31 131 222 220; 6 3 5 0 7 152 31 9
0,"blk.0.ffn_down_exps.weight",2,8,232,208 9 229 0 31 131 222 220; 6 3 5 0 7 152 31 9
1,"blk.1.ffn_gate_exps.weight",2,8,232,190 183 53 77 135 163 157 95; 29 111 157 103 4 95 168 90
1,"blk.1.ffn_up_exps.weight",2,8,232,190 183 53 77 135 163 157 95; 29 111 157 103 4 95 168 90
1,"blk.1.ffn_down_exps.weight",2,8,232,190 183 53 77 135 163 157 95; 29 111 157 103 4 95 168 90
2,"blk.2.ffn_gate_exps.weight",2,8,232,0 208 1 16 107 229 87 114; 208 19 145 11 201 157 188 38
2,"blk.2.ffn_up_exps.weight",2,8,232,0 208 1 16 107 229 87 114; 208 19 145 11 201 157 188 38
2,"blk.2.ffn_down_exps.weight",2,8,232,0 208 1 16 107 229 87 114; 208 19 145 11 201 157 188 38
3,"blk.3.ffn_gate_exps.weight",2,8,232,97 168 122 93 73 214 130 148; 71 8 39 226 105 1 0 162
3,"blk.3.ffn_up_exps.weight",2,8,232,97 168 122 93 73 214 130 148; 71 8 39 226 105 1 0 162
3,"blk.3.ffn_down_exps.weight",2,8,232,97 168 122 93 73 214 130 148; 71 8 39 226 105 1 0 162
4,"blk.4.ffn_gate_exps.weight",2,8,232,114 3 209 201 190 107 129 157; 84 107 8 154 129 136 216 188
4,"blk.4.ffn_up_exps.weight",2,8,232,114 3 209 201 190 107 129 157; 84 107 8 154 129 136 216 188
4,"blk.4.ffn_down_exps.weight",2,8,232,114 3 209 201 190 107 129 157; 84 107 8 154 129 136 216 188
5,"blk.5.ffn_gate_exps.weight",2,8,232,161 15 19 57 184 125 204 107; 199 17 8 155 4 184 186 198
5,"blk.5.ffn_up_exps.weight",2,8,232,161 15 19 57 184 125 204 107; 199 17 8 155 4 184 186 198
5,"blk.5.ffn_down_exps.weight",2,8,232,161 15 19 57 184 125 204 107; 199 17 8 155 4 184 186 198
6,"blk.6.ffn_gate_exps.weight",2,8,232,111 40 41 93 11 32 25 42; 2 40 11 50 25 0 145 183
6,"blk.6.ffn_up_exps.weight",2,8,232,111 40 41 93 11 32 25 42; 2 40 11 50 25 0 145 183
6,"blk.6.ffn_down_exps.weight",2,8,232,111 40 41 93 11 32 25 42; 2 40 11 50 25 0 145 183
7,"blk.7.ffn_gate_exps.weight",2,8,232,223 33 58 0 116 45 231 42; 26 164 184 2 78 136 9 224
7,"blk.7.ffn_up_exps.weight",2,8,232,223 33 58 0 116 45 231 42; 26 164 184 2 78 136 9 224
7,"blk.7.ffn_down_exps.weight",2,8,232,223 33 58 0 116 45 231 42; 26 164 184 2 78 136 9 224
8,"blk.8.ffn_gate_exps.weight",2,8,232,88 19 222 152 177 89 181 198; 56 1 26 2 91 15 52 8
8,"blk.8.ffn_up_exps.weight",2,8,232,88 19 222 152 177 89 181 198; 56 1 26 2 91 15 52 8
8,"blk.8.ffn_down_exps.weight",2,8,232,88 19 222 152 177 89 181 198; 56 1 26 2 91 15 52 8
9,"blk.9.ffn_gate_exps.weight",2,8,232,192 52 161 74 42 189 231 122; 226 108 141 48 185 154 1 8
9,"blk.9.ffn_up_exps.weight",2,8,232,192 52 161 74 42 189 231 122; 226 108 141 48 185 154 1 8
9,"blk.9.ffn_down_exps.weight",2,8,232,192 52 161 74 42 189 231 122; 226 108 141 48 185 154 1 8
10,"blk.10.ffn_gate_exps.weight",2,8,232,202 88 121 131 216 191 196 91; 216 44 89 109 201 168 139 11
10,"blk.10.ffn_up_exps.weight",2,8,232,202 88 121 131 216 191 196 91; 216 44 89 109 201 168 139 11
10,"blk.10.ffn_down_exps.weight",2,8,232,202 88 121 131 216 191 196 91; 216 44 89 109 201 168 139 11
11,"blk.11.ffn_gate_exps.weight",2,8,232,231 135 206 222 174 95 230 158; 145 28 16 9 211 217 72 2
11,"blk.11.ffn_up_exps.weight",2,8,232,231 135 206 222 174 95 230 158; 145 28 16 9 211 217 72 2
11,"blk.11.ffn_down_exps.weight",2,8,232,231 135 206 222 174 95 230 158; 145 28 16 9 211 217 72 2
12,"blk.12.ffn_gate_exps.weight",2,8,232,35 26 33 13 199 56 6 175; 43 0 17 154 209 22 25 14
12,"blk.12.ffn_up_exps.weight",2,8,232,35 26 33 13 199 56 6 175; 43 0 17 154 209 22 25 14
12,"blk.12.ffn_down_exps.weight",2,8,232,35 26 33 13 199 56 6 175; 43 0 17 154 209 22 25 14
13,"blk.13.ffn_gate_exps.weight",2,8,232,152 216 182 126 127 119 98 16; 91 48 1 29 100 15 80 156
13,"blk.13.ffn_up_exps.weight",2,8,232,152 216 182 126 127 119 98 16; 91 48 1 29 100 15 80 156
13,"blk.13.ffn_down_exps.weight",2,8,232,152 216 182 126 127 119 98 16; 91 48 1 29 100 15 80 156
14,"blk.14.ffn_gate_exps.weight",2,8,232,127 190 150 34 183 146 198 135; 226 13 193 49 24 32 11 217
14,"blk.14.ffn_up_exps.weight",2,8,232,127 190 150 34 183 146 198 135; 226 13 193 49 24 32 11 217
14,"blk.14.ffn_down_exps.weight",2,8,232,127 190 150 34 183 146 198 135; 226 13 193 49 24 32 11 217
15,"blk.15.ffn_gate_exps.weight",2,8,232,52 215 17 165 53 224 75 231; 58 224 11 209 49 5 217 8
15,"blk.15.ffn_up_exps.weight",2,8,232,52 215 17 165 53 224 75 231; 58 224 11 209 49 5 217 8
15,"blk.15.ffn_down_exps.weight",2,8,232,52 215 17 165 53 224 75 231; 58 224 11 209 49 5 217 8
16,"blk.16.ffn_gate_exps.weight",2,8,232,56 144 136 227 221 1 100 48; 225 104 11 194 197 228 17 13
16,"blk.16.ffn_up_exps.weight",2,8,232,56 144 136 227 221 1 100 48; 225 104 11 194 197 228 17 13
16,"blk.16.ffn_down_exps.weight",2,8,232,56 144 136 227 221 1 100 48; 225 104 11 194 197 228 17 13
17,"blk.17.ffn_gate_exps.weight",2,8,232,224 10 105 134 125 161 225 82; 13 137 224 221 10 187 134 227
17,"blk.17.ffn_up_exps.weight",2,8,232,224 10 105 134 125 161 225 82; 13 137 224 221 10 187 134 227
17,"blk.17.ffn_down_exps.weight",2,8,232,224 10 105 134 125 161 225 82; 13 137 224 221 10 187 134 227
18,"blk.18.ffn_gate_exps.weight",2,8,232,152 80 105 223 127 61 78 39; 179 217 170 76 16 14 20 82
18,"blk.18.ffn_up_exps.weight",2,8,232,152 80 105 223 127 61 78 39; 179 217 170 76 16 14 20 82
18,"blk.18.ffn_down_exps.weight",2,8,232,152 80 105 223 127 61 78 39; 179 217 170 76 16 14 20 82
19,"blk.19.ffn_gate_exps.weight",2,8,232,2 220 209 22 208 198 228 31; 113 146 148 177 195 87 51 225
19,"blk.19.ffn_up_exps.weight",2,8,232,2 220 209 22 208 198 228 31; 113 146 148 177 195 87 51 225
19,"blk.19.ffn_down_exps.weight",2,8,232,2 220 209 22 208 198 228 31; 113 146 148 177 195 87 51 225
20,"blk.20.ffn_gate_exps.weight",2,8,232,9 140 177 184 205 114 111 25; 41 204 226 162 139 48 53 71
20,"blk.20.ffn_up_exps.weight",2,8,232,9 140 177 184 205 114 111 25; 41 204 226 162 139 48 53 71
20,"blk.20.ffn_down_exps.weight",2,8,232,9 140 177 184 205 114 111 25; 41 204 226 162 139 48 53 71
21,"blk.21.ffn_gate_exps.weight",2,8,232,2 105 113 222 163 121 199 136; 162 104 146 41 96 206 19 58
21,"blk.21.ffn_up_exps.weight",2,8,232,2 105 113 222 163 121 199 136; 162 104 146 41 96 206 19 58
21,"blk.21.ffn_down_exps.weight",2,8,232,2 105 113 222 163 121 199 136; 162 104 146 41 96 206 19 58
22,"blk.22.ffn_gate_exps.weight",2,8,232,79 205 9 204 218 221 115 28; 179 16 113 33 26 50 157 129
22,"blk.22.ffn_up_exps.weight",2,8,232,79 205 9 204 218 221 115 28; 179 16 113 33 26 50 157 129
22,"blk.22.ffn_down_exps.weight",2,8,232,79 205 9 204 218 221 115 28; 179 16 113 33 26 50 157 129
23,"blk.23.ffn_gate_exps.weight",2,8,232,65 49 201 32 79 218 191 33; 48 67 216 41 106 25 27 175
23,"blk.23.ffn_up_exps.weight",2,8,232,65 49 201 32 79 218 191 33; 48 67 216 41 106 25 27 175
23,"blk.23.ffn_down_exps.weight",2,8,232,65 49 201 32 79 218 191 33; 48 67 216 41 106 25 27 175
24,"blk.24.ffn_gate_exps.weight",2,8,232,95 176 43 21 116 64 197 45; 30 73 218 168 212 7 137 125
24,"blk.24.ffn_up_exps.weight",2,8,232,95 176 43 21 116 64 197 45; 30 73 218 168 212 7 137 125
24,"blk.24.ffn_down_exps.weight",2,8,232,95 176 43 21 116 64 197 45; 30 73 218 168 212 7 137 125
25,"blk.25.ffn_gate_exps.weight",2,8,232,113 94 71 19 131 205 127 171; 44 89 10 202 3 176 132 177
25,"blk.25.ffn_up_exps.weight",2,8,232,113 94 71 19 131 205 127 171; 44 89 10 202 3 176 132 177
25,"blk.25.ffn_down_exps.weight",2,8,232,113 94 71 19 131 205 127 171; 44 89 10 202 3 176 132 177
26,"blk.26.ffn_gate_exps.weight",2,8,232,136 170 207 150 168 64 199 15; 11 12 16 33 2 156 222 105
26,"blk.26.ffn_up_exps.weight",2,8,232,136 170 207 150 168 64 199 15; 11 12 16 33 2 156 222 105
26,"blk.26.ffn_down_exps.weight",2,8,232,136 170 207 150 168 64 199 15; 11 12 16 33 2 156 222 105
27,"blk.27.ffn_gate_exps.weight",1,8,232,81 26 96 68 227 189 72 182
27,"blk.27.ffn_up_exps.weight",1,8,232,81 26 96 68 227 189 72 182
27,"blk.27.ffn_down_exps.weight",1,8,232,81 26 96 68 227 189 72 182
0,"blk.0.ffn_gate_exps.weight",2,8,232,48 2 79 192 193 188 29 164; 48 79 2 192 193 188 164 29
0,"blk.0.ffn_up_exps.weight",2,8,232,48 2 79 192 193 188 29 164; 48 79 2 192 193 188 164 29
0,"blk.0.ffn_down_exps.weight",2,8,232,48 2 79 192 193 188 29 164; 48 79 2 192 193 188 164 29
1,"blk.1.ffn_gate_exps.weight",2,8,232,96 93 69 61 161 122 132 109; 96 93 69 161 61 132 122 109
1,"blk.1.ffn_up_exps.weight",2,8,232,96 93 69 61 161 122 132 109; 96 93 69 161 61 132 122 109
1,"blk.1.ffn_down_exps.weight",2,8,232,96 93 69 61 161 122 132 109; 96 93 69 161 61 132 122 109
2,"blk.2.ffn_gate_exps.weight",2,8,232,171 177 112 226 91 179 146 20; 171 177 112 226 91 179 20 196
2,"blk.2.ffn_up_exps.weight",2,8,232,171 177 112 226 91 179 146 20; 171 177 112 226 91 179 20 196
2,"blk.2.ffn_down_exps.weight",2,8,232,171 177 112 226 91 179 146 20; 171 177 112 226 91 179 20 196
3,"blk.3.ffn_gate_exps.weight",2,8,232,197 195 188 123 117 5 68 227; 197 195 188 55 13 14 31 227
3,"blk.3.ffn_up_exps.weight",2,8,232,197 195 188 123 117 5 68 227; 197 195 188 55 13 14 31 227
3,"blk.3.ffn_down_exps.weight",2,8,232,197 195 188 123 117 5 68 227; 197 195 188 55 13 14 31 227
4,"blk.4.ffn_gate_exps.weight",2,8,232,70 115 95 222 9 75 14 21; 19 115 70 153 223 4 222 95
4,"blk.4.ffn_up_exps.weight",2,8,232,70 115 95 222 9 75 14 21; 19 115 70 153 223 4 222 95
4,"blk.4.ffn_down_exps.weight",2,8,232,70 115 95 222 9 75 14 21; 19 115 70 153 223 4 222 95
5,"blk.5.ffn_gate_exps.weight",2,8,232,77 208 127 40 49 27 31 55; 218 31 225 226 90 208 84 136
5,"blk.5.ffn_up_exps.weight",2,8,232,77 208 127 40 49 27 31 55; 218 31 225 226 90 208 84 136
5,"blk.5.ffn_down_exps.weight",2,8,232,77 208 127 40 49 27 31 55; 218 31 225 226 90 208 84 136
6,"blk.6.ffn_gate_exps.weight",2,8,232,154 186 169 137 168 203 94 133; 154 60 65 126 137 52 57 129
6,"blk.6.ffn_up_exps.weight",2,8,232,154 186 169 137 168 203 94 133; 154 60 65 126 137 52 57 129
6,"blk.6.ffn_down_exps.weight",2,8,232,154 186 169 137 168 203 94 133; 154 60 65 126 137 52 57 129
7,"blk.7.ffn_gate_exps.weight",2,8,232,17 4 168 203 102 190 137 188; 16 137 157 119 104 188 4 86
7,"blk.7.ffn_up_exps.weight",2,8,232,17 4 168 203 102 190 137 188; 16 137 157 119 104 188 4 86
7,"blk.7.ffn_down_exps.weight",2,8,232,17 4 168 203 102 190 137 188; 16 137 157 119 104 188 4 86
8,"blk.8.ffn_gate_exps.weight",2,8,232,212 214 105 0 81 36 177 194; 177 212 40 125 88 105 102 188
8,"blk.8.ffn_up_exps.weight",2,8,232,212 214 105 0 81 36 177 194; 177 212 40 125 88 105 102 188
8,"blk.8.ffn_down_exps.weight",2,8,232,212 214 105 0 81 36 177 194; 177 212 40 125 88 105 102 188
9,"blk.9.ffn_gate_exps.weight",2,8,232,80 143 75 97 96 76 0 17; 85 200 143 75 209 142 151 222
9,"blk.9.ffn_up_exps.weight",2,8,232,80 143 75 97 96 76 0 17; 85 200 143 75 209 142 151 222
9,"blk.9.ffn_down_exps.weight",2,8,232,80 143 75 97 96 76 0 17; 85 200 143 75 209 142 151 222
10,"blk.10.ffn_gate_exps.weight",2,8,232,223 82 133 36 123 160 145 137; 2 228 33 211 198 177 16 142
10,"blk.10.ffn_up_exps.weight",2,8,232,223 82 133 36 123 160 145 137; 2 228 33 211 198 177 16 142
10,"blk.10.ffn_down_exps.weight",2,8,232,223 82 133 36 123 160 145 137; 2 228 33 211 198 177 16 142
11,"blk.11.ffn_gate_exps.weight",2,8,232,199 33 168 103 80 27 155 18; 28 155 178 131 19 168 174 224
11,"blk.11.ffn_up_exps.weight",2,8,232,199 33 168 103 80 27 155 18; 28 155 178 131 19 168 174 224
11,"blk.11.ffn_down_exps.weight",2,8,232,199 33 168 103 80 27 155 18; 28 155 178 131 19 168 174 224
12,"blk.12.ffn_gate_exps.weight",2,8,232,19 73 34 21 161 192 48 89; 64 21 159 37 11 34 45 87
12,"blk.12.ffn_up_exps.weight",2,8,232,19 73 34 21 161 192 48 89; 64 21 159 37 11 34 45 87
12,"blk.12.ffn_down_exps.weight",2,8,232,19 73 34 21 161 192 48 89; 64 21 159 37 11 34 45 87
13,"blk.13.ffn_gate_exps.weight",2,8,232,195 1 198 200 27 54 169 166; 220 32 222 174 188 166 34 199
13,"blk.13.ffn_up_exps.weight",2,8,232,195 1 198 200 27 54 169 166; 220 32 222 174 188 166 34 199
13,"blk.13.ffn_down_exps.weight",2,8,232,195 1 198 200 27 54 169 166; 220 32 222 174 188 166 34 199
14,"blk.14.ffn_gate_exps.weight",2,8,232,148 121 84 132 200 104 110 180; 110 201 174 50 30 132 117 127
14,"blk.14.ffn_up_exps.weight",2,8,232,148 121 84 132 200 104 110 180; 110 201 174 50 30 132 117 127
14,"blk.14.ffn_down_exps.weight",2,8,232,148 121 84 132 200 104 110 180; 110 201 174 50 30 132 117 127
15,"blk.15.ffn_gate_exps.weight",2,8,232,111 221 38 213 59 87 28 93; 87 104 20 214 59 38 182 23
15,"blk.15.ffn_up_exps.weight",2,8,232,111 221 38 213 59 87 28 93; 87 104 20 214 59 38 182 23
15,"blk.15.ffn_down_exps.weight",2,8,232,111 221 38 213 59 87 28 93; 87 104 20 214 59 38 182 23
16,"blk.16.ffn_gate_exps.weight",2,8,232,89 186 16 170 84 169 85 44; 149 1 84 99 42 186 188 89
16,"blk.16.ffn_up_exps.weight",2,8,232,89 186 16 170 84 169 85 44; 149 1 84 99 42 186 188 89
16,"blk.16.ffn_down_exps.weight",2,8,232,89 186 16 170 84 169 85 44; 149 1 84 99 42 186 188 89
17,"blk.17.ffn_gate_exps.weight",2,8,232,95 157 46 94 213 38 37 153; 157 217 95 21 57 160 203 220
17,"blk.17.ffn_up_exps.weight",2,8,232,95 157 46 94 213 38 37 153; 157 217 95 21 57 160 203 220
17,"blk.17.ffn_down_exps.weight",2,8,232,95 157 46 94 213 38 37 153; 157 217 95 21 57 160 203 220
18,"blk.18.ffn_gate_exps.weight",2,8,232,129 168 65 34 123 172 154 16; 61 128 123 100 17 65 107 154
18,"blk.18.ffn_up_exps.weight",2,8,232,129 168 65 34 123 172 154 16; 61 128 123 100 17 65 107 154
18,"blk.18.ffn_down_exps.weight",2,8,232,129 168 65 34 123 172 154 16; 61 128 123 100 17 65 107 154
19,"blk.19.ffn_gate_exps.weight",2,8,232,46 104 21 135 221 223 216 155; 136 150 123 225 159 21 79 181
19,"blk.19.ffn_up_exps.weight",2,8,232,46 104 21 135 221 223 216 155; 136 150 123 225 159 21 79 181
19,"blk.19.ffn_down_exps.weight",2,8,232,46 104 21 135 221 223 216 155; 136 150 123 225 159 21 79 181
20,"blk.20.ffn_gate_exps.weight",2,8,232,68 197 155 57 115 79 78 122; 28 155 27 19 103 188 24 230
20,"blk.20.ffn_up_exps.weight",2,8,232,68 197 155 57 115 79 78 122; 28 155 27 19 103 188 24 230
20,"blk.20.ffn_down_exps.weight",2,8,232,68 197 155 57 115 79 78 122; 28 155 27 19 103 188 24 230
21,"blk.21.ffn_gate_exps.weight",2,8,232,169 60 110 140 192 186 85 97; 102 55 76 105 75 94 170 110
21,"blk.21.ffn_up_exps.weight",2,8,232,169 60 110 140 192 186 85 97; 102 55 76 105 75 94 170 110
21,"blk.21.ffn_down_exps.weight",2,8,232,169 60 110 140 192 186 85 97; 102 55 76 105 75 94 170 110
22,"blk.22.ffn_gate_exps.weight",2,8,232,73 102 144 210 173 83 224 21; 212 102 9 177 67 109 136 27
22,"blk.22.ffn_up_exps.weight",2,8,232,73 102 144 210 173 83 224 21; 212 102 9 177 67 109 136 27
22,"blk.22.ffn_down_exps.weight",2,8,232,73 102 144 210 173 83 224 21; 212 102 9 177 67 109 136 27
23,"blk.23.ffn_gate_exps.weight",2,8,232,47 19 66 178 190 136 128 121; 19 82 211 224 168 128 48 104
23,"blk.23.ffn_up_exps.weight",2,8,232,47 19 66 178 190 136 128 121; 19 82 211 224 168 128 48 104
23,"blk.23.ffn_down_exps.weight",2,8,232,47 19 66 178 190 136 128 121; 19 82 211 224 168 128 48 104
24,"blk.24.ffn_gate_exps.weight",2,8,232,126 168 47 68 215 22 217 163; 47 215 42 136 156 148 30 230
24,"blk.24.ffn_up_exps.weight",2,8,232,126 168 47 68 215 22 217 163; 47 215 42 136 156 148 30 230
24,"blk.24.ffn_down_exps.weight",2,8,232,126 168 47 68 215 22 217 163; 47 215 42 136 156 148 30 230
25,"blk.25.ffn_gate_exps.weight",2,8,232,107 47 5 83 67 172 124 167; 13 15 47 160 218 186 217 67
25,"blk.25.ffn_up_exps.weight",2,8,232,107 47 5 83 67 172 124 167; 13 15 47 160 218 186 217 67
25,"blk.25.ffn_down_exps.weight",2,8,232,107 47 5 83 67 172 124 167; 13 15 47 160 218 186 217 67
26,"blk.26.ffn_gate_exps.weight",2,8,232,187 47 37 67 10 88 6 192; 197 106 187 17 219 76 97 10
26,"blk.26.ffn_up_exps.weight",2,8,232,187 47 37 67 10 88 6 192; 197 106 187 17 219 76 97 10
26,"blk.26.ffn_down_exps.weight",2,8,232,187 47 37 67 10 88 6 192; 197 106 187 17 219 76 97 10
27,"blk.27.ffn_gate_exps.weight",1,8,232,41 47 33 137 168 129 149 193
27,"blk.27.ffn_up_exps.weight",1,8,232,41 47 33 137 168 129 149 193
27,"blk.27.ffn_down_exps.weight",1,8,232,41 47 33 137 168 129 149 193
27,"blk.27.ffn_gate_exps.weight",1,8,232,26 96 189 81 227 68 38 178
27,"blk.27.ffn_up_exps.weight",1,8,232,26 96 189 81 227 68 38 178
27,"blk.27.ffn_down_exps.weight",1,8,232,26 96 189 81 227 68 38 178
0,"blk.0.ffn_gate_exps.weight",1,8,232,176 90 88 210 136 145 146 222
0,"blk.0.ffn_up_exps.weight",1,8,232,176 90 88 210 136 145 146 222
0,"blk.0.ffn_down_exps.weight",1,8,232,176 90 88 210 136 145 146 222
1,"blk.1.ffn_gate_exps.weight",1,8,232,124 131 87 197 101 140 162 104
1,"blk.1.ffn_up_exps.weight",1,8,232,124 131 87 197 101 140 162 104
1,"blk.1.ffn_down_exps.weight",1,8,232,124 131 87 197 101 140 162 104
2,"blk.2.ffn_gate_exps.weight",1,8,232,190 159 66 71 148 128 176 145
2,"blk.2.ffn_up_exps.weight",1,8,232,190 159 66 71 148 128 176 145
2,"blk.2.ffn_down_exps.weight",1,8,232,190 159 66 71 148 128 176 145
3,"blk.3.ffn_gate_exps.weight",1,8,232,76 166 145 144 111 117 201 178
3,"blk.3.ffn_up_exps.weight",1,8,232,76 166 145 144 111 117 201 178
3,"blk.3.ffn_down_exps.weight",1,8,232,76 166 145 144 111 117 201 178
4,"blk.4.ffn_gate_exps.weight",1,8,232,69 66 207 161 84 188 146 43
4,"blk.4.ffn_up_exps.weight",1,8,232,69 66 207 161 84 188 146 43
4,"blk.4.ffn_down_exps.weight",1,8,232,69 66 207 161 84 188 146 43
5,"blk.5.ffn_gate_exps.weight",1,8,232,150 71 209 67 110 177 7 191
5,"blk.5.ffn_up_exps.weight",1,8,232,150 71 209 67 110 177 7 191
5,"blk.5.ffn_down_exps.weight",1,8,232,150 71 209 67 110 177 7 191
6,"blk.6.ffn_gate_exps.weight",1,8,232,177 114 137 70 52 17 149 186
6,"blk.6.ffn_up_exps.weight",1,8,232,177 114 137 70 52 17 149 186
6,"blk.6.ffn_down_exps.weight",1,8,232,177 114 137 70 52 17 149 186
7,"blk.7.ffn_gate_exps.weight",1,8,232,136 24 7 223 11 78 222 74
7,"blk.7.ffn_up_exps.weight",1,8,232,136 24 7 223 11 78 222 74
7,"blk.7.ffn_down_exps.weight",1,8,232,136 24 7 223 11 78 222 74
8,"blk.8.ffn_gate_exps.weight",1,8,232,227 39 40 143 60 37 56 191
8,"blk.8.ffn_up_exps.weight",1,8,232,227 39 40 143 60 37 56 191
8,"blk.8.ffn_down_exps.weight",1,8,232,227 39 40 143 60 37 56 191
9,"blk.9.ffn_gate_exps.weight",1,8,232,183 184 49 110 74 88 113 42
9,"blk.9.ffn_up_exps.weight",1,8,232,183 184 49 110 74 88 113 42
9,"blk.9.ffn_down_exps.weight",1,8,232,183 184 49 110 74 88 113 42
10,"blk.10.ffn_gate_exps.weight",1,8,232,201 77 64 30 107 194 209 108
10,"blk.10.ffn_up_exps.weight",1,8,232,201 77 64 30 107 194 209 108
10,"blk.10.ffn_down_exps.weight",1,8,232,201 77 64 30 107 194 209 108
11,"blk.11.ffn_gate_exps.weight",1,8,232,16 89 26 20 224 5 17 12
11,"blk.11.ffn_up_exps.weight",1,8,232,16 89 26 20 224 5 17 12
11,"blk.11.ffn_down_exps.weight",1,8,232,16 89 26 20 224 5 17 12
12,"blk.12.ffn_gate_exps.weight",1,8,232,16 22 25 41 24 135 117 68
12,"blk.12.ffn_up_exps.weight",1,8,232,16 22 25 41 24 135 117 68
12,"blk.12.ffn_down_exps.weight",1,8,232,16 22 25 41 24 135 117 68
13,"blk.13.ffn_gate_exps.weight",1,8,232,158 29 15 19 80 1 35 125
13,"blk.13.ffn_up_exps.weight",1,8,232,158 29 15 19 80 1 35 125
13,"blk.13.ffn_down_exps.weight",1,8,232,158 29 15 19 80 1 35 125
14,"blk.14.ffn_gate_exps.weight",1,8,232,144 13 19 78 5 226 23 11
14,"blk.14.ffn_up_exps.weight",1,8,232,144 13 19 78 5 226 23 11
14,"blk.14.ffn_down_exps.weight",1,8,232,144 13 19 78 5 226 23 11
15,"blk.15.ffn_gate_exps.weight",1,8,232,62 70 205 42 29 145 59 34
15,"blk.15.ffn_up_exps.weight",1,8,232,62 70 205 42 29 145 59 34
15,"blk.15.ffn_down_exps.weight",1,8,232,62 70 205 42 29 145 59 34
16,"blk.16.ffn_gate_exps.weight",1,8,232,62 179 209 117 92 160 119 170
16,"blk.16.ffn_up_exps.weight",1,8,232,62 179 209 117 92 160 119 170
16,"blk.16.ffn_down_exps.weight",1,8,232,62 179 209 117 92 160 119 170
17,"blk.17.ffn_gate_exps.weight",1,8,232,90 129 15 153 149 142 195 17
17,"blk.17.ffn_up_exps.weight",1,8,232,90 129 15 153 149 142 195 17
17,"blk.17.ffn_down_exps.weight",1,8,232,90 129 15 153 149 142 195 17
18,"blk.18.ffn_gate_exps.weight",1,8,232,98 135 153 166 132 42 149 91
18,"blk.18.ffn_up_exps.weight",1,8,232,98 135 153 166 132 42 149 91
18,"blk.18.ffn_down_exps.weight",1,8,232,98 135 153 166 132 42 149 91
19,"blk.19.ffn_gate_exps.weight",1,8,232,102 187 76 128 61 48 214 52
19,"blk.19.ffn_up_exps.weight",1,8,232,102 187 76 128 61 48 214 52
19,"blk.19.ffn_down_exps.weight",1,8,232,102 187 76 128 61 48 214 52
20,"blk.20.ffn_gate_exps.weight",1,8,232,191 215 195 105 213 170 202 226
20,"blk.20.ffn_up_exps.weight",1,8,232,191 215 195 105 213 170 202 226
20,"blk.20.ffn_down_exps.weight",1,8,232,191 215 195 105 213 170 202 226
21,"blk.21.ffn_gate_exps.weight",1,8,232,13 172 103 212 160 201 85 226
21,"blk.21.ffn_up_exps.weight",1,8,232,13 172 103 212 160 201 85 226
21,"blk.21.ffn_down_exps.weight",1,8,232,13 172 103 212 160 201 85 226
22,"blk.22.ffn_gate_exps.weight",1,8,232,93 110 210 56 83 188 190 73
22,"blk.22.ffn_up_exps.weight",1,8,232,93 110 210 56 83 188 190 73
22,"blk.22.ffn_down_exps.weight",1,8,232,93 110 210 56 83 188 190 73
23,"blk.23.ffn_gate_exps.weight",1,8,232,78 38 79 132 21 63 179 50
23,"blk.23.ffn_up_exps.weight",1,8,232,78 38 79 132 21 63 179 50
23,"blk.23.ffn_down_exps.weight",1,8,232,78 38 79 132 21 63 179 50
24,"blk.24.ffn_gate_exps.weight",1,8,232,156 190 223 145 170 72 130 137
24,"blk.24.ffn_up_exps.weight",1,8,232,156 190 223 145 170 72 130 137
24,"blk.24.ffn_down_exps.weight",1,8,232,156 190 223 145 170 72 130 137
25,"blk.25.ffn_gate_exps.weight",1,8,232,23 148 133 160 79 200 12 113
25,"blk.25.ffn_up_exps.weight",1,8,232,23 148 133 160 79 200 12 113
25,"blk.25.ffn_down_exps.weight",1,8,232,23 148 133 160 79 200 12 113
26,"blk.26.ffn_gate_exps.weight",1,8,232,181 52 172 219 29 41 117 35
26,"blk.26.ffn_up_exps.weight",1,8,232,181 52 172 219 29 41 117 35
26,"blk.26.ffn_down_exps.weight",1,8,232,181 52 172 219 29 41 117 35
27,"blk.27.ffn_gate_exps.weight",1,8,232,162 148 223 173 11 95 132 38
27,"blk.27.ffn_up_exps.weight",1,8,232,162 148 223 173 11 95 132 38
27,"blk.27.ffn_down_exps.weight",1,8,232,162 148 223 173 11 95 132 38
0,"blk.0.ffn_gate_exps.weight",1,8,232,63 78 35 53 101 127 54 134
0,"blk.0.ffn_up_exps.weight",1,8,232,63 78 35 53 101 127 54 134
0,"blk.0.ffn_down_exps.weight",1,8,232,63 78 35 53 101 127 54 134
1,"blk.1.ffn_gate_exps.weight",1,8,232,113 160 17 83 135 62 175 183
1,"blk.1.ffn_up_exps.weight",1,8,232,113 160 17 83 135 62 175 183
1,"blk.1.ffn_down_exps.weight",1,8,232,113 160 17 83 135 62 175 183
2,"blk.2.ffn_gate_exps.weight",1,8,232,131 145 230 148 176 58 142 192
2,"blk.2.ffn_up_exps.weight",1,8,232,131 145 230 148 176 58 142 192
2,"blk.2.ffn_down_exps.weight",1,8,232,131 145 230 148 176 58 142 192
3,"blk.3.ffn_gate_exps.weight",1,8,232,206 84 85 169 107 161 70 180
3,"blk.3.ffn_up_exps.weight",1,8,232,206 84 85 169 107 161 70 180
3,"blk.3.ffn_down_exps.weight",1,8,232,206 84 85 169 107 161 70 180
4,"blk.4.ffn_gate_exps.weight",1,8,232,77 42 203 118 94 51 174 196
4,"blk.4.ffn_up_exps.weight",1,8,232,77 42 203 118 94 51 174 196
4,"blk.4.ffn_down_exps.weight",1,8,232,77 42 203 118 94 51 174 196
5,"blk.5.ffn_gate_exps.weight",1,8,232,48 71 110 58 7 209 42 2
5,"blk.5.ffn_up_exps.weight",1,8,232,48 71 110 58 7 209 42 2
5,"blk.5.ffn_down_exps.weight",1,8,232,48 71 110 58 7 209 42 2
6,"blk.6.ffn_gate_exps.weight",1,8,232,114 137 221 17 52 63 83 16
6,"blk.6.ffn_up_exps.weight",1,8,232,114 137 221 17 52 63 83 16
6,"blk.6.ffn_down_exps.weight",1,8,232,114 137 221 17 52 63 83 16
7,"blk.7.ffn_gate_exps.weight",1,8,232,7 11 24 22 146 78 136 51
7,"blk.7.ffn_up_exps.weight",1,8,232,7 11 24 22 146 78 136 51
7,"blk.7.ffn_down_exps.weight",1,8,232,7 11 24 22 146 78 136 51
8,"blk.8.ffn_gate_exps.weight",1,8,232,40 111 39 65 60 143 56 198
8,"blk.8.ffn_up_exps.weight",1,8,232,40 111 39 65 60 143 56 198
8,"blk.8.ffn_down_exps.weight",1,8,232,40 111 39 65 60 143 56 198
9,"blk.9.ffn_gate_exps.weight",1,8,232,49 184 42 110 180 183 128 123
9,"blk.9.ffn_up_exps.weight",1,8,232,49 184 42 110 180 183 128 123
9,"blk.9.ffn_down_exps.weight",1,8,232,49 184 42 110 180 183 128 123
10,"blk.10.ffn_gate_exps.weight",1,8,232,77 30 201 64 122 107 108 25
10,"blk.10.ffn_up_exps.weight",1,8,232,77 30 201 64 122 107 108 25
10,"blk.10.ffn_down_exps.weight",1,8,232,77 30 201 64 122 107 108 25
11,"blk.11.ffn_gate_exps.weight",1,8,232,20 12 5 46 224 89 26 16
11,"blk.11.ffn_up_exps.weight",1,8,232,20 12 5 46 224 89 26 16
11,"blk.11.ffn_down_exps.weight",1,8,232,20 12 5 46 224 89 26 16
12,"blk.12.ffn_gate_exps.weight",1,8,232,24 25 117 41 16 127 22 56
12,"blk.12.ffn_up_exps.weight",1,8,232,24 25 117 41 16 127 22 56
12,"blk.12.ffn_down_exps.weight",1,8,232,24 25 117 41 16 127 22 56
13,"blk.13.ffn_gate_exps.weight",1,8,232,29 158 80 116 77 15 78 56
13,"blk.13.ffn_up_exps.weight",1,8,232,29 158 80 116 77 15 78 56
13,"blk.13.ffn_down_exps.weight",1,8,232,29 158 80 116 77 15 78 56
14,"blk.14.ffn_gate_exps.weight",1,8,232,5 19 13 175 78 150 103 226
14,"blk.14.ffn_up_exps.weight",1,8,232,5 19 13 175 78 150 103 226
14,"blk.14.ffn_down_exps.weight",1,8,232,5 19 13 175 78 150 103 226
15,"blk.15.ffn_gate_exps.weight",1,8,232,70 145 59 42 189 51 209 78
15,"blk.15.ffn_up_exps.weight",1,8,232,70 145 59 42 189 51 209 78
15,"blk.15.ffn_down_exps.weight",1,8,232,70 145 59 42 189 51 209 78
16,"blk.16.ffn_gate_exps.weight",1,8,232,179 229 107 147 117 196 181 226
16,"blk.16.ffn_up_exps.weight",1,8,232,179 229 107 147 117 196 181 226
16,"blk.16.ffn_down_exps.weight",1,8,232,179 229 107 147 117 196 181 226
17,"blk.17.ffn_gate_exps.weight",1,8,232,132 192 90 119 129 26 48 193
17,"blk.17.ffn_up_exps.weight",1,8,232,132 192 90 119 129 26 48 193
17,"blk.17.ffn_down_exps.weight",1,8,232,132 192 90 119 129 26 48 193
18,"blk.18.ffn_gate_exps.weight",1,8,232,153 42 93 30 47 109 214 98
18,"blk.18.ffn_up_exps.weight",1,8,232,153 42 93 30 47 109 214 98
18,"blk.18.ffn_down_exps.weight",1,8,232,153 42 93 30 47 109 214 98
19,"blk.19.ffn_gate_exps.weight",1,8,232,187 215 48 226 107 56 197 190
19,"blk.19.ffn_up_exps.weight",1,8,232,187 215 48 226 107 56 197 190
19,"blk.19.ffn_down_exps.weight",1,8,232,187 215 48 226 107 56 197 190
20,"blk.20.ffn_gate_exps.weight",1,8,232,75 226 115 32 174 116 132 216
20,"blk.20.ffn_up_exps.weight",1,8,232,75 226 115 32 174 116 132 216
20,"blk.20.ffn_down_exps.weight",1,8,232,75 226 115 32 174 116 132 216
21,"blk.21.ffn_gate_exps.weight",1,8,232,103 201 55 152 91 75 58 97
21,"blk.21.ffn_up_exps.weight",1,8,232,103 201 55 152 91 75 58 97
21,"blk.21.ffn_down_exps.weight",1,8,232,103 201 55 152 91 75 58 97
22,"blk.22.ffn_gate_exps.weight",1,8,232,188 161 126 174 34 118 39 146
22,"blk.22.ffn_up_exps.weight",1,8,232,188 161 126 174 34 118 39 146
22,"blk.22.ffn_down_exps.weight",1,8,232,188 161 126 174 34 118 39 146
23,"blk.23.ffn_gate_exps.weight",1,8,232,63 183 202 230 126 146 4 162
23,"blk.23.ffn_up_exps.weight",1,8,232,63 183 202 230 126 146 4 162
23,"blk.23.ffn_down_exps.weight",1,8,232,63 183 202 230 126 146 4 162
24,"blk.24.ffn_gate_exps.weight",1,8,232,196 190 184 129 173 162 75 166
24,"blk.24.ffn_up_exps.weight",1,8,232,196 190 184 129 173 162 75 166
24,"blk.24.ffn_down_exps.weight",1,8,232,196 190 184 129 173 162 75 166
25,"blk.25.ffn_gate_exps.weight",1,8,232,56 194 68 106 91 9 193 165
25,"blk.25.ffn_up_exps.weight",1,8,232,56 194 68 106 91 9 193 165
25,"blk.25.ffn_down_exps.weight",1,8,232,56 194 68 106 91 9 193 165
26,"blk.26.ffn_gate_exps.weight",1,8,232,174 101 103 203 93 94 178 222
26,"blk.26.ffn_up_exps.weight",1,8,232,174 101 103 203 93 94 178 222
26,"blk.26.ffn_down_exps.weight",1,8,232,174 101 103 203 93 94 178 222
27,"blk.27.ffn_gate_exps.weight",1,8,232,141 111 140 62 190 16 132 15
27,"blk.27.ffn_up_exps.weight",1,8,232,141 111 140 62 190 16 132 15
27,"blk.27.ffn_down_exps.weight",1,8,232,141 111 140 62 190 16 132 15
0,"blk.0.ffn_gate_exps.weight",1,8,232,73 15 226 21 140 77 182 18
0,"blk.0.ffn_up_exps.weight",1,8,232,73 15 226 21 140 77 182 18
0,"blk.0.ffn_down_exps.weight",1,8,232,73 15 226 21 140 77 182 18
1,"blk.1.ffn_gate_exps.weight",1,8,232,54 33 3 50 144 149 162 200
1,"blk.1.ffn_up_exps.weight",1,8,232,54 33 3 50 144 149 162 200
1,"blk.1.ffn_down_exps.weight",1,8,232,54 33 3 50 144 149 162 200
2,"blk.2.ffn_gate_exps.weight",1,8,232,183 147 112 113 169 17 92 29
2,"blk.2.ffn_up_exps.weight",1,8,232,183 147 112 113 169 17 92 29
2,"blk.2.ffn_down_exps.weight",1,8,232,183 147 112 113 169 17 92 29
3,"blk.3.ffn_gate_exps.weight",1,8,232,158 138 49 127 141 128 110 13
3,"blk.3.ffn_up_exps.weight",1,8,232,158 138 49 127 141 128 110 13
3,"blk.3.ffn_down_exps.weight",1,8,232,158 138 49 127 141 128 110 13
4,"blk.4.ffn_gate_exps.weight",1,8,232,15 166 82 91 80 189 60 28
4,"blk.4.ffn_up_exps.weight",1,8,232,15 166 82 91 80 189 60 28
4,"blk.4.ffn_down_exps.weight",1,8,232,15 166 82 91 80 189 60 28
5,"blk.5.ffn_gate_exps.weight",1,8,232,24 86 35 148 101 48 76 89
5,"blk.5.ffn_up_exps.weight",1,8,232,24 86 35 148 101 48 76 89
5,"blk.5.ffn_down_exps.weight",1,8,232,24 86 35 148 101 48 76 89
6,"blk.6.ffn_gate_exps.weight",1,8,232,17 125 116 130 91 134 137 221
6,"blk.6.ffn_up_exps.weight",1,8,232,17 125 116 130 91 134 137 221
6,"blk.6.ffn_down_exps.weight",1,8,232,17 125 116 130 91 134 137 221
7,"blk.7.ffn_gate_exps.weight",1,8,232,106 155 146 125 31 145 11 6
7,"blk.7.ffn_up_exps.weight",1,8,232,106 155 146 125 31 145 11 6
7,"blk.7.ffn_down_exps.weight",1,8,232,106 155 146 125 31 145 11 6
8,"blk.8.ffn_gate_exps.weight",1,8,232,29 178 167 187 204 22 120 111
8,"blk.8.ffn_up_exps.weight",1,8,232,29 178 167 187 204 22 120 111
8,"blk.8.ffn_down_exps.weight",1,8,232,29 178 167 187 204 22 120 111
9,"blk.9.ffn_gate_exps.weight",1,8,232,163 157 82 41 54 110 180 223
9,"blk.9.ffn_up_exps.weight",1,8,232,163 157 82 41 54 110 180 223
9,"blk.9.ffn_down_exps.weight",1,8,232,163 157 82 41 54 110 180 223
10,"blk.10.ffn_gate_exps.weight",1,8,232,14 104 28 113 77 30 129 7
10,"blk.10.ffn_up_exps.weight",1,8,232,14 104 28 113 77 30 129 7
10,"blk.10.ffn_down_exps.weight",1,8,232,14 104 28 113 77 30 129 7
11,"blk.11.ffn_gate_exps.weight",1,8,232,71 155 121 50 20 14 96 46
11,"blk.11.ffn_up_exps.weight",1,8,232,71 155 121 50 20 14 96 46
11,"blk.11.ffn_down_exps.weight",1,8,232,71 155 121 50 20 14 96 46
12,"blk.12.ffn_gate_exps.weight",1,8,232,85 20 210 219 24 117 126 14
12,"blk.12.ffn_up_exps.weight",1,8,232,85 20 210 219 24 117 126 14
12,"blk.12.ffn_down_exps.weight",1,8,232,85 20 210 219 24 117 126 14
13,"blk.13.ffn_gate_exps.weight",1,8,232,29 128 21 218 150 137 23 75
13,"blk.13.ffn_up_exps.weight",1,8,232,29 128 21 218 150 137 23 75
13,"blk.13.ffn_down_exps.weight",1,8,232,29 128 21 218 150 137 23 75
14,"blk.14.ffn_gate_exps.weight",1,8,232,73 60 39 206 19 165 103 5
14,"blk.14.ffn_up_exps.weight",1,8,232,73 60 39 206 19 165 103 5
14,"blk.14.ffn_down_exps.weight",1,8,232,73 60 39 206 19 165 103 5
15,"blk.15.ffn_gate_exps.weight",1,8,232,79 105 128 191 36 45 43 50
15,"blk.15.ffn_up_exps.weight",1,8,232,79 105 128 191 36 45 43 50
15,"blk.15.ffn_down_exps.weight",1,8,232,79 105 128 191 36 45 43 50
16,"blk.16.ffn_gate_exps.weight",1,8,232,4 218 150 19 229 143 158 69
16,"blk.16.ffn_up_exps.weight",1,8,232,4 218 150 19 229 143 158 69
16,"blk.16.ffn_down_exps.weight",1,8,232,4 218 150 19 229 143 158 69
17,"blk.17.ffn_gate_exps.weight",1,8,232,197 199 25 176 44 91 46 192
17,"blk.17.ffn_up_exps.weight",1,8,232,197 199 25 176 44 91 46 192
17,"blk.17.ffn_down_exps.weight",1,8,232,197 199 25 176 44 91 46 192
18,"blk.18.ffn_gate_exps.weight",1,8,232,101 30 163 33 24 34 123 159
18,"blk.18.ffn_up_exps.weight",1,8,232,101 30 163 33 24 34 123 159
18,"blk.18.ffn_down_exps.weight",1,8,232,101 30 163 33 24 34 123 159
19,"blk.19.ffn_gate_exps.weight",1,8,232,79 150 17 181 195 107 184 161
19,"blk.19.ffn_up_exps.weight",1,8,232,79 150 17 181 195 107 184 161
19,"blk.19.ffn_down_exps.weight",1,8,232,79 150 17 181 195 107 184 161
20,"blk.20.ffn_gate_exps.weight",1,8,232,68 62 31 57 203 16 164 221
20,"blk.20.ffn_up_exps.weight",1,8,232,68 62 31 57 203 16 164 221
20,"blk.20.ffn_down_exps.weight",1,8,232,68 62 31 57 203 16 164 221
21,"blk.21.ffn_gate_exps.weight",1,8,232,36 126 71 85 115 151 150 122
21,"blk.21.ffn_up_exps.weight",1,8,232,36 126 71 85 115 151 150 122
21,"blk.21.ffn_down_exps.weight",1,8,232,36 126 71 85 115 151 150 122
22,"blk.22.ffn_gate_exps.weight",1,8,232,31 173 68 147 82 126 164 96
22,"blk.22.ffn_up_exps.weight",1,8,232,31 173 68 147 82 126 164 96
22,"blk.22.ffn_down_exps.weight",1,8,232,31 173 68 147 82 126 164 96
23,"blk.23.ffn_gate_exps.weight",1,8,232,42 139 31 180 109 206 84 197
23,"blk.23.ffn_up_exps.weight",1,8,232,42 139 31 180 109 206 84 197
23,"blk.23.ffn_down_exps.weight",1,8,232,42 139 31 180 109 206 84 197
24,"blk.24.ffn_gate_exps.weight",1,8,232,134 157 69 164 188 174 84 115
24,"blk.24.ffn_up_exps.weight",1,8,232,134 157 69 164 188 174 84 115
24,"blk.24.ffn_down_exps.weight",1,8,232,134 157 69 164 188 174 84 115
25,"blk.25.ffn_gate_exps.weight",1,8,232,22 39 100 63 67 94 165 178
25,"blk.25.ffn_up_exps.weight",1,8,232,22 39 100 63 67 94 165 178
25,"blk.25.ffn_down_exps.weight",1,8,232,22 39 100 63 67 94 165 178
26,"blk.26.ffn_gate_exps.weight",1,8,232,21 198 175 149 41 26 8 187
26,"blk.26.ffn_up_exps.weight",1,8,232,21 198 175 149 41 26 8 187
26,"blk.26.ffn_down_exps.weight",1,8,232,21 198 175 149 41 26 8 187
27,"blk.27.ffn_gate_exps.weight",1,8,232,174 133 165 191 8 76 116 195
27,"blk.27.ffn_up_exps.weight",1,8,232,174 133 165 191 8 76 116 195
27,"blk.27.ffn_down_exps.weight",1,8,232,174 133 165 191 8 76 116 195
0,"blk.0.ffn_gate_exps.weight",1,8,232,128 24 72 99 161 121 139 124
0,"blk.0.ffn_up_exps.weight",1,8,232,128 24 72 99 161 121 139 124
0,"blk.0.ffn_down_exps.weight",1,8,232,128 24 72 99 161 121 139 124
1,"blk.1.ffn_gate_exps.weight",1,8,232,216 195 87 85 212 172 20 227
1,"blk.1.ffn_up_exps.weight",1,8,232,216 195 87 85 212 172 20 227
1,"blk.1.ffn_down_exps.weight",1,8,232,216 195 87 85 212 172 20 227
2,"blk.2.ffn_gate_exps.weight",1,8,232,231 96 150 110 189 107 77 169
2,"blk.2.ffn_up_exps.weight",1,8,232,231 96 150 110 189 107 77 169
2,"blk.2.ffn_down_exps.weight",1,8,232,231 96 150 110 189 107 77 169
3,"blk.3.ffn_gate_exps.weight",1,8,232,24 51 2 124 150 14 142 229
3,"blk.3.ffn_up_exps.weight",1,8,232,24 51 2 124 150 14 142 229
3,"blk.3.ffn_down_exps.weight",1,8,232,24 51 2 124 150 14 142 229
4,"blk.4.ffn_gate_exps.weight",1,8,232,140 104 211 192 66 158 41 11
4,"blk.4.ffn_up_exps.weight",1,8,232,140 104 211 192 66 158 41 11
4,"blk.4.ffn_down_exps.weight",1,8,232,140 104 211 192 66 158 41 11
5,"blk.5.ffn_gate_exps.weight",1,8,232,105 131 150 155 174 100 24 231
5,"blk.5.ffn_up_exps.weight",1,8,232,105 131 150 155 174 100 24 231
5,"blk.5.ffn_down_exps.weight",1,8,232,105 131 150 155 174 100 24 231
6,"blk.6.ffn_gate_exps.weight",1,8,232,149 202 150 205 186 114 196 108
6,"blk.6.ffn_up_exps.weight",1,8,232,149 202 150 205 186 114 196 108
6,"blk.6.ffn_down_exps.weight",1,8,232,149 202 150 205 186 114 196 108
7,"blk.7.ffn_gate_exps.weight",1,8,232,174 146 223 186 177 13 24 22
7,"blk.7.ffn_up_exps.weight",1,8,232,174 146 223 186 177 13 24 22
7,"blk.7.ffn_down_exps.weight",1,8,232,174 146 223 186 177 13 24 22
8,"blk.8.ffn_gate_exps.weight",1,8,232,140 230 15 27 48 161 111 67
8,"blk.8.ffn_up_exps.weight",1,8,232,140 230 15 27 48 161 111 67
8,"blk.8.ffn_down_exps.weight",1,8,232,140 230 15 27 48 161 111 67
9,"blk.9.ffn_gate_exps.weight",1,8,232,171 180 206 213 81 207 229 63
9,"blk.9.ffn_up_exps.weight",1,8,232,171 180 206 213 81 207 229 63
9,"blk.9.ffn_down_exps.weight",1,8,232,171 180 206 213 81 207 229 63
10,"blk.10.ffn_gate_exps.weight",1,8,232,103 86 77 74 24 185 78 136
10,"blk.10.ffn_up_exps.weight",1,8,232,103 86 77 74 24 185 78 136
10,"blk.10.ffn_down_exps.weight",1,8,232,103 86 77 74 24 185 78 136
11,"blk.11.ffn_gate_exps.weight",1,8,232,177 213 46 20 210 90 144 5
11,"blk.11.ffn_up_exps.weight",1,8,232,177 213 46 20 210 90 144 5
11,"blk.11.ffn_down_exps.weight",1,8,232,177 213 46 20 210 90 144 5
12,"blk.12.ffn_gate_exps.weight",1,8,232,117 135 24 198 118 221 56 79
12,"blk.12.ffn_up_exps.weight",1,8,232,117 135 24 198 118 221 56 79
12,"blk.12.ffn_down_exps.weight",1,8,232,117 135 24 198 118 221 56 79
13,"blk.13.ffn_gate_exps.weight",1,8,232,209 166 231 19 81 76 18 97
13,"blk.13.ffn_up_exps.weight",1,8,232,209 166 231 19 81 76 18 97
13,"blk.13.ffn_down_exps.weight",1,8,232,209 166 231 19 81 76 18 97
14,"blk.14.ffn_gate_exps.weight",1,8,232,19 199 186 92 5 195 114 32
14,"blk.14.ffn_up_exps.weight",1,8,232,19 199 186 92 5 195 114 32
14,"blk.14.ffn_down_exps.weight",1,8,232,19 199 186 92 5 195 114 32
15,"blk.15.ffn_gate_exps.weight",1,8,232,190 111 59 70 223 44 145 157
15,"blk.15.ffn_up_exps.weight",1,8,232,190 111 59 70 223 44 145 157
15,"blk.15.ffn_down_exps.weight",1,8,232,190 111 59 70 223 44 145 157
16,"blk.16.ffn_gate_exps.weight",1,8,232,124 166 115 158 16 201 72 70
16,"blk.16.ffn_up_exps.weight",1,8,232,124 166 115 158 16 201 72 70
16,"blk.16.ffn_down_exps.weight",1,8,232,124 166 115 158 16 201 72 70
17,"blk.17.ffn_gate_exps.weight",1,8,232,7 130 3 97 70 20 90 67
17,"blk.17.ffn_up_exps.weight",1,8,232,7 130 3 97 70 20 90 67
17,"blk.17.ffn_down_exps.weight",1,8,232,7 130 3 97 70 20 90 67
18,"blk.18.ffn_gate_exps.weight",1,8,232,156 122 206 1 0 163 153 132
18,"blk.18.ffn_up_exps.weight",1,8,232,156 122 206 1 0 163 153 132
18,"blk.18.ffn_down_exps.weight",1,8,232,156 122 206 1 0 163 153 132
19,"blk.19.ffn_gate_exps.weight",1,8,232,209 2 0 140 214 75 222 160
19,"blk.19.ffn_up_exps.weight",1,8,232,209 2 0 140 214 75 222 160
19,"blk.19.ffn_down_exps.weight",1,8,232,209 2 0 140 214 75 222 160
20,"blk.20.ffn_gate_exps.weight",1,8,232,151 8 205 218 9 10 7 89
20,"blk.20.ffn_up_exps.weight",1,8,232,151 8 205 218 9 10 7 89
20,"blk.20.ffn_down_exps.weight",1,8,232,151 8 205 218 9 10 7 89
21,"blk.21.ffn_gate_exps.weight",1,8,232,222 183 2 113 100 8 169 85
21,"blk.21.ffn_up_exps.weight",1,8,232,222 183 2 113 100 8 169 85
21,"blk.21.ffn_down_exps.weight",1,8,232,222 183 2 113 100 8 169 85
22,"blk.22.ffn_gate_exps.weight",1,8,232,218 204 221 22 79 24 217 194
22,"blk.22.ffn_up_exps.weight",1,8,232,218 204 221 22 79 24 217 194
22,"blk.22.ffn_down_exps.weight",1,8,232,218 204 221 22 79 24 217 194
23,"blk.23.ffn_gate_exps.weight",1,8,232,142 11 18 65 12 24 79 191
23,"blk.23.ffn_up_exps.weight",1,8,232,142 11 18 65 12 24 79 191
23,"blk.23.ffn_down_exps.weight",1,8,232,142 11 18 65 12 24 79 191
24,"blk.24.ffn_gate_exps.weight",1,8,232,186 99 121 221 207 32 137 34
24,"blk.24.ffn_up_exps.weight",1,8,232,186 99 121 221 207 32 137 34
24,"blk.24.ffn_down_exps.weight",1,8,232,186 99 121 221 207 32 137 34
25,"blk.25.ffn_gate_exps.weight",1,8,232,148 143 164 19 37 12 190 123
25,"blk.25.ffn_up_exps.weight",1,8,232,148 143 164 19 37 12 190 123
25,"blk.25.ffn_down_exps.weight",1,8,232,148 143 164 19 37 12 190 123
26,"blk.26.ffn_gate_exps.weight",1,8,232,99 162 165 14 164 57 51 111
26,"blk.26.ffn_up_exps.weight",1,8,232,99 162 165 14 164 57 51 111
26,"blk.26.ffn_down_exps.weight",1,8,232,99 162 165 14 164 57 51 111
27,"blk.27.ffn_gate_exps.weight",1,8,232,201 148 175 206 104 130 185 40
27,"blk.27.ffn_up_exps.weight",1,8,232,201 148 175 206 104 130 185 40
27,"blk.27.ffn_down_exps.weight",1,8,232,201 148 175 206 104 130 185 40
0,"blk.0.ffn_gate_exps.weight",1,8,232,80 14 95 115 40 131 94 7
0,"blk.0.ffn_up_exps.weight",1,8,232,80 14 95 115 40 131 94 7
0,"blk.0.ffn_down_exps.weight",1,8,232,80 14 95 115 40 131 94 7
1,"blk.1.ffn_gate_exps.weight",1,8,232,1 205 123 96 224 200 109 30
1,"blk.1.ffn_up_exps.weight",1,8,232,1 205 123 96 224 200 109 30
1,"blk.1.ffn_down_exps.weight",1,8,232,1 205 123 96 224 200 109 30
2,"blk.2.ffn_gate_exps.weight",1,8,232,119 37 13 151 169 0 108 10
2,"blk.2.ffn_up_exps.weight",1,8,232,119 37 13 151 169 0 108 10
2,"blk.2.ffn_down_exps.weight",1,8,232,119 37 13 151 169 0 108 10
3,"blk.3.ffn_gate_exps.weight",1,8,232,190 36 157 142 89 167 124 223
3,"blk.3.ffn_up_exps.weight",1,8,232,190 36 157 142 89 167 124 223
3,"blk.3.ffn_down_exps.weight",1,8,232,190 36 157 142 89 167 124 223
4,"blk.4.ffn_gate_exps.weight",1,8,232,158 142 199 8 28 41 218 32
4,"blk.4.ffn_up_exps.weight",1,8,232,158 142 199 8 28 41 218 32
4,"blk.4.ffn_down_exps.weight",1,8,232,158 142 199 8 28 41 218 32
5,"blk.5.ffn_gate_exps.weight",1,8,232,11 82 135 16 218 20 100 156
5,"blk.5.ffn_up_exps.weight",1,8,232,11 82 135 16 218 20 100 156
5,"blk.5.ffn_down_exps.weight",1,8,232,11 82 135 16 218 20 100 156
6,"blk.6.ffn_gate_exps.weight",1,8,232,196 157 169 114 197 9 191 8
6,"blk.6.ffn_up_exps.weight",1,8,232,196 157 169 114 197 9 191 8
6,"blk.6.ffn_down_exps.weight",1,8,232,196 157 169 114 197 9 191 8
7,"blk.7.ffn_gate_exps.weight",1,8,232,186 97 27 13 146 215 88 211
7,"blk.7.ffn_up_exps.weight",1,8,232,186 97 27 13 146 215 88 211
7,"blk.7.ffn_down_exps.weight",1,8,232,186 97 27 13 146 215 88 211
8,"blk.8.ffn_gate_exps.weight",1,8,232,27 176 140 191 71 161 111 67
8,"blk.8.ffn_up_exps.weight",1,8,232,27 176 140 191 71 161 111 67
8,"blk.8.ffn_down_exps.weight",1,8,232,27 176 140 191 71 161 111 67
9,"blk.9.ffn_gate_exps.weight",1,8,232,171 180 206 4 123 73 158 18
9,"blk.9.ffn_up_exps.weight",1,8,232,171 180 206 4 123 73 158 18
9,"blk.9.ffn_down_exps.weight",1,8,232,171 180 206 4 123 73 158 18
10,"blk.10.ffn_gate_exps.weight",1,8,232,86 78 77 211 117 30 173 185
10,"blk.10.ffn_up_exps.weight",1,8,232,86 78 77 211 117 30 173 185
10,"blk.10.ffn_down_exps.weight",1,8,232,86 78 77 211 117 30 173 185
11,"blk.11.ffn_gate_exps.weight",1,8,232,46 20 221 16 12 89 182 38
11,"blk.11.ffn_up_exps.weight",1,8,232,46 20 221 16 12 89 182 38
11,"blk.11.ffn_down_exps.weight",1,8,232,46 20 221 16 12 89 182 38
12,"blk.12.ffn_gate_exps.weight",1,8,232,56 117 75 79 158 24 137 198
12,"blk.12.ffn_up_exps.weight",1,8,232,56 117 75 79 158 24 137 198
12,"blk.12.ffn_down_exps.weight",1,8,232,56 117 75 79 158 24 137 198
13,"blk.13.ffn_gate_exps.weight",1,8,232,29 76 106 228 151 192 1 74
13,"blk.13.ffn_up_exps.weight",1,8,232,29 76 106 228 151 192 1 74
13,"blk.13.ffn_down_exps.weight",1,8,232,29 76 106 228 151 192 1 74
14,"blk.14.ffn_gate_exps.weight",1,8,232,194 19 5 83 121 175 103 185
14,"blk.14.ffn_up_exps.weight",1,8,232,194 19 5 83 121 175 103 185
14,"blk.14.ffn_down_exps.weight",1,8,232,194 19 5 83 121 175 103 185
15,"blk.15.ffn_gate_exps.weight",1,8,232,111 70 152 145 20 93 84 91
15,"blk.15.ffn_up_exps.weight",1,8,232,111 70 152 145 20 93 84 91
15,"blk.15.ffn_down_exps.weight",1,8,232,111 70 152 145 20 93 84 91
16,"blk.16.ffn_gate_exps.weight",1,8,232,117 162 111 120 185 7 106 177
16,"blk.16.ffn_up_exps.weight",1,8,232,117 162 111 120 185 7 106 177
16,"blk.16.ffn_down_exps.weight",1,8,232,117 162 111 120 185 7 106 177
17,"blk.17.ffn_gate_exps.weight",1,8,232,100 139 104 164 93 39 214 113
17,"blk.17.ffn_up_exps.weight",1,8,232,100 139 104 164 93 39 214 113
17,"blk.17.ffn_down_exps.weight",1,8,232,100 139 104 164 93 39 214 113
18,"blk.18.ffn_gate_exps.weight",1,8,232,94 88 91 66 153 201 181 6
18,"blk.18.ffn_up_exps.weight",1,8,232,94 88 91 66 153 201 181 6
18,"blk.18.ffn_down_exps.weight",1,8,232,94 88 91 66 153 201 181 6
19,"blk.19.ffn_gate_exps.weight",1,8,232,88 71 129 229 203 127 30 231
19,"blk.19.ffn_up_exps.weight",1,8,232,88 71 129 229 203 127 30 231
19,"blk.19.ffn_down_exps.weight",1,8,232,88 71 129 229 203 127 30 231
20,"blk.20.ffn_gate_exps.weight",1,8,232,28 57 151 184 140 14 80 202
20,"blk.20.ffn_up_exps.weight",1,8,232,28 57 151 184 140 14 80 202
20,"blk.20.ffn_down_exps.weight",1,8,232,28 57 151 184 140 14 80 202
21,"blk.21.ffn_gate_exps.weight",1,8,232,156 214 71 147 230 29 47 117
21,"blk.21.ffn_up_exps.weight",1,8,232,156 214 71 147 230 29 47 117
21,"blk.21.ffn_down_exps.weight",1,8,232,156 214 71 147 230 29 47 117
22,"blk.22.ffn_gate_exps.weight",1,8,232,180 214 132 125 32 62 168 172
22,"blk.22.ffn_up_exps.weight",1,8,232,180 214 132 125 32 62 168 172
22,"blk.22.ffn_down_exps.weight",1,8,232,180 214 132 125 32 62 168 172
23,"blk.23.ffn_gate_exps.weight",1,8,232,5 110 118 197 162 227 63 54
23,"blk.23.ffn_up_exps.weight",1,8,232,5 110 118 197 162 227 63 54
23,"blk.23.ffn_down_exps.weight",1,8,232,5 110 118 197 162 227 63 54
24,"blk.24.ffn_gate_exps.weight",1,8,232,208 142 155 106 43 55 38 67
24,"blk.24.ffn_up_exps.weight",1,8,232,208 142 155 106 43 55 38 67
24,"blk.24.ffn_down_exps.weight",1,8,232,208 142 155 106 43 55 38 67
25,"blk.25.ffn_gate_exps.weight",1,8,232,32 165 29 67 38 153 7 82
25,"blk.25.ffn_up_exps.weight",1,8,232,32 165 29 67 38 153 7 82
25,"blk.25.ffn_down_exps.weight",1,8,232,32 165 29 67 38 153 7 82
26,"blk.26.ffn_gate_exps.weight",1,8,232,189 133 157 178 210 192 53 68
26,"blk.26.ffn_up_exps.weight",1,8,232,189 133 157 178 210 192 53 68
26,"blk.26.ffn_down_exps.weight",1,8,232,189 133 157 178 210 192 53 68
27,"blk.27.ffn_gate_exps.weight",1,8,232,70 135 205 109 170 85 116 97
27,"blk.27.ffn_up_exps.weight",1,8,232,70 135 205 109 170 85 116 97
27,"blk.27.ffn_down_exps.weight",1,8,232,70 135 205 109 170 85 116 97
0,"blk.0.ffn_gate_exps.weight",1,8,232,129 34 114 138 132 157 220 18
0,"blk.0.ffn_up_exps.weight",1,8,232,129 34 114 138 132 157 220 18
0,"blk.0.ffn_down_exps.weight",1,8,232,129 34 114 138 132 157 220 18
1,"blk.1.ffn_gate_exps.weight",1,8,232,78 76 212 102 155 208 174 193
1,"blk.1.ffn_up_exps.weight",1,8,232,78 76 212 102 155 208 174 193
1,"blk.1.ffn_down_exps.weight",1,8,232,78 76 212 102 155 208 174 193
2,"blk.2.ffn_gate_exps.weight",1,8,232,228 158 68 231 42 53 135 109
2,"blk.2.ffn_up_exps.weight",1,8,232,228 158 68 231 42 53 135 109
2,"blk.2.ffn_down_exps.weight",1,8,232,228 158 68 231 42 53 135 109
3,"blk.3.ffn_gate_exps.weight",1,8,232,125 28 206 12 68 171 24 129
3,"blk.3.ffn_up_exps.weight",1,8,232,125 28 206 12 68 171 24 129
3,"blk.3.ffn_down_exps.weight",1,8,232,125 28 206 12 68 171 24 129
4,"blk.4.ffn_gate_exps.weight",1,8,232,40 208 229 165 44 217 200 10
4,"blk.4.ffn_up_exps.weight",1,8,232,40 208 229 165 44 217 200 10
4,"blk.4.ffn_down_exps.weight",1,8,232,40 208 229 165 44 217 200 10
5,"blk.5.ffn_gate_exps.weight",1,8,232,212 182 226 183 216 230 122 9
5,"blk.5.ffn_up_exps.weight",1,8,232,212 182 226 183 216 230 122 9
5,"blk.5.ffn_down_exps.weight",1,8,232,212 182 226 183 216 230 122 9
6,"blk.6.ffn_gate_exps.weight",1,8,232,39 137 104 33 71 207 4 115
6,"blk.6.ffn_up_exps.weight",1,8,232,39 137 104 33 71 207 4 115
6,"blk.6.ffn_down_exps.weight",1,8,232,39 137 104 33 71 207 4 115
7,"blk.7.ffn_gate_exps.weight",1,8,232,43 133 14 165 136 108 56 209
7,"blk.7.ffn_up_exps.weight",1,8,232,43 133 14 165 136 108 56 209
7,"blk.7.ffn_down_exps.weight",1,8,232,43 133 14 165 136 108 56 209
8,"blk.8.ffn_gate_exps.weight",1,8,232,160 31 161 166 92 172 71 190
8,"blk.8.ffn_up_exps.weight",1,8,232,160 31 161 166 92 172 71 190
8,"blk.8.ffn_down_exps.weight",1,8,232,160 31 161 166 92 172 71 190
9,"blk.9.ffn_gate_exps.weight",1,8,232,148 6 205 213 37 179 4 155
9,"blk.9.ffn_up_exps.weight",1,8,232,148 6 205 213 37 179 4 155
9,"blk.9.ffn_down_exps.weight",1,8,232,148 6 205 213 37 179 4 155
10,"blk.10.ffn_gate_exps.weight",1,8,232,175 132 78 211 185 15 77 112
10,"blk.10.ffn_up_exps.weight",1,8,232,175 132 78 211 185 15 77 112
10,"blk.10.ffn_down_exps.weight",1,8,232,175 132 78 211 185 15 77 112
11,"blk.11.ffn_gate_exps.weight",1,8,232,183 209 124 8 221 176 5 20
11,"blk.11.ffn_up_exps.weight",1,8,232,183 209 124 8 221 176 5 20
11,"blk.11.ffn_down_exps.weight",1,8,232,183 209 124 8 221 176 5 20
12,"blk.12.ffn_gate_exps.weight",1,8,232,174 117 207 51 173 24 82 25
12,"blk.12.ffn_up_exps.weight",1,8,232,174 117 207 51 173 24 82 25
12,"blk.12.ffn_down_exps.weight",1,8,232,174 117 207 51 173 24 82 25
13,"blk.13.ffn_gate_exps.weight",1,8,232,141 190 208 29 33 83 106 102
13,"blk.13.ffn_up_exps.weight",1,8,232,141 190 208 29 33 83 106 102
13,"blk.13.ffn_down_exps.weight",1,8,232,141 190 208 29 33 83 106 102
14,"blk.14.ffn_gate_exps.weight",1,8,232,227 194 2 215 126 158 121 230
14,"blk.14.ffn_up_exps.weight",1,8,232,227 194 2 215 126 158 121 230
14,"blk.14.ffn_down_exps.weight",1,8,232,227 194 2 215 126 158 121 230
15,"blk.15.ffn_gate_exps.weight",1,8,232,111 54 134 157 160 38 51 152
15,"blk.15.ffn_up_exps.weight",1,8,232,111 54 134 157 160 38 51 152
15,"blk.15.ffn_down_exps.weight",1,8,232,111 54 134 157 160 38 51 152
16,"blk.16.ffn_gate_exps.weight",1,8,232,47 213 152 201 183 6 212 224
16,"blk.16.ffn_up_exps.weight",1,8,232,47 213 152 201 183 6 212 224
16,"blk.16.ffn_down_exps.weight",1,8,232,47 213 152 201 183 6 212 224
17,"blk.17.ffn_gate_exps.weight",1,8,232,38 162 60 67 0 194 37 142
17,"blk.17.ffn_up_exps.weight",1,8,232,38 162 60 67 0 194 37 142
17,"blk.17.ffn_down_exps.weight",1,8,232,38 162 60 67 0 194 37 142
18,"blk.18.ffn_gate_exps.weight",1,8,232,183 216 180 193 100 128 166 154
18,"blk.18.ffn_up_exps.weight",1,8,232,183 216 180 193 100 128 166 154
18,"blk.18.ffn_down_exps.weight",1,8,232,183 216 180 193 100 128 166 154
19,"blk.19.ffn_gate_exps.weight",1,8,232,9 80 60 161 222 227 93 69
19,"blk.19.ffn_up_exps.weight",1,8,232,9 80 60 161 222 227 93 69
19,"blk.19.ffn_down_exps.weight",1,8,232,9 80 60 161 222 227 93 69
20,"blk.20.ffn_gate_exps.weight",1,8,232,142 132 171 78 216 49 1 144
20,"blk.20.ffn_up_exps.weight",1,8,232,142 132 171 78 216 49 1 144
20,"blk.20.ffn_down_exps.weight",1,8,232,142 132 171 78 216 49 1 144
21,"blk.21.ffn_gate_exps.weight",1,8,232,170 141 167 79 81 8 99 7
21,"blk.21.ffn_up_exps.weight",1,8,232,170 141 167 79 81 8 99 7
21,"blk.21.ffn_down_exps.weight",1,8,232,170 141 167 79 81 8 99 7
22,"blk.22.ffn_gate_exps.weight",1,8,232,109 115 67 202 8 32 226 201
22,"blk.22.ffn_up_exps.weight",1,8,232,109 115 67 202 8 32 226 201
22,"blk.22.ffn_down_exps.weight",1,8,232,109 115 67 202 8 32 226 201
23,"blk.23.ffn_gate_exps.weight",1,8,232,89 134 173 198 191 19 103 163
23,"blk.23.ffn_up_exps.weight",1,8,232,89 134 173 198 191 19 103 163
23,"blk.23.ffn_down_exps.weight",1,8,232,89 134 173 198 191 19 103 163
24,"blk.24.ffn_gate_exps.weight",1,8,232,126 99 185 21 31 42 197 8
24,"blk.24.ffn_up_exps.weight",1,8,232,126 99 185 21 31 42 197 8
24,"blk.24.ffn_down_exps.weight",1,8,232,126 99 185 21 31 42 197 8
25,"blk.25.ffn_gate_exps.weight",1,8,232,164 50 135 88 62 166 78 123
25,"blk.25.ffn_up_exps.weight",1,8,232,164 50 135 88 62 166 78 123
25,"blk.25.ffn_down_exps.weight",1,8,232,164 50 135 88 62 166 78 123
26,"blk.26.ffn_gate_exps.weight",1,8,232,135 105 5 197 41 92 65 26
26,"blk.26.ffn_up_exps.weight",1,8,232,135 105 5 197 41 92 65 26
26,"blk.26.ffn_down_exps.weight",1,8,232,135 105 5 197 41 92 65 26
27,"blk.27.ffn_gate_exps.weight",1,8,232,28 32 150 31 105 185 120 111
27,"blk.27.ffn_up_exps.weight",1,8,232,28 32 150 31 105 185 120 111
27,"blk.27.ffn_down_exps.weight",1,8,232,28 32 150 31 105 185 120 111
0,"blk.0.ffn_gate_exps.weight",1,8,232,108 85 126 198 111 118 116 159
0,"blk.0.ffn_up_exps.weight",1,8,232,108 85 126 198 111 118 116 159
0,"blk.0.ffn_down_exps.weight",1,8,232,108 85 126 198 111 118 116 159
1,"blk.1.ffn_gate_exps.weight",1,8,232,48 113 120 25 26 65 193 121
1,"blk.1.ffn_up_exps.weight",1,8,232,48 113 120 25 26 65 193 121
1,"blk.1.ffn_down_exps.weight",1,8,232,48 113 120 25 26 65 193 121
2,"blk.2.ffn_gate_exps.weight",1,8,232,220 15 13 90 43 153 93 230
2,"blk.2.ffn_up_exps.weight",1,8,232,220 15 13 90 43 153 93 230
2,"blk.2.ffn_down_exps.weight",1,8,232,220 15 13 90 43 153 93 230
3,"blk.3.ffn_gate_exps.weight",1,8,232,125 61 89 142 36 211 129 126
3,"blk.3.ffn_up_exps.weight",1,8,232,125 61 89 142 36 211 129 126
3,"blk.3.ffn_down_exps.weight",1,8,232,125 61 89 142 36 211 129 126
4,"blk.4.ffn_gate_exps.weight",1,8,232,208 165 40 199 44 193 229 212
4,"blk.4.ffn_up_exps.weight",1,8,232,208 165 40 199 44 193 229 212
4,"blk.4.ffn_down_exps.weight",1,8,232,208 165 40 199 44 193 229 212
5,"blk.5.ffn_gate_exps.weight",1,8,232,182 212 33 9 72 109 164 89
5,"blk.5.ffn_up_exps.weight",1,8,232,182 212 33 9 72 109 164 89
5,"blk.5.ffn_down_exps.weight",1,8,232,182 212 33 9 72 109 164 89
6,"blk.6.ffn_gate_exps.weight",1,8,232,39 54 182 104 217 124 18 129
6,"blk.6.ffn_up_exps.weight",1,8,232,39 54 182 104 217 124 18 129
6,"blk.6.ffn_down_exps.weight",1,8,232,39 54 182 104 217 124 18 129
7,"blk.7.ffn_gate_exps.weight",1,8,232,43 165 13 14 144 57 63 209
7,"blk.7.ffn_up_exps.weight",1,8,232,43 165 13 14 144 57 63 209
7,"blk.7.ffn_down_exps.weight",1,8,232,43 165 13 14 144 57 63 209
8,"blk.8.ffn_gate_exps.weight",1,8,232,160 71 176 161 31 195 6 137
8,"blk.8.ffn_up_exps.weight",1,8,232,160 71 176 161 31 195 6 137
8,"blk.8.ffn_down_exps.weight",1,8,232,160 71 176 161 31 195 6 137
9,"blk.9.ffn_gate_exps.weight",1,8,232,6 148 4 37 84 63 169 158
9,"blk.9.ffn_up_exps.weight",1,8,232,6 148 4 37 84 63 169 158
9,"blk.9.ffn_down_exps.weight",1,8,232,6 148 4 37 84 63 169 158
10,"blk.10.ffn_gate_exps.weight",1,8,232,211 175 112 132 61 122 185 2
10,"blk.10.ffn_up_exps.weight",1,8,232,211 175 112 132 61 122 185 2
10,"blk.10.ffn_down_exps.weight",1,8,232,211 175 112 132 61 122 185 2
11,"blk.11.ffn_gate_exps.weight",1,8,232,183 124 209 8 163 46 16 1
11,"blk.11.ffn_up_exps.weight",1,8,232,183 124 209 8 163 46 16 1
11,"blk.11.ffn_down_exps.weight",1,8,232,183 124 209 8 163 46 16 1
12,"blk.12.ffn_gate_exps.weight",1,8,232,174 173 117 51 138 207 24 82
12,"blk.12.ffn_up_exps.weight",1,8,232,174 173 117 51 138 207 24 82
12,"blk.12.ffn_down_exps.weight",1,8,232,174 173 117 51 138 207 24 82
13,"blk.13.ffn_gate_exps.weight",1,8,232,29 141 208 33 106 83 25 144
13,"blk.13.ffn_up_exps.weight",1,8,232,29 141 208 33 106 83 25 144
13,"blk.13.ffn_down_exps.weight",1,8,232,29 141 208 33 106 83 25 144
14,"blk.14.ffn_gate_exps.weight",1,8,232,227 194 2 121 108 126 230 5
14,"blk.14.ffn_up_exps.weight",1,8,232,227 194 2 121 108 126 230 5
14,"blk.14.ffn_down_exps.weight",1,8,232,227 194 2 121 108 126 230 5
15,"blk.15.ffn_gate_exps.weight",1,8,232,111 54 164 134 152 145 59 126
15,"blk.15.ffn_up_exps.weight",1,8,232,111 54 164 134 152 145 59 126
15,"blk.15.ffn_down_exps.weight",1,8,232,111 54 164 134 152 145 59 126
16,"blk.16.ffn_gate_exps.weight",1,8,232,152 7 185 76 99 56 81 92
16,"blk.16.ffn_up_exps.weight",1,8,232,152 7 185 76 99 56 81 92
16,"blk.16.ffn_down_exps.weight",1,8,232,152 7 185 76 99 56 81 92
17,"blk.17.ffn_gate_exps.weight",1,8,232,60 194 38 205 67 74 162 192
17,"blk.17.ffn_up_exps.weight",1,8,232,60 194 38 205 67 74 162 192
17,"blk.17.ffn_down_exps.weight",1,8,232,60 194 38 205 67 74 162 192
18,"blk.18.ffn_gate_exps.weight",1,8,232,183 216 193 142 154 180 65 121
18,"blk.18.ffn_up_exps.weight",1,8,232,183 216 193 142 154 180 65 121
18,"blk.18.ffn_down_exps.weight",1,8,232,183 216 193 142 154 180 65 121
19,"blk.19.ffn_gate_exps.weight",1,8,232,80 93 186 89 75 90 196 222
19,"blk.19.ffn_up_exps.weight",1,8,232,80 93 186 89 75 90 196 222
19,"blk.19.ffn_down_exps.weight",1,8,232,80 93 186 89 75 90 196 222
20,"blk.20.ffn_gate_exps.weight",1,8,232,142 133 106 16 176 144 136 216
20,"blk.20.ffn_up_exps.weight",1,8,232,142 133 106 16 176 144 136 216
20,"blk.20.ffn_down_exps.weight",1,8,232,142 133 106 16 176 144 136 216
21,"blk.21.ffn_gate_exps.weight",1,8,232,170 141 127 153 173 122 16 81
21,"blk.21.ffn_up_exps.weight",1,8,232,170 141 127 153 173 122 16 81
21,"blk.21.ffn_down_exps.weight",1,8,232,170 141 127 153 173 122 16 81
22,"blk.22.ffn_gate_exps.weight",1,8,232,201 176 8 182 115 216 202 117
22,"blk.22.ffn_up_exps.weight",1,8,232,201 176 8 182 115 216 202 117
22,"blk.22.ffn_down_exps.weight",1,8,232,201 176 8 182 115 216 202 117
23,"blk.23.ffn_gate_exps.weight",1,8,232,134 89 136 131 152 19 74 172
23,"blk.23.ffn_up_exps.weight",1,8,232,134 89 136 131 152 19 74 172
23,"blk.23.ffn_down_exps.weight",1,8,232,134 89 136 131 152 19 74 172
24,"blk.24.ffn_gate_exps.weight",1,8,232,21 204 34 126 15 41 67 72
24,"blk.24.ffn_up_exps.weight",1,8,232,21 204 34 126 15 41 67 72
24,"blk.24.ffn_down_exps.weight",1,8,232,21 204 34 126 15 41 67 72
25,"blk.25.ffn_gate_exps.weight",1,8,232,166 27 88 146 123 62 21 2
25,"blk.25.ffn_up_exps.weight",1,8,232,166 27 88 146 123 62 21 2
25,"blk.25.ffn_down_exps.weight",1,8,232,166 27 88 146 123 62 21 2
26,"blk.26.ffn_gate_exps.weight",1,8,232,110 5 135 41 200 195 123 130
26,"blk.26.ffn_up_exps.weight",1,8,232,110 5 135 41 200 195 123 130
26,"blk.26.ffn_down_exps.weight",1,8,232,110 5 135 41 200 195 123 130
27,"blk.27.ffn_gate_exps.weight",1,8,232,28 103 1 49 58 225 32 144
27,"blk.27.ffn_up_exps.weight",1,8,232,28 103 1 49 58 225 32 144
27,"blk.27.ffn_down_exps.weight",1,8,232,28 103 1 49 58 225 32 144
0,"blk.0.ffn_gate_exps.weight",1,8,232,116 185 103 117 85 227 106 222
0,"blk.0.ffn_up_exps.weight",1,8,232,116 185 103 117 85 227 106 222
0,"blk.0.ffn_down_exps.weight",1,8,232,116 185 103 117 85 227 106 222
1,"blk.1.ffn_gate_exps.weight",1,8,232,63 32 48 66 139 45 18 183
1,"blk.1.ffn_up_exps.weight",1,8,232,63 32 48 66 139 45 18 183
1,"blk.1.ffn_down_exps.weight",1,8,232,63 32 48 66 139 45 18 183
2,"blk.2.ffn_gate_exps.weight",1,8,232,221 64 230 187 200 146 5 196
2,"blk.2.ffn_up_exps.weight",1,8,232,221 64 230 187 200 146 5 196
2,"blk.2.ffn_down_exps.weight",1,8,232,221 64 230 187 200 146 5 196
3,"blk.3.ffn_gate_exps.weight",1,8,232,47 203 226 206 125 46 55 36
3,"blk.3.ffn_up_exps.weight",1,8,232,47 203 226 206 125 46 55 36
3,"blk.3.ffn_down_exps.weight",1,8,232,47 203 226 206 125 46 55 36
4,"blk.4.ffn_gate_exps.weight",1,8,232,40 208 199 212 169 218 227 171
4,"blk.4.ffn_up_exps.weight",1,8,232,40 208 199 212 169 218 227 171
4,"blk.4.ffn_down_exps.weight",1,8,232,40 208 199 212 169 218 227 171
5,"blk.5.ffn_gate_exps.weight",1,8,232,200 72 33 64 9 134 53 201
5,"blk.5.ffn_up_exps.weight",1,8,232,200 72 33 64 9 134 53 201
5,"blk.5.ffn_down_exps.weight",1,8,232,200 72 33 64 9 134 53 201
6,"blk.6.ffn_gate_exps.weight",1,8,232,54 97 104 39 124 213 8 114
6,"blk.6.ffn_up_exps.weight",1,8,232,54 97 104 39 124 213 8 114
6,"blk.6.ffn_down_exps.weight",1,8,232,54 97 104 39 124 213 8 114
7,"blk.7.ffn_gate_exps.weight",1,8,232,43 32 165 90 146 13 193 24
7,"blk.7.ffn_up_exps.weight",1,8,232,43 32 165 90 146 13 193 24
7,"blk.7.ffn_down_exps.weight",1,8,232,43 32 165 90 146 13 193 24
8,"blk.8.ffn_gate_exps.weight",1,8,232,176 27 71 161 202 160 31 162
8,"blk.8.ffn_up_exps.weight",1,8,232,176 27 71 161 202 160 31 162
8,"blk.8.ffn_down_exps.weight",1,8,232,176 27 71 161 202 160 31 162
9,"blk.9.ffn_gate_exps.weight",1,8,232,180 158 148 4 171 74 1 123
9,"blk.9.ffn_up_exps.weight",1,8,232,180 158 148 4 171 74 1 123
9,"blk.9.ffn_down_exps.weight",1,8,232,180 158 148 4 171 74 1 123
10,"blk.10.ffn_gate_exps.weight",1,8,232,211 173 185 30 216 108 201 132
10,"blk.10.ffn_up_exps.weight",1,8,232,211 173 185 30 216 108 201 132
10,"blk.10.ffn_down_exps.weight",1,8,232,211 173 185 30 216 108 201 132
11,"blk.11.ffn_gate_exps.weight",1,8,232,221 46 183 20 230 8 16 12
11,"blk.11.ffn_up_exps.weight",1,8,232,221 46 183 20 230 8 16 12
11,"blk.11.ffn_down_exps.weight",1,8,232,221 46 183 20 230 8 16 12
12,"blk.12.ffn_gate_exps.weight",1,8,232,117 56 24 174 14 157 207 28
12,"blk.12.ffn_up_exps.weight",1,8,232,117 56 24 174 14 157 207 28
12,"blk.12.ffn_down_exps.weight",1,8,232,117 56 24 174 14 157 207 28
13,"blk.13.ffn_gate_exps.weight",1,8,232,29 151 33 106 208 83 192 12
13,"blk.13.ffn_up_exps.weight",1,8,232,29 151 33 106 208 83 192 12
13,"blk.13.ffn_down_exps.weight",1,8,232,29 151 33 106 208 83 192 12
14,"blk.14.ffn_gate_exps.weight",1,8,232,175 5 121 194 19 227 11 83
14,"blk.14.ffn_up_exps.weight",1,8,232,175 5 121 194 19 227 11 83
14,"blk.14.ffn_down_exps.weight",1,8,232,175 5 121 194 19 227 11 83
15,"blk.15.ffn_gate_exps.weight",1,8,232,93 145 70 152 59 111 20 183
15,"blk.15.ffn_up_exps.weight",1,8,232,93 145 70 152 59 111 20 183
15,"blk.15.ffn_down_exps.weight",1,8,232,93 145 70 152 59 111 20 183
16,"blk.16.ffn_gate_exps.weight",1,8,232,81 117 205 99 162 185 214 64
16,"blk.16.ffn_up_exps.weight",1,8,232,81 117 205 99 162 185 214 64
16,"blk.16.ffn_down_exps.weight",1,8,232,81 117 205 99 162 185 214 64
17,"blk.17.ffn_gate_exps.weight",1,8,232,194 100 93 165 33 192 95 164
17,"blk.17.ffn_up_exps.weight",1,8,232,194 100 93 165 33 192 95 164
17,"blk.17.ffn_down_exps.weight",1,8,232,194 100 93 165 33 192 95 164
18,"blk.18.ffn_gate_exps.weight",1,8,232,45 48 193 35 126 91 108 69
18,"blk.18.ffn_up_exps.weight",1,8,232,45 48 193 35 126 91 108 69
18,"blk.18.ffn_down_exps.weight",1,8,232,45 48 193 35 126 91 108 69
19,"blk.19.ffn_gate_exps.weight",1,8,232,203 35 131 69 137 54 229 129
19,"blk.19.ffn_up_exps.weight",1,8,232,203 35 131 69 137 54 229 129
19,"blk.19.ffn_down_exps.weight",1,8,232,203 35 131 69 137 54 229 129
20,"blk.20.ffn_gate_exps.weight",1,8,232,184 61 172 140 161 56 15 36
20,"blk.20.ffn_up_exps.weight",1,8,232,184 61 172 140 161 56 15 36
20,"blk.20.ffn_down_exps.weight",1,8,232,184 61 172 140 161 56 15 36
21,"blk.21.ffn_gate_exps.weight",1,8,232,117 30 230 208 14 87 161 71
21,"blk.21.ffn_up_exps.weight",1,8,232,117 30 230 208 14 87 161 71
21,"blk.21.ffn_down_exps.weight",1,8,232,117 30 230 208 14 87 161 71
22,"blk.22.ffn_gate_exps.weight",1,8,232,7 87 45 32 132 149 214 167
22,"blk.22.ffn_up_exps.weight",1,8,232,7 87 45 32 132 149 214 167
22,"blk.22.ffn_down_exps.weight",1,8,232,7 87 45 32 132 149 214 167
23,"blk.23.ffn_gate_exps.weight",1,8,232,118 192 92 15 173 174 186 63
23,"blk.23.ffn_up_exps.weight",1,8,232,118 192 92 15 173 174 186 63
23,"blk.23.ffn_down_exps.weight",1,8,232,118 192 92 15 173 174 186 63
24,"blk.24.ffn_gate_exps.weight",1,8,232,151 140 142 89 33 67 211 81
24,"blk.24.ffn_up_exps.weight",1,8,232,151 140 142 89 33 67 211 81
24,"blk.24.ffn_down_exps.weight",1,8,232,151 140 142 89 33 67 211 81
25,"blk.25.ffn_gate_exps.weight",1,8,232,120 80 137 147 25 162 182 165
25,"blk.25.ffn_up_exps.weight",1,8,232,120 80 137 147 25 162 182 165
25,"blk.25.ffn_down_exps.weight",1,8,232,120 80 137 147 25 162 182 165
26,"blk.26.ffn_gate_exps.weight",1,8,232,189 120 93 222 148 72 202 13
26,"blk.26.ffn_up_exps.weight",1,8,232,189 120 93 222 148 72 202 13
26,"blk.26.ffn_down_exps.weight",1,8,232,189 120 93 222 148 72 202 13
27,"blk.27.ffn_gate_exps.weight",1,8,232,70 109 205 4 173 67 85 195
27,"blk.27.ffn_up_exps.weight",1,8,232,70 109 205 4 173 67 85 195
27,"blk.27.ffn_down_exps.weight",1,8,232,70 109 205 4 173 67 85 195
0,"blk.0.ffn_gate_exps.weight",1,8,232,187 8 221 50 76 112 152 217
0,"blk.0.ffn_up_exps.weight",1,8,232,187 8 221 50 76 112 152 217
0,"blk.0.ffn_down_exps.weight",1,8,232,187 8 221 50 76 112 152 217
1,"blk.1.ffn_gate_exps.weight",1,8,232,12 220 228 128 5 129 9 24
1,"blk.1.ffn_up_exps.weight",1,8,232,12 220 228 128 5 129 9 24
1,"blk.1.ffn_down_exps.weight",1,8,232,12 220 228 128 5 129 9 24
2,"blk.2.ffn_gate_exps.weight",1,8,232,215 7 225 46 136 203 93 180
2,"blk.2.ffn_up_exps.weight",1,8,232,215 7 225 46 136 203 93 180
2,"blk.2.ffn_down_exps.weight",1,8,232,215 7 225 46 136 203 93 180
3,"blk.3.ffn_gate_exps.weight",1,8,232,134 87 113 50 211 228 94 186
3,"blk.3.ffn_up_exps.weight",1,8,232,134 87 113 50 211 228 94 186
3,"blk.3.ffn_down_exps.weight",1,8,232,134 87 113 50 211 228 94 186
4,"blk.4.ffn_gate_exps.weight",1,8,232,206 39 148 50 224 225 226 60
4,"blk.4.ffn_up_exps.weight",1,8,232,206 39 148 50 224 225 226 60
4,"blk.4.ffn_down_exps.weight",1,8,232,206 39 148 50 224 225 226 60
5,"blk.5.ffn_gate_exps.weight",1,8,232,211 170 44 95 145 22 59 116
5,"blk.5.ffn_up_exps.weight",1,8,232,211 170 44 95 145 22 59 116
5,"blk.5.ffn_down_exps.weight",1,8,232,211 170 44 95 145 22 59 116
6,"blk.6.ffn_gate_exps.weight",1,8,232,100 142 27 103 81 109 209 108
6,"blk.6.ffn_up_exps.weight",1,8,232,100 142 27 103 81 109 209 108
6,"blk.6.ffn_down_exps.weight",1,8,232,100 142 27 103 81 109 209 108
7,"blk.7.ffn_gate_exps.weight",1,8,232,62 21 81 18 16 50 55 24
7,"blk.7.ffn_up_exps.weight",1,8,232,62 21 81 18 16 50 55 24
7,"blk.7.ffn_down_exps.weight",1,8,232,62 21 81 18 16 50 55 24
8,"blk.8.ffn_gate_exps.weight",1,8,232,77 28 82 153 48 167 194 178
8,"blk.8.ffn_up_exps.weight",1,8,232,77 28 82 153 48 167 194 178
8,"blk.8.ffn_down_exps.weight",1,8,232,77 28 82 153 48 167 194 178
9,"blk.9.ffn_gate_exps.weight",1,8,232,76 39 210 168 33 208 78 42
9,"blk.9.ffn_up_exps.weight",1,8,232,76 39 210 168 33 208 78 42
9,"blk.9.ffn_down_exps.weight",1,8,232,76 39 210 168 33 208 78 42
10,"blk.10.ffn_gate_exps.weight",1,8,232,46 152 125 119 76 193 195 30
10,"blk.10.ffn_up_exps.weight",1,8,232,46 152 125 119 76 193 195 30
10,"blk.10.ffn_down_exps.weight",1,8,232,46 152 125 119 76 193 195 30
11,"blk.11.ffn_gate_exps.weight",1,8,232,63 60 32 73 230 18 221 98
11,"blk.11.ffn_up_exps.weight",1,8,232,63 60 32 73 230 18 221 98
11,"blk.11.ffn_down_exps.weight",1,8,232,63 60 32 73 230 18 221 98
12,"blk.12.ffn_gate_exps.weight",1,8,232,62 47 37 83 162 192 56 175
12,"blk.12.ffn_up_exps.weight",1,8,232,62 47 37 83 162 192 56 175
12,"blk.12.ffn_down_exps.weight",1,8,232,62 47 37 83 162 192 56 175
13,"blk.13.ffn_gate_exps.weight",1,8,232,29 111 227 148 190 186 97 85
13,"blk.13.ffn_up_exps.weight",1,8,232,29 111 227 148 190 186 97 85
13,"blk.13.ffn_down_exps.weight",1,8,232,29 111 227 148 190 186 97 85
14,"blk.14.ffn_gate_exps.weight",1,8,232,70 188 31 97 40 19 185 158
14,"blk.14.ffn_up_exps.weight",1,8,232,70 188 31 97 40 19 185 158
14,"blk.14.ffn_down_exps.weight",1,8,232,70 188 31 97 40 19 185 158
15,"blk.15.ffn_gate_exps.weight",1,8,232,39 28 118 163 137 157 141 210
15,"blk.15.ffn_up_exps.weight",1,8,232,39 28 118 163 137 157 141 210
15,"blk.15.ffn_down_exps.weight",1,8,232,39 28 118 163 137 157 141 210
16,"blk.16.ffn_gate_exps.weight",1,8,232,15 36 161 178 182 16 158 171
16,"blk.16.ffn_up_exps.weight",1,8,232,15 36 161 178 182 16 158 171
16,"blk.16.ffn_down_exps.weight",1,8,232,15 36 161 178 182 16 158 171
17,"blk.17.ffn_gate_exps.weight",1,8,232,102 160 21 151 217 203 111 150
17,"blk.17.ffn_up_exps.weight",1,8,232,102 160 21 151 217 203 111 150
17,"blk.17.ffn_down_exps.weight",1,8,232,102 160 21 151 217 203 111 150
18,"blk.18.ffn_gate_exps.weight",1,8,232,75 226 23 125 74 141 188 104
18,"blk.18.ffn_up_exps.weight",1,8,232,75 226 23 125 74 141 188 104
18,"blk.18.ffn_down_exps.weight",1,8,232,75 226 23 125 74 141 188 104
19,"blk.19.ffn_gate_exps.weight",1,8,232,59 134 207 212 160 21 90 171
19,"blk.19.ffn_up_exps.weight",1,8,232,59 134 207 212 160 21 90 171
19,"blk.19.ffn_down_exps.weight",1,8,232,59 134 207 212 160 21 90 171
20,"blk.20.ffn_gate_exps.weight",1,8,232,102 44 192 211 225 87 133 132
20,"blk.20.ffn_up_exps.weight",1,8,232,102 44 192 211 225 87 133 132
20,"blk.20.ffn_down_exps.weight",1,8,232,102 44 192 211 225 87 133 132
21,"blk.21.ffn_gate_exps.weight",1,8,232,156 135 158 165 48 225 47 35
21,"blk.21.ffn_up_exps.weight",1,8,232,156 135 158 165 48 225 47 35
21,"blk.21.ffn_down_exps.weight",1,8,232,156 135 158 165 48 225 47 35
22,"blk.22.ffn_gate_exps.weight",1,8,232,180 123 194 225 125 108 144 135
22,"blk.22.ffn_up_exps.weight",1,8,232,180 123 194 225 125 108 144 135
22,"blk.22.ffn_down_exps.weight",1,8,232,180 123 194 225 125 108 144 135
23,"blk.23.ffn_gate_exps.weight",1,8,232,110 5 19 148 82 197 121 6
23,"blk.23.ffn_up_exps.weight",1,8,232,110 5 19 148 82 197 121 6
23,"blk.23.ffn_down_exps.weight",1,8,232,110 5 19 148 82 197 121 6
24,"blk.24.ffn_gate_exps.weight",1,8,232,208 23 156 1 55 42 43 38
24,"blk.24.ffn_up_exps.weight",1,8,232,208 23 156 1 55 42 43 38
24,"blk.24.ffn_down_exps.weight",1,8,232,208 23 156 1 55 42 43 38
25,"blk.25.ffn_gate_exps.weight",1,8,232,165 57 218 99 38 153 30 67
25,"blk.25.ffn_up_exps.weight",1,8,232,165 57 218 99 38 153 30 67
25,"blk.25.ffn_down_exps.weight",1,8,232,165 57 218 99 38 153 30 67
26,"blk.26.ffn_gate_exps.weight",1,8,232,189 175 180 133 91 178 157 210
26,"blk.26.ffn_up_exps.weight",1,8,232,189 175 180 133 91 178 157 210
26,"blk.26.ffn_down_exps.weight",1,8,232,189 175 180 133 91 178 157 210
27,"blk.27.ffn_gate_exps.weight",1,8,232,135 70 116 170 85 111 141 95
27,"blk.27.ffn_up_exps.weight",1,8,232,135 70 116 170 85 111 141 95
27,"blk.27.ffn_down_exps.weight",1,8,232,135 70 116 170 85 111 141 95
0,"blk.0.ffn_gate_exps.weight",1,8,232,128 99 201 93 56 132 139 229
0,"blk.0.ffn_up_exps.weight",1,8,232,128 99 201 93 56 132 139 229
0,"blk.0.ffn_down_exps.weight",1,8,232,128 99 201 93 56 132 139 229
1,"blk.1.ffn_gate_exps.weight",1,8,232,87 101 59 17 212 3 6 186
1,"blk.1.ffn_up_exps.weight",1,8,232,87 101 59 17 212 3 6 186
1,"blk.1.ffn_down_exps.weight",1,8,232,87 101 59 17 212 3 6 186
2,"blk.2.ffn_gate_exps.weight",1,8,232,141 96 231 154 29 85 227 70
2,"blk.2.ffn_up_exps.weight",1,8,232,141 96 231 154 29 85 227 70
2,"blk.2.ffn_down_exps.weight",1,8,232,141 96 231 154 29 85 227 70
3,"blk.3.ffn_gate_exps.weight",1,8,232,24 51 78 196 103 10 171 94
3,"blk.3.ffn_up_exps.weight",1,8,232,24 51 78 196 103 10 171 94
3,"blk.3.ffn_down_exps.weight",1,8,232,24 51 78 196 103 10 171 94
4,"blk.4.ffn_gate_exps.weight",1,8,232,211 125 104 66 55 28 84 61
4,"blk.4.ffn_up_exps.weight",1,8,232,211 125 104 66 55 28 84 61
4,"blk.4.ffn_down_exps.weight",1,8,232,211 125 104 66 55 28 84 61
5,"blk.5.ffn_gate_exps.weight",1,8,232,174 105 183 114 61 133 109 80
5,"blk.5.ffn_up_exps.weight",1,8,232,174 105 183 114 61 133 109 80
5,"blk.5.ffn_down_exps.weight",1,8,232,174 105 183 114 61 133 109 80
6,"blk.6.ffn_gate_exps.weight",1,8,232,205 150 202 97 71 207 226 219
6,"blk.6.ffn_up_exps.weight",1,8,232,205 150 202 97 71 207 226 219
6,"blk.6.ffn_down_exps.weight",1,8,232,205 150 202 97 71 207 226 219
7,"blk.7.ffn_gate_exps.weight",1,8,232,149 156 210 146 177 174 223 144
7,"blk.7.ffn_up_exps.weight",1,8,232,149 156 210 146 177 174 223 144
7,"blk.7.ffn_down_exps.weight",1,8,232,149 156 210 146 177 174 223 144
8,"blk.8.ffn_gate_exps.weight",1,8,232,230 163 213 165 223 27 96 48
8,"blk.8.ffn_up_exps.weight",1,8,232,230 163 213 165 223 27 96 48
8,"blk.8.ffn_down_exps.weight",1,8,232,230 163 213 165 223 27 96 48
9,"blk.9.ffn_gate_exps.weight",1,8,232,207 221 4 125 81 155 140 5
9,"blk.9.ffn_up_exps.weight",1,8,232,207 221 4 125 81 155 140 5
9,"blk.9.ffn_down_exps.weight",1,8,232,207 221 4 125 81 155 140 5
10,"blk.10.ffn_gate_exps.weight",1,8,232,103 205 136 155 63 173 132 74
10,"blk.10.ffn_up_exps.weight",1,8,232,103 205 136 155 63 173 132 74
10,"blk.10.ffn_down_exps.weight",1,8,232,103 205 136 155 63 173 132 74
11,"blk.11.ffn_gate_exps.weight",1,8,232,177 39 183 5 213 20 70 64
11,"blk.11.ffn_up_exps.weight",1,8,232,177 39 183 5 213 20 70 64
11,"blk.11.ffn_down_exps.weight",1,8,232,177 39 183 5 213 20 70 64
12,"blk.12.ffn_gate_exps.weight",1,8,232,118 117 24 65 174 120 88 8
12,"blk.12.ffn_up_exps.weight",1,8,232,118 117 24 65 174 120 88 8
12,"blk.12.ffn_down_exps.weight",1,8,232,118 117 24 65 174 120 88 8
13,"blk.13.ffn_gate_exps.weight",1,8,232,209 183 190 166 219 7 56 17
13,"blk.13.ffn_up_exps.weight",1,8,232,209 183 190 166 219 7 56 17
13,"blk.13.ffn_down_exps.weight",1,8,232,209 183 190 166 219 7 56 17
14,"blk.14.ffn_gate_exps.weight",1,8,232,186 92 199 32 153 157 19 209
14,"blk.14.ffn_up_exps.weight",1,8,232,186 92 199 32 153 157 19 209
14,"blk.14.ffn_down_exps.weight",1,8,232,186 92 199 32 153 157 19 209
15,"blk.15.ffn_gate_exps.weight",1,8,232,157 190 122 65 134 70 183 59
15,"blk.15.ffn_up_exps.weight",1,8,232,157 190 122 65 134 70 183 59
15,"blk.15.ffn_down_exps.weight",1,8,232,157 190 122 65 134 70 183 59
16,"blk.16.ffn_gate_exps.weight",1,8,232,124 115 158 47 95 145 109 134
16,"blk.16.ffn_up_exps.weight",1,8,232,124 115 158 47 95 145 109 134
16,"blk.16.ffn_down_exps.weight",1,8,232,124 115 158 47 95 145 109 134
17,"blk.17.ffn_gate_exps.weight",1,8,232,111 7 130 3 97 20 102 206
17,"blk.17.ffn_up_exps.weight",1,8,232,111 7 130 3 97 20 102 206
17,"blk.17.ffn_down_exps.weight",1,8,232,111 7 130 3 97 20 102 206
18,"blk.18.ffn_gate_exps.weight",1,8,232,122 156 206 1 226 0 212 137
18,"blk.18.ffn_up_exps.weight",1,8,232,122 156 206 1 226 0 212 137
18,"blk.18.ffn_down_exps.weight",1,8,232,122 156 206 1 226 0 212 137
19,"blk.19.ffn_gate_exps.weight",1,8,232,209 0 2 140 214 12 160 128
19,"blk.19.ffn_up_exps.weight",1,8,232,209 0 2 140 214 12 160 128
19,"blk.19.ffn_down_exps.weight",1,8,232,209 0 2 140 214 12 160 128
20,"blk.20.ffn_gate_exps.weight",1,8,232,9 8 205 218 7 10 89 199
20,"blk.20.ffn_up_exps.weight",1,8,232,9 8 205 218 7 10 89 199
20,"blk.20.ffn_down_exps.weight",1,8,232,9 8 205 218 7 10 89 199
21,"blk.21.ffn_gate_exps.weight",1,8,232,183 100 2 113 222 70 8 85
21,"blk.21.ffn_up_exps.weight",1,8,232,183 100 2 113 222 70 8 85
21,"blk.21.ffn_down_exps.weight",1,8,232,183 100 2 113 222 70 8 85
22,"blk.22.ffn_gate_exps.weight",1,8,232,24 22 79 204 218 213 217 144
22,"blk.22.ffn_up_exps.weight",1,8,232,24 22 79 204 218 213 217 144
22,"blk.22.ffn_down_exps.weight",1,8,232,24 22 79 204 218 213 217 144
23,"blk.23.ffn_gate_exps.weight",1,8,232,18 65 191 11 24 79 12 77
23,"blk.23.ffn_up_exps.weight",1,8,232,18 65 191 11 24 79 12 77
23,"blk.23.ffn_down_exps.weight",1,8,232,18 65 191 11 24 79 12 77
24,"blk.24.ffn_gate_exps.weight",1,8,232,14 207 186 221 121 32 99 179
24,"blk.24.ffn_up_exps.weight",1,8,232,14 207 186 221 121 32 99 179
24,"blk.24.ffn_down_exps.weight",1,8,232,14 207 186 221 121 32 99 179
25,"blk.25.ffn_gate_exps.weight",1,8,232,19 127 148 113 37 150 114 61
25,"blk.25.ffn_up_exps.weight",1,8,232,19 127 148 113 37 150 114 61
25,"blk.25.ffn_down_exps.weight",1,8,232,19 127 148 113 37 150 114 61
26,"blk.26.ffn_gate_exps.weight",1,8,232,57 162 14 164 231 165 51 111
26,"blk.26.ffn_up_exps.weight",1,8,232,57 162 14 164 231 165 51 111
26,"blk.26.ffn_down_exps.weight",1,8,232,57 162 14 164 231 165 51 111
27,"blk.27.ffn_gate_exps.weight",1,8,232,201 218 104 206 175 148 190 196
27,"blk.27.ffn_up_exps.weight",1,8,232,201 218 104 206 175 148 190 196
27,"blk.27.ffn_down_exps.weight",1,8,232,201 218 104 206 175 148 190 196
0,"blk.0.ffn_gate_exps.weight",1,8,232,100 78 94 95 14 106 19 80
0,"blk.0.ffn_up_exps.weight",1,8,232,100 78 94 95 14 106 19 80
0,"blk.0.ffn_down_exps.weight",1,8,232,100 78 94 95 14 106 19 80
1,"blk.1.ffn_gate_exps.weight",1,8,232,80 74 37 71 188 214 27 25
1,"blk.1.ffn_up_exps.weight",1,8,232,80 74 37 71 188 214 27 25
1,"blk.1.ffn_down_exps.weight",1,8,232,80 74 37 71 188 214 27 25
2,"blk.2.ffn_gate_exps.weight",1,8,232,93 43 113 92 172 23 55 146
2,"blk.2.ffn_up_exps.weight",1,8,232,93 43 113 92 172 23 55 146
2,"blk.2.ffn_down_exps.weight",1,8,232,93 43 113 92 172 23 55 146
3,"blk.3.ffn_gate_exps.weight",1,8,232,36 172 85 158 171 185 78 103
3,"blk.3.ffn_up_exps.weight",1,8,232,36 172 85 158 171 185 78 103
3,"blk.3.ffn_down_exps.weight",1,8,232,36 172 85 158 171 185 78 103
4,"blk.4.ffn_gate_exps.weight",1,8,232,88 20 139 169 211 229 37 165
4,"blk.4.ffn_up_exps.weight",1,8,232,88 20 139 169 211 229 37 165
4,"blk.4.ffn_down_exps.weight",1,8,232,88 20 139 169 211 229 37 165
5,"blk.5.ffn_gate_exps.weight",1,8,232,164 182 134 72 224 102 11 91
5,"blk.5.ffn_up_exps.weight",1,8,232,164 182 134 72 224 102 11 91
5,"blk.5.ffn_down_exps.weight",1,8,232,164 182 134 72 224 102 11 91
6,"blk.6.ffn_gate_exps.weight",1,8,232,189 54 187 79 186 113 97 156
6,"blk.6.ffn_up_exps.weight",1,8,232,189 54 187 79 186 113 97 156
6,"blk.6.ffn_down_exps.weight",1,8,232,189 54 187 79 186 113 97 156
7,"blk.7.ffn_gate_exps.weight",1,8,232,182 146 94 119 99 165 124 5
7,"blk.7.ffn_up_exps.weight",1,8,232,182 146 94 119 99 165 124 5
7,"blk.7.ffn_down_exps.weight",1,8,232,182 146 94 119 99 165 124 5
8,"blk.8.ffn_gate_exps.weight",1,8,232,161 110 71 27 176 162 9 125
8,"blk.8.ffn_up_exps.weight",1,8,232,161 110 71 27 176 162 9 125
8,"blk.8.ffn_down_exps.weight",1,8,232,161 110 71 27 176 162 9 125
9,"blk.9.ffn_gate_exps.weight",1,8,232,31 172 7 81 153 37 54 152
9,"blk.9.ffn_up_exps.weight",1,8,232,31 172 7 81 153 37 54 152
9,"blk.9.ffn_down_exps.weight",1,8,232,31 172 7 81 153 37 54 152
10,"blk.10.ffn_gate_exps.weight",1,8,232,185 175 106 208 24 78 116 136
10,"blk.10.ffn_up_exps.weight",1,8,232,185 175 106 208 24 78 116 136
10,"blk.10.ffn_down_exps.weight",1,8,232,185 175 106 208 24 78 116 136
11,"blk.11.ffn_gate_exps.weight",1,8,232,70 46 178 20 176 89 16 54
11,"blk.11.ffn_up_exps.weight",1,8,232,70 46 178 20 176 89 16 54
11,"blk.11.ffn_down_exps.weight",1,8,232,70 46 178 20 176 89 16 54
12,"blk.12.ffn_gate_exps.weight",1,8,232,117 51 82 120 210 68 131 88
12,"blk.12.ffn_up_exps.weight",1,8,232,117 51 82 120 210 68 131 88
12,"blk.12.ffn_down_exps.weight",1,8,232,117 51 82 120 210 68 131 88
13,"blk.13.ffn_gate_exps.weight",1,8,232,83 208 29 25 167 7 17 81
13,"blk.13.ffn_up_exps.weight",1,8,232,83 208 29 25 167 7 17 81
13,"blk.13.ffn_down_exps.weight",1,8,232,83 208 29 25 167 7 17 81
14,"blk.14.ffn_gate_exps.weight",1,8,232,227 2 137 209 206 121 114 194
14,"blk.14.ffn_up_exps.weight",1,8,232,227 2 137 209 206 121 114 194
14,"blk.14.ffn_down_exps.weight",1,8,232,227 2 137 209 206 121 114 194
15,"blk.15.ffn_gate_exps.weight",1,8,232,186 111 54 59 145 70 155 159
15,"blk.15.ffn_up_exps.weight",1,8,232,186 111 54 59 145 70 155 159
15,"blk.15.ffn_down_exps.weight",1,8,232,186 111 54 59 145 70 155 159
16,"blk.16.ffn_gate_exps.weight",1,8,232,117 70 224 92 223 201 170 179
16,"blk.16.ffn_up_exps.weight",1,8,232,117 70 224 92 223 201 170 179
16,"blk.16.ffn_down_exps.weight",1,8,232,117 70 224 92 223 201 170 179
17,"blk.17.ffn_gate_exps.weight",1,8,232,38 194 100 17 175 192 149 67
17,"blk.17.ffn_up_exps.weight",1,8,232,38 194 100 17 175 192 149 67
17,"blk.17.ffn_down_exps.weight",1,8,232,38 194 100 17 175 192 149 67
18,"blk.18.ffn_gate_exps.weight",1,8,232,183 216 193 34 95 131 28 24
18,"blk.18.ffn_up_exps.weight",1,8,232,183 216 193 34 95 131 28 24
18,"blk.18.ffn_down_exps.weight",1,8,232,183 216 193 34 95 131 28 24
19,"blk.19.ffn_gate_exps.weight",1,8,232,14 50 162 184 9 31 101 80
19,"blk.19.ffn_up_exps.weight",1,8,232,14 50 162 184 9 31 101 80
19,"blk.19.ffn_down_exps.weight",1,8,232,14 50 162 184 9 31 101 80
20,"blk.20.ffn_gate_exps.weight",1,8,232,142 16 221 187 216 202 164 193
20,"blk.20.ffn_up_exps.weight",1,8,232,142 16 221 187 216 202 164 193
20,"blk.20.ffn_down_exps.weight",1,8,232,142 16 221 187 216 202 164 193
21,"blk.21.ffn_gate_exps.weight",1,8,232,215 115 1 141 153 98 82 122
21,"blk.21.ffn_up_exps.weight",1,8,232,215 115 1 141 153 98 82 122
21,"blk.21.ffn_down_exps.weight",1,8,232,215 115 1 141 153 98 82 122
22,"blk.22.ffn_gate_exps.weight",1,8,232,110 24 59 27 96 20 8 12
22,"blk.22.ffn_up_exps.weight",1,8,232,110 24 59 27 96 20 8 12
22,"blk.22.ffn_down_exps.weight",1,8,232,110 24 59 27 96 20 8 12
23,"blk.23.ffn_gate_exps.weight",1,8,232,180 77 199 31 191 173 198 109
23,"blk.23.ffn_up_exps.weight",1,8,232,180 77 199 31 191 173 198 109
23,"blk.23.ffn_down_exps.weight",1,8,232,180 77 199 31 191 173 198 109
24,"blk.24.ffn_gate_exps.weight",1,8,232,97 197 154 202 115 12 47 44
24,"blk.24.ffn_up_exps.weight",1,8,232,97 197 154 202 115 12 47 44
24,"blk.24.ffn_down_exps.weight",1,8,232,97 197 154 202 115 12 47 44
25,"blk.25.ffn_gate_exps.weight",1,8,232,43 199 221 146 88 133 30 155
25,"blk.25.ffn_up_exps.weight",1,8,232,43 199 221 146 88 133 30 155
25,"blk.25.ffn_down_exps.weight",1,8,232,43 199 221 146 88 133 30 155
26,"blk.26.ffn_gate_exps.weight",1,8,232,5 190 178 228 163 59 26 145
26,"blk.26.ffn_up_exps.weight",1,8,232,5 190 178 228 163 59 26 145
26,"blk.26.ffn_down_exps.weight",1,8,232,5 190 178 228 163 59 26 145
27,"blk.27.ffn_gate_exps.weight",1,8,232,162 28 18 193 137 58 223 150
27,"blk.27.ffn_up_exps.weight",1,8,232,162 28 18 193 137 58 223 150
27,"blk.27.ffn_down_exps.weight",1,8,232,162 28 18 193 137 58 223 150
0,"blk.0.ffn_gate_exps.weight",1,8,232,14 115 63 127 141 80 134 166
0,"blk.0.ffn_up_exps.weight",1,8,232,14 115 63 127 141 80 134 166
0,"blk.0.ffn_down_exps.weight",1,8,232,14 115 63 127 141 80 134 166
1,"blk.1.ffn_gate_exps.weight",1,8,232,160 31 1 115 49 8 201 210
1,"blk.1.ffn_up_exps.weight",1,8,232,160 31 1 115 49 8 201 210
1,"blk.1.ffn_down_exps.weight",1,8,232,160 31 1 115 49 8 201 210
2,"blk.2.ffn_gate_exps.weight",1,8,232,43 76 23 146 205 206 221 217
2,"blk.2.ffn_up_exps.weight",1,8,232,43 76 23 146 205 206 221 217
2,"blk.2.ffn_down_exps.weight",1,8,232,43 76 23 146 205 206 221 217
3,"blk.3.ffn_gate_exps.weight",1,8,232,36 185 96 142 7 55 190 134
3,"blk.3.ffn_up_exps.weight",1,8,232,36 185 96 142 7 55 190 134
3,"blk.3.ffn_down_exps.weight",1,8,232,36 185 96 142 7 55 190 134
4,"blk.4.ffn_gate_exps.weight",1,8,232,88 40 38 139 229 177 74 169
4,"blk.4.ffn_up_exps.weight",1,8,232,88 40 38 139 229 177 74 169
4,"blk.4.ffn_down_exps.weight",1,8,232,88 40 38 139 229 177 74 169
5,"blk.5.ffn_gate_exps.weight",1,8,232,134 187 182 72 91 11 2 133
5,"blk.5.ffn_up_exps.weight",1,8,232,134 187 182 72 91 11 2 133
5,"blk.5.ffn_down_exps.weight",1,8,232,134 187 182 72 91 11 2 133
6,"blk.6.ffn_gate_exps.weight",1,8,232,189 54 143 138 124 192 114 97
6,"blk.6.ffn_up_exps.weight",1,8,232,189 54 143 138 124 192 114 97
6,"blk.6.ffn_down_exps.weight",1,8,232,189 54 143 138 124 192 114 97
7,"blk.7.ffn_gate_exps.weight",1,8,232,146 182 98 119 66 97 13 124
7,"blk.7.ffn_up_exps.weight",1,8,232,146 182 98 119 66 97 13 124
7,"blk.7.ffn_down_exps.weight",1,8,232,146 182 98 119 66 97 13 124
8,"blk.8.ffn_gate_exps.weight",1,8,232,27 176 161 102 162 202 71 65
8,"blk.8.ffn_up_exps.weight",1,8,232,27 176 161 102 162 202 71 65
8,"blk.8.ffn_down_exps.weight",1,8,232,27 176 161 102 162 202 71 65
9,"blk.9.ffn_gate_exps.weight",1,8,232,31 172 34 4 152 153 7 123
9,"blk.9.ffn_up_exps.weight",1,8,232,31 172 34 4 152 153 7 123
9,"blk.9.ffn_down_exps.weight",1,8,232,31 172 34 4 152 153 7 123
10,"blk.10.ffn_gate_exps.weight",1,8,232,185 175 208 106 211 77 78 108
10,"blk.10.ffn_up_exps.weight",1,8,232,185 175 208 106 211 77 78 108
10,"blk.10.ffn_down_exps.weight",1,8,232,185 175 208 106 211 77 78 108
11,"blk.11.ffn_gate_exps.weight",1,8,232,46 70 20 178 16 176 12 89
11,"blk.11.ffn_up_exps.weight",1,8,232,46 70 20 178 16 176 12 89
11,"blk.11.ffn_down_exps.weight",1,8,232,46 70 20 178 16 176 12 89
12,"blk.12.ffn_gate_exps.weight",1,8,232,117 51 82 57 120 71 18 104
12,"blk.12.ffn_up_exps.weight",1,8,232,117 51 82 57 120 71 18 104
12,"blk.12.ffn_down_exps.weight",1,8,232,117 51 82 57 120 71 18 104
13,"blk.13.ffn_gate_exps.weight",1,8,232,29 83 208 20 17 7 33 12
13,"blk.13.ffn_up_exps.weight",1,8,232,29 83 208 20 17 7 33 12
13,"blk.13.ffn_down_exps.weight",1,8,232,29 83 208 20 17 7 33 12
14,"blk.14.ffn_gate_exps.weight",1,8,232,227 209 194 2 137 52 121 197
14,"blk.14.ffn_up_exps.weight",1,8,232,227 209 194 2 137 52 121 197
14,"blk.14.ffn_down_exps.weight",1,8,232,227 209 194 2 137 52 121 197
15,"blk.15.ffn_gate_exps.weight",1,8,232,186 70 59 145 155 54 111 81
15,"blk.15.ffn_up_exps.weight",1,8,232,186 70 59 145 155 54 111 81
15,"blk.15.ffn_down_exps.weight",1,8,232,186 70 59 145 155 54 111 81
16,"blk.16.ffn_gate_exps.weight",1,8,232,152 117 70 201 72 223 212 177
16,"blk.16.ffn_up_exps.weight",1,8,232,152 117 70 201 72 223 212 177
16,"blk.16.ffn_down_exps.weight",1,8,232,152 117 70 201 72 223 212 177
17,"blk.17.ffn_gate_exps.weight",1,8,232,194 38 175 100 67 192 80 203
17,"blk.17.ffn_up_exps.weight",1,8,232,194 38 175 100 67 192 80 203
17,"blk.17.ffn_down_exps.weight",1,8,232,194 38 175 100 67 192 80 203
18,"blk.18.ffn_gate_exps.weight",1,8,232,183 193 216 120 35 53 205 93
18,"blk.18.ffn_up_exps.weight",1,8,232,183 193 216 120 35 53 205 93
18,"blk.18.ffn_down_exps.weight",1,8,232,183 193 216 120 35 53 205 93
19,"blk.19.ffn_gate_exps.weight",1,8,232,14 162 80 102 186 160 151 50
19,"blk.19.ffn_up_exps.weight",1,8,232,14 162 80 102 186 160 151 50
19,"blk.19.ffn_down_exps.weight",1,8,232,14 162 80 102 186 160 151 50
20,"blk.20.ffn_gate_exps.weight",1,8,232,142 176 178 106 116 222 231 16
20,"blk.20.ffn_up_exps.weight",1,8,232,142 176 178 106 116 222 231 16
20,"blk.20.ffn_down_exps.weight",1,8,232,142 176 178 106 116 222 231 16
21,"blk.21.ffn_gate_exps.weight",1,8,232,44 215 1 127 153 173 80 43
21,"blk.21.ffn_up_exps.weight",1,8,232,44 215 1 127 153 173 80 43
21,"blk.21.ffn_down_exps.weight",1,8,232,44 215 1 127 153 173 80 43
22,"blk.22.ffn_gate_exps.weight",1,8,232,20 53 8 62 92 209 122 12
22,"blk.22.ffn_up_exps.weight",1,8,232,20 53 8 62 92 209 122 12
22,"blk.22.ffn_down_exps.weight",1,8,232,20 53 8 62 92 209 122 12
23,"blk.23.ffn_gate_exps.weight",1,8,232,56 207 135 152 167 9 226 130
23,"blk.23.ffn_up_exps.weight",1,8,232,56 207 135 152 167 9 226 130
23,"blk.23.ffn_down_exps.weight",1,8,232,56 207 135 152 167 9 226 130
24,"blk.24.ffn_gate_exps.weight",1,8,232,75 107 97 53 15 72 67 34
24,"blk.24.ffn_up_exps.weight",1,8,232,75 107 97 53 15 72 67 34
24,"blk.24.ffn_down_exps.weight",1,8,232,75 107 97 53 15 72 67 34
25,"blk.25.ffn_gate_exps.weight",1,8,232,54 199 12 146 88 129 33 111
25,"blk.25.ffn_up_exps.weight",1,8,232,54 199 12 146 88 129 33 111
25,"blk.25.ffn_down_exps.weight",1,8,232,54 199 12 146 88 129 33 111
26,"blk.26.ffn_gate_exps.weight",1,8,232,5 110 126 228 135 53 145 155
26,"blk.26.ffn_up_exps.weight",1,8,232,5 110 126 228 135 53 145 155
26,"blk.26.ffn_down_exps.weight",1,8,232,5 110 126 228 135 53 145 155
27,"blk.27.ffn_gate_exps.weight",1,8,232,103 28 1 200 110 151 93 32
27,"blk.27.ffn_up_exps.weight",1,8,232,103 28 1 200 110 151 93 32
27,"blk.27.ffn_down_exps.weight",1,8,232,103 28 1 200 110 151 93 32
0,"blk.0.ffn_gate_exps.weight",1,8,232,116 117 103 185 82 133 20 173
0,"blk.0.ffn_up_exps.weight",1,8,232,116 117 103 185 82 133 20 173
0,"blk.0.ffn_down_exps.weight",1,8,232,116 117 103 185 82 133 20 173
1,"blk.1.ffn_gate_exps.weight",1,8,232,63 45 32 48 153 183 18 115
1,"blk.1.ffn_up_exps.weight",1,8,232,63 45 32 48 153 183 18 115
1,"blk.1.ffn_down_exps.weight",1,8,232,63 45 32 48 153 183 18 115
2,"blk.2.ffn_gate_exps.weight",1,8,232,221 187 25 196 146 23 64 206
2,"blk.2.ffn_up_exps.weight",1,8,232,221 187 25 196 146 23 64 206
2,"blk.2.ffn_down_exps.weight",1,8,232,221 187 25 196 146 23 64 206
3,"blk.3.ffn_gate_exps.weight",1,8,232,203 47 190 120 55 36 103 226
3,"blk.3.ffn_up_exps.weight",1,8,232,203 47 190 120 55 36 103 226
3,"blk.3.ffn_down_exps.weight",1,8,232,203 47 190 120 55 36 103 226
4,"blk.4.ffn_gate_exps.weight",1,8,232,169 85 88 38 139 227 101 52
4,"blk.4.ffn_up_exps.weight",1,8,232,169 85 88 38 139 227 101 52
4,"blk.4.ffn_down_exps.weight",1,8,232,169 85 88 38 139 227 101 52
5,"blk.5.ffn_gate_exps.weight",1,8,232,200 134 21 133 91 187 11 72
5,"blk.5.ffn_up_exps.weight",1,8,232,200 134 21 133 91 187 11 72
5,"blk.5.ffn_down_exps.weight",1,8,232,200 134 21 133 91 187 11 72
6,"blk.6.ffn_gate_exps.weight",1,8,232,54 213 189 124 192 97 138 169
6,"blk.6.ffn_up_exps.weight",1,8,232,54 213 189 124 192 97 138 169
6,"blk.6.ffn_down_exps.weight",1,8,232,54 213 189 124 192 97 138 169
7,"blk.7.ffn_gate_exps.weight",1,8,232,146 182 98 119 90 97 124 137
7,"blk.7.ffn_up_exps.weight",1,8,232,146 182 98 119 90 97 124 137
7,"blk.7.ffn_down_exps.weight",1,8,232,146 182 98 119 90 97 124 137
8,"blk.8.ffn_gate_exps.weight",1,8,232,27 176 161 162 202 71 83 67
8,"blk.8.ffn_up_exps.weight",1,8,232,27 176 161 162 202 71 83 67
8,"blk.8.ffn_down_exps.weight",1,8,232,27 176 161 162 202 71 83 67
9,"blk.9.ffn_gate_exps.weight",1,8,232,166 31 180 34 152 123 4 158
9,"blk.9.ffn_up_exps.weight",1,8,232,166 31 180 34 152 123 4 158
9,"blk.9.ffn_down_exps.weight",1,8,232,166 31 180 34 152 123 4 158
10,"blk.10.ffn_gate_exps.weight",1,8,232,185 211 208 77 30 106 78 175
10,"blk.10.ffn_up_exps.weight",1,8,232,185 211 208 77 30 106 78 175
10,"blk.10.ffn_down_exps.weight",1,8,232,185 211 208 77 30 106 78 175
11,"blk.11.ffn_gate_exps.weight",1,8,232,46 20 16 70 12 230 221 178
11,"blk.11.ffn_up_exps.weight",1,8,232,46 20 16 70 12 230 221 178
11,"blk.11.ffn_down_exps.weight",1,8,232,46 20 16 70 12 230 221 178
12,"blk.12.ffn_gate_exps.weight",1,8,232,117 57 24 56 51 14 82 104
12,"blk.12.ffn_up_exps.weight",1,8,232,117 57 24 56 51 14 82 104
12,"blk.12.ffn_down_exps.weight",1,8,232,117 57 24 56 51 14 82 104
13,"blk.13.ffn_gate_exps.weight",1,8,232,29 83 151 208 192 20 33 228
13,"blk.13.ffn_up_exps.weight",1,8,232,29 83 151 208 192 20 33 228
13,"blk.13.ffn_down_exps.weight",1,8,232,29 83 151 208 192 20 33 228
14,"blk.14.ffn_gate_exps.weight",1,8,232,175 121 194 227 209 5 103 197
14,"blk.14.ffn_up_exps.weight",1,8,232,175 121 194 227 209 5 103 197
14,"blk.14.ffn_down_exps.weight",1,8,232,175 121 194 227 209 5 103 197
15,"blk.15.ffn_gate_exps.weight",1,8,232,93 186 70 145 59 181 152 174
15,"blk.15.ffn_up_exps.weight",1,8,232,93 186 70 145 59 181 152 174
15,"blk.15.ffn_down_exps.weight",1,8,232,93 186 70 145 59 181 152 174
16,"blk.16.ffn_gate_exps.weight",1,8,232,205 117 99 66 81 82 72 70
16,"blk.16.ffn_up_exps.weight",1,8,232,205 117 99 66 81 82 72 70
16,"blk.16.ffn_down_exps.weight",1,8,232,205 117 99 66 81 82 72 70
17,"blk.17.ffn_gate_exps.weight",1,8,232,194 100 165 95 192 175 33 38
17,"blk.17.ffn_up_exps.weight",1,8,232,194 100 165 95 192 175 33 38
17,"blk.17.ffn_down_exps.weight",1,8,232,194 100 165 95 192 175 33 38
18,"blk.18.ffn_gate_exps.weight",1,8,232,45 90 193 47 48 69 35 120
18,"blk.18.ffn_up_exps.weight",1,8,232,45 90 193 47 48 69 35 120
18,"blk.18.ffn_down_exps.weight",1,8,232,45 90 193 47 48 69 35 120
19,"blk.19.ffn_gate_exps.weight",1,8,232,203 204 70 229 131 129 35 137
19,"blk.19.ffn_up_exps.weight",1,8,232,203 204 70 229 131 129 35 137
19,"blk.19.ffn_down_exps.weight",1,8,232,203 204 70 229 131 129 35 137
20,"blk.20.ffn_gate_exps.weight",1,8,232,184 61 172 28 161 15 77 67
20,"blk.20.ffn_up_exps.weight",1,8,232,184 61 172 28 161 15 77 67
20,"blk.20.ffn_down_exps.weight",1,8,232,184 61 172 28 161 15 77 67
21,"blk.21.ffn_gate_exps.weight",1,8,232,30 230 208 117 161 87 228 28
21,"blk.21.ffn_up_exps.weight",1,8,232,30 230 208 117 161 87 228 28
21,"blk.21.ffn_down_exps.weight",1,8,232,30 230 208 117 161 87 228 28
22,"blk.22.ffn_gate_exps.weight",1,8,232,7 62 167 45 149 32 48 63
22,"blk.22.ffn_up_exps.weight",1,8,232,7 62 167 45 149 32 48 63
22,"blk.22.ffn_down_exps.weight",1,8,232,7 62 167 45 149 32 48 63
23,"blk.23.ffn_gate_exps.weight",1,8,232,118 192 15 92 173 63 213 111
23,"blk.23.ffn_up_exps.weight",1,8,232,118 192 15 92 173 63 213 111
23,"blk.23.ffn_down_exps.weight",1,8,232,118 192 15 92 173 63 213 111
24,"blk.24.ffn_gate_exps.weight",1,8,232,151 140 142 211 118 33 147 67
24,"blk.24.ffn_up_exps.weight",1,8,232,151 140 142 211 118 33 147 67
24,"blk.24.ffn_down_exps.weight",1,8,232,151 140 142 211 118 33 147 67
25,"blk.25.ffn_gate_exps.weight",1,8,232,182 162 80 25 137 147 77 33
25,"blk.25.ffn_up_exps.weight",1,8,232,182 162 80 25 137 147 77 33
25,"blk.25.ffn_down_exps.weight",1,8,232,182 162 80 25 137 147 77 33
26,"blk.26.ffn_gate_exps.weight",1,8,232,189 120 222 201 13 155 178 191
26,"blk.26.ffn_up_exps.weight",1,8,232,189 120 222 201 13 155 178 191
26,"blk.26.ffn_down_exps.weight",1,8,232,189 120 222 201 13 155 178 191
27,"blk.27.ffn_gate_exps.weight",1,8,232,70 205 4 67 217 169 173 0
27,"blk.27.ffn_up_exps.weight",1,8,232,70 205 4 67 217 169 173 0
27,"blk.27.ffn_down_exps.weight",1,8,232,70 205 4 67 217 169 173 0
0,"blk.0.ffn_gate_exps.weight",1,8,232,29 93 70 148 149 174 173 181
0,"blk.0.ffn_up_exps.weight",1,8,232,29 93 70 148 149 174 173 181
0,"blk.0.ffn_down_exps.weight",1,8,232,29 93 70 148 149 174 173 181
1,"blk.1.ffn_gate_exps.weight",1,8,232,15 221 148 166 201 21 35 181
1,"blk.1.ffn_up_exps.weight",1,8,232,15 221 148 166 201 21 35 181
1,"blk.1.ffn_down_exps.weight",1,8,232,15 221 148 166 201 21 35 181
2,"blk.2.ffn_gate_exps.weight",1,8,232,133 102 9 152 125 178 81 216
2,"blk.2.ffn_up_exps.weight",1,8,232,133 102 9 152 125 178 81 216
2,"blk.2.ffn_down_exps.weight",1,8,232,133 102 9 152 125 178 81 216
3,"blk.3.ffn_gate_exps.weight",1,8,232,159 202 143 193 83 221 123 91
3,"blk.3.ffn_up_exps.weight",1,8,232,159 202 143 193 83 221 123 91
3,"blk.3.ffn_down_exps.weight",1,8,232,159 202 143 193 83 221 123 91
4,"blk.4.ffn_gate_exps.weight",1,8,232,29 0 163 67 145 142 158 170
4,"blk.4.ffn_up_exps.weight",1,8,232,29 0 163 67 145 142 158 170
4,"blk.4.ffn_down_exps.weight",1,8,232,29 0 163 67 145 142 158 170
5,"blk.5.ffn_gate_exps.weight",1,8,232,99 87 135 38 100 93 58 52
5,"blk.5.ffn_up_exps.weight",1,8,232,99 87 135 38 100 93 58 52
5,"blk.5.ffn_down_exps.weight",1,8,232,99 87 135 38 100 93 58 52
6,"blk.6.ffn_gate_exps.weight",1,8,232,206 61 51 132 23 169 17 108
6,"blk.6.ffn_up_exps.weight",1,8,232,206 61 51 132 23 169 17 108
6,"blk.6.ffn_down_exps.weight",1,8,232,206 61 51 132 23 169 17 108
7,"blk.7.ffn_gate_exps.weight",1,8,232,59 86 146 40 41 90 23 147
7,"blk.7.ffn_up_exps.weight",1,8,232,59 86 146 40 41 90 23 147
7,"blk.7.ffn_down_exps.weight",1,8,232,59 86 146 40 41 90 23 147
8,"blk.8.ffn_gate_exps.weight",1,8,232,144 209 183 179 34 188 140 61
8,"blk.8.ffn_up_exps.weight",1,8,232,144 209 183 179 34 188 140 61
8,"blk.8.ffn_down_exps.weight",1,8,232,144 209 183 179 34 188 140 61
9,"blk.9.ffn_gate_exps.weight",1,8,232,212 129 72 171 21 213 142 181
9,"blk.9.ffn_up_exps.weight",1,8,232,212 129 72 171 21 213 142 181
9,"blk.9.ffn_down_exps.weight",1,8,232,212 129 72 171 21 213 142 181
10,"blk.10.ffn_gate_exps.weight",1,8,232,68 47 32 162 77 135 167 117
10,"blk.10.ffn_up_exps.weight",1,8,232,68 47 32 162 77 135 167 117
10,"blk.10.ffn_down_exps.weight",1,8,232,68 47 32 162 77 135 167 117
11,"blk.11.ffn_gate_exps.weight",1,8,232,174 183 20 222 181 189 142 46
11,"blk.11.ffn_up_exps.weight",1,8,232,174 183 20 222 181 189 142 46
11,"blk.11.ffn_down_exps.weight",1,8,232,174 183 20 222 181 189 142 46
12,"blk.12.ffn_gate_exps.weight",1,8,232,61 187 70 57 23 167 48 21
12,"blk.12.ffn_up_exps.weight",1,8,232,61 187 70 57 23 167 48 21
12,"blk.12.ffn_down_exps.weight",1,8,232,61 187 70 57 23 167 48 21
13,"blk.13.ffn_gate_exps.weight",1,8,232,163 140 130 228 105 29 102 223
13,"blk.13.ffn_up_exps.weight",1,8,232,163 140 130 228 105 29 102 223
13,"blk.13.ffn_down_exps.weight",1,8,232,163 140 130 228 105 29 102 223
14,"blk.14.ffn_gate_exps.weight",1,8,232,103 37 130 123 196 194 105 46
14,"blk.14.ffn_up_exps.weight",1,8,232,103 37 130 123 196 194 105 46
14,"blk.14.ffn_down_exps.weight",1,8,232,103 37 130 123 196 194 105 46
15,"blk.15.ffn_gate_exps.weight",1,8,232,94 115 26 103 102 140 191 19
15,"blk.15.ffn_up_exps.weight",1,8,232,94 115 26 103 102 140 191 19
15,"blk.15.ffn_down_exps.weight",1,8,232,94 115 26 103 102 140 191 19
16,"blk.16.ffn_gate_exps.weight",1,8,232,172 229 112 165 198 167 150 51
16,"blk.16.ffn_up_exps.weight",1,8,232,172 229 112 165 198 167 150 51
16,"blk.16.ffn_down_exps.weight",1,8,232,172 229 112 165 198 167 150 51
17,"blk.17.ffn_gate_exps.weight",1,8,232,48 100 34 25 47 68 86 122
17,"blk.17.ffn_up_exps.weight",1,8,232,48 100 34 25 47 68 86 122
17,"blk.17.ffn_down_exps.weight",1,8,232,48 100 34 25 47 68 86 122
18,"blk.18.ffn_gate_exps.weight",1,8,232,39 148 38 165 175 208 13 51
18,"blk.18.ffn_up_exps.weight",1,8,232,39 148 38 165 175 208 13 51
18,"blk.18.ffn_down_exps.weight",1,8,232,39 148 38 165 175 208 13 51
19,"blk.19.ffn_gate_exps.weight",1,8,232,46 79 22 164 228 31 144 121
19,"blk.19.ffn_up_exps.weight",1,8,232,46 79 22 164 228 31 144 121
19,"blk.19.ffn_down_exps.weight",1,8,232,46 79 22 164 228 31 144 121
20,"blk.20.ffn_gate_exps.weight",1,8,232,85 83 68 120 6 43 62 31
20,"blk.20.ffn_up_exps.weight",1,8,232,85 83 68 120 6 43 62 31
20,"blk.20.ffn_down_exps.weight",1,8,232,85 83 68 120 6 43 62 31
21,"blk.21.ffn_gate_exps.weight",1,8,232,151 33 150 119 211 68 71 229
21,"blk.21.ffn_up_exps.weight",1,8,232,151 33 150 119 211 68 71 229
21,"blk.21.ffn_down_exps.weight",1,8,232,151 33 150 119 211 68 71 229
22,"blk.22.ffn_gate_exps.weight",1,8,232,5 46 107 23 77 126 147 162
22,"blk.22.ffn_up_exps.weight",1,8,232,5 46 107 23 77 126 147 162
22,"blk.22.ffn_down_exps.weight",1,8,232,5 46 107 23 77 126 147 162
23,"blk.23.ffn_gate_exps.weight",1,8,232,37 42 60 101 43 2 71 84
23,"blk.23.ffn_up_exps.weight",1,8,232,37 42 60 101 43 2 71 84
23,"blk.23.ffn_down_exps.weight",1,8,232,37 42 60 101 43 2 71 84
24,"blk.24.ffn_gate_exps.weight",1,8,232,134 69 150 84 13 115 19 49
24,"blk.24.ffn_up_exps.weight",1,8,232,134 69 150 84 13 115 19 49
24,"blk.24.ffn_down_exps.weight",1,8,232,134 69 150 84 13 115 19 49
25,"blk.25.ffn_gate_exps.weight",1,8,232,22 67 63 94 140 191 50 19
25,"blk.25.ffn_up_exps.weight",1,8,232,22 67 63 94 140 191 50 19
25,"blk.25.ffn_down_exps.weight",1,8,232,22 67 63 94 140 191 50 19
26,"blk.26.ffn_gate_exps.weight",1,8,232,173 21 149 83 22 55 24 119
26,"blk.26.ffn_up_exps.weight",1,8,232,173 21 149 83 22 55 24 119
26,"blk.26.ffn_down_exps.weight",1,8,232,173 21 149 83 22 55 24 119
27,"blk.27.ffn_gate_exps.weight",1,8,232,230 114 133 3 8 123 35 7
27,"blk.27.ffn_up_exps.weight",1,8,232,230 114 133 3 8 123 35 7
27,"blk.27.ffn_down_exps.weight",1,8,232,230 114 133 3 8 123 35 7
0,"blk.0.ffn_gate_exps.weight",1,8,232,91 83 32 230 144 149 214 217
0,"blk.0.ffn_up_exps.weight",1,8,232,91 83 32 230 144 149 214 217
0,"blk.0.ffn_down_exps.weight",1,8,232,91 83 32 230 144 149 214 217
1,"blk.1.ffn_gate_exps.weight",1,8,232,67 73 95 170 187 52 105 0
1,"blk.1.ffn_up_exps.weight",1,8,232,67 73 95 170 187 52 105 0
1,"blk.1.ffn_down_exps.weight",1,8,232,67 73 95 170 187 52 105 0
2,"blk.2.ffn_gate_exps.weight",1,8,232,207 188 195 151 104 73 49 156
2,"blk.2.ffn_up_exps.weight",1,8,232,207 188 195 151 104 73 49 156
2,"blk.2.ffn_down_exps.weight",1,8,232,207 188 195 151 104 73 49 156
3,"blk.3.ffn_gate_exps.weight",1,8,232,63 154 184 175 219 90 141 225
3,"blk.3.ffn_up_exps.weight",1,8,232,63 154 184 175 219 90 141 225
3,"blk.3.ffn_down_exps.weight",1,8,232,63 154 184 175 219 90 141 225
4,"blk.4.ffn_gate_exps.weight",1,8,232,71 49 210 136 123 15 24 90
4,"blk.4.ffn_up_exps.weight",1,8,232,71 49 210 136 123 15 24 90
4,"blk.4.ffn_down_exps.weight",1,8,232,71 49 210 136 123 15 24 90
5,"blk.5.ffn_gate_exps.weight",1,8,232,172 205 186 46 193 115 108 124
5,"blk.5.ffn_up_exps.weight",1,8,232,172 205 186 46 193 115 108 124
5,"blk.5.ffn_down_exps.weight",1,8,232,172 205 186 46 193 115 108 124
6,"blk.6.ffn_gate_exps.weight",1,8,232,164 201 2 105 183 118 187 115
6,"blk.6.ffn_up_exps.weight",1,8,232,164 201 2 105 183 118 187 115
6,"blk.6.ffn_down_exps.weight",1,8,232,164 201 2 105 183 118 187 115
7,"blk.7.ffn_gate_exps.weight",1,8,232,145 125 216 6 26 36 106 39
7,"blk.7.ffn_up_exps.weight",1,8,232,145 125 216 6 26 36 106 39
7,"blk.7.ffn_down_exps.weight",1,8,232,145 125 216 6 26 36 106 39
8,"blk.8.ffn_gate_exps.weight",1,8,232,64 193 167 35 109 186 128 29
8,"blk.8.ffn_up_exps.weight",1,8,232,64 193 167 35 109 186 128 29
8,"blk.8.ffn_down_exps.weight",1,8,232,64 193 167 35 109 186 128 29
9,"blk.9.ffn_gate_exps.weight",1,8,232,145 102 141 48 223 147 9 185
9,"blk.9.ffn_up_exps.weight",1,8,232,145 102 141 48 223 147 9 185
9,"blk.9.ffn_down_exps.weight",1,8,232,145 102 141 48 223 147 9 185
10,"blk.10.ffn_gate_exps.weight",1,8,232,127 81 80 22 171 89 209 28
10,"blk.10.ffn_up_exps.weight",1,8,232,127 81 80 22 171 89 209 28
10,"blk.10.ffn_down_exps.weight",1,8,232,127 81 80 22 171 89 209 28
11,"blk.11.ffn_gate_exps.weight",1,8,232,14 50 123 189 161 225 210 16
11,"blk.11.ffn_up_exps.weight",1,8,232,14 50 123 189 161 225 210 16
11,"blk.11.ffn_down_exps.weight",1,8,232,14 50 123 189 161 225 210 16
12,"blk.12.ffn_gate_exps.weight",1,8,232,38 168 121 74 122 210 17 68
12,"blk.12.ffn_up_exps.weight",1,8,232,38 168 121 74 122 210 17 68
12,"blk.12.ffn_down_exps.weight",1,8,232,38 168 121 74 122 210 17 68
13,"blk.13.ffn_gate_exps.weight",1,8,232,75 77 100 228 137 195 133 112
13,"blk.13.ffn_up_exps.weight",1,8,232,75 77 100 228 137 195 133 112
13,"blk.13.ffn_down_exps.weight",1,8,232,75 77 100 228 137 195 133 112
14,"blk.14.ffn_gate_exps.weight",1,8,232,122 44 154 96 97 210 43 206
14,"blk.14.ffn_up_exps.weight",1,8,232,122 44 154 96 97 210 43 206
14,"blk.14.ffn_down_exps.weight",1,8,232,122 44 154 96 97 210 43 206
15,"blk.15.ffn_gate_exps.weight",1,8,232,131 94 47 30 153 24 13 92
15,"blk.15.ffn_up_exps.weight",1,8,232,131 94 47 30 153 24 13 92
15,"blk.15.ffn_down_exps.weight",1,8,232,131 94 47 30 153 24 13 92
16,"blk.16.ffn_gate_exps.weight",1,8,232,67 189 199 174 148 145 122 104
16,"blk.16.ffn_up_exps.weight",1,8,232,67 189 199 174 148 145 122 104
16,"blk.16.ffn_down_exps.weight",1,8,232,67 189 199 174 148 145 122 104
17,"blk.17.ffn_gate_exps.weight",1,8,232,141 62 228 9 178 179 20 191
17,"blk.17.ffn_up_exps.weight",1,8,232,141 62 228 9 178 179 20 191
17,"blk.17.ffn_down_exps.weight",1,8,232,141 62 228 9 178 179 20 191
18,"blk.18.ffn_gate_exps.weight",1,8,232,198 221 171 124 84 55 161 231
18,"blk.18.ffn_up_exps.weight",1,8,232,198 221 171 124 84 55 161 231
18,"blk.18.ffn_down_exps.weight",1,8,232,198 221 171 124 84 55 161 231
19,"blk.19.ffn_gate_exps.weight",1,8,232,183 149 130 192 145 67 79 51
19,"blk.19.ffn_up_exps.weight",1,8,232,183 149 130 192 145 67 79 51
19,"blk.19.ffn_down_exps.weight",1,8,232,183 149 130 192 145 67 79 51
20,"blk.20.ffn_gate_exps.weight",1,8,232,71 94 63 35 68 200 66 168
20,"blk.20.ffn_up_exps.weight",1,8,232,71 94 63 35 68 200 66 168
20,"blk.20.ffn_down_exps.weight",1,8,232,71 94 63 35 68 200 66 168
21,"blk.21.ffn_gate_exps.weight",1,8,232,3 92 74 25 21 114 187 85
21,"blk.21.ffn_up_exps.weight",1,8,232,3 92 74 25 21 114 187 85
21,"blk.21.ffn_down_exps.weight",1,8,232,3 92 74 25 21 114 187 85
22,"blk.22.ffn_gate_exps.weight",1,8,232,157 42 5 107 65 223 15 19
22,"blk.22.ffn_up_exps.weight",1,8,232,157 42 5 107 65 223 15 19
22,"blk.22.ffn_down_exps.weight",1,8,232,157 42 5 107 65 223 15 19
23,"blk.23.ffn_gate_exps.weight",1,8,232,41 64 37 44 42 90 43 68
23,"blk.23.ffn_up_exps.weight",1,8,232,41 64 37 44 42 90 43 68
23,"blk.23.ffn_down_exps.weight",1,8,232,41 64 37 44 42 90 43 68
24,"blk.24.ffn_gate_exps.weight",1,8,232,134 7 13 228 69 10 20 17
24,"blk.24.ffn_up_exps.weight",1,8,232,134 7 13 228 69 10 20 17
24,"blk.24.ffn_down_exps.weight",1,8,232,134 7 13 228 69 10 20 17
25,"blk.25.ffn_gate_exps.weight",1,8,232,22 63 3 94 67 183 212 19
25,"blk.25.ffn_up_exps.weight",1,8,232,22 63 3 94 67 183 212 19
25,"blk.25.ffn_down_exps.weight",1,8,232,22 63 3 94 67 183 212 19
26,"blk.26.ffn_gate_exps.weight",1,8,232,156 16 3 33 2 173 205 25
26,"blk.26.ffn_up_exps.weight",1,8,232,156 16 3 33 2 173 205 25
26,"blk.26.ffn_down_exps.weight",1,8,232,156 16 3 33 2 173 205 25
27,"blk.27.ffn_gate_exps.weight",1,8,232,227 81 26 96 189 230 68 154
27,"blk.27.ffn_up_exps.weight",1,8,232,227 81 26 96 189 230 68 154
27,"blk.27.ffn_down_exps.weight",1,8,232,227 81 26 96 189 230 68 154
0,"blk.0.ffn_gate_exps.weight",1,8,232,83 144 86 110 202 230 148 214
0,"blk.0.ffn_up_exps.weight",1,8,232,83 144 86 110 202 230 148 214
0,"blk.0.ffn_down_exps.weight",1,8,232,83 144 86 110 202 230 148 214
1,"blk.1.ffn_gate_exps.weight",1,8,232,95 127 187 38 170 67 98 224
1,"blk.1.ffn_up_exps.weight",1,8,232,95 127 187 38 170 67 98 224
1,"blk.1.ffn_down_exps.weight",1,8,232,95 127 187 38 170 67 98 224
2,"blk.2.ffn_gate_exps.weight",1,8,232,73 40 117 50 75 156 132 105
2,"blk.2.ffn_up_exps.weight",1,8,232,73 40 117 50 75 156 132 105
2,"blk.2.ffn_down_exps.weight",1,8,232,73 40 117 50 75 156 132 105
3,"blk.3.ffn_gate_exps.weight",1,8,232,63 154 184 65 219 90 160 171
3,"blk.3.ffn_up_exps.weight",1,8,232,63 154 184 65 219 90 160 171
3,"blk.3.ffn_down_exps.weight",1,8,232,63 154 184 65 219 90 160 171
4,"blk.4.ffn_gate_exps.weight",1,8,232,123 90 64 46 49 57 54 13
4,"blk.4.ffn_up_exps.weight",1,8,232,123 90 64 46 49 57 54 13
4,"blk.4.ffn_down_exps.weight",1,8,232,123 90 64 46 49 57 54 13
5,"blk.5.ffn_gate_exps.weight",1,8,232,191 193 188 14 115 186 155 172
5,"blk.5.ffn_up_exps.weight",1,8,232,191 193 188 14 115 186 155 172
5,"blk.5.ffn_down_exps.weight",1,8,232,191 193 188 14 115 186 155 172
6,"blk.6.ffn_gate_exps.weight",1,8,232,203 183 201 115 105 137 166 122
6,"blk.6.ffn_up_exps.weight",1,8,232,203 183 201 115 105 137 166 122
6,"blk.6.ffn_down_exps.weight",1,8,232,203 183 201 115 105 137 166 122
7,"blk.7.ffn_gate_exps.weight",1,8,232,216 113 140 26 205 79 108 14
7,"blk.7.ffn_up_exps.weight",1,8,232,216 113 140 26 205 79 108 14
7,"blk.7.ffn_down_exps.weight",1,8,232,216 113 140 26 205 79 108 14
8,"blk.8.ffn_gate_exps.weight",1,8,232,218 7 186 64 200 129 126 157
8,"blk.8.ffn_up_exps.weight",1,8,232,218 7 186 64 200 129 126 157
8,"blk.8.ffn_down_exps.weight",1,8,232,218 7 186 64 200 129 126 157
9,"blk.9.ffn_gate_exps.weight",1,8,232,147 117 145 102 68 141 19 48
9,"blk.9.ffn_up_exps.weight",1,8,232,147 117 145 102 68 141 19 48
9,"blk.9.ffn_down_exps.weight",1,8,232,147 117 145 102 68 141 19 48
10,"blk.10.ffn_gate_exps.weight",1,8,232,227 77 22 222 80 81 143 26
10,"blk.10.ffn_up_exps.weight",1,8,232,227 77 22 222 80 81 143 26
10,"blk.10.ffn_down_exps.weight",1,8,232,227 77 22 222 80 81 143 26
11,"blk.11.ffn_gate_exps.weight",1,8,232,125 161 123 217 152 20 30 159
11,"blk.11.ffn_up_exps.weight",1,8,232,125 161 123 217 152 20 30 159
11,"blk.11.ffn_down_exps.weight",1,8,232,125 161 123 217 152 20 30 159
12,"blk.12.ffn_gate_exps.weight",1,8,232,122 222 168 17 154 11 219 151
12,"blk.12.ffn_up_exps.weight",1,8,232,122 222 168 17 154 11 219 151
12,"blk.12.ffn_down_exps.weight",1,8,232,122 222 168 17 154 11 219 151
13,"blk.13.ffn_gate_exps.weight",1,8,232,228 133 9 112 223 29 195 65
13,"blk.13.ffn_up_exps.weight",1,8,232,228 133 9 112 223 29 195 65
13,"blk.13.ffn_down_exps.weight",1,8,232,228 133 9 112 223 29 195 65
14,"blk.14.ffn_gate_exps.weight",1,8,232,63 217 154 226 94 30 122 223
14,"blk.14.ffn_up_exps.weight",1,8,232,63 217 154 226 94 30 122 223
14,"blk.14.ffn_down_exps.weight",1,8,232,63 217 154 226 94 30 122 223
15,"blk.15.ffn_gate_exps.weight",1,8,232,94 154 47 162 176 110 19 92
15,"blk.15.ffn_up_exps.weight",1,8,232,94 154 47 162 176 110 19 92
15,"blk.15.ffn_down_exps.weight",1,8,232,94 154 47 162 176 110 19 92
16,"blk.16.ffn_gate_exps.weight",1,8,232,67 189 228 199 145 41 31 35
16,"blk.16.ffn_up_exps.weight",1,8,232,67 189 228 199 145 41 31 35
16,"blk.16.ffn_down_exps.weight",1,8,232,67 189 228 199 145 41 31 35
17,"blk.17.ffn_gate_exps.weight",1,8,232,179 40 141 20 178 9 168 172
17,"blk.17.ffn_up_exps.weight",1,8,232,179 40 141 20 178 9 168 172
17,"blk.17.ffn_down_exps.weight",1,8,232,179 40 141 20 178 9 168 172
18,"blk.18.ffn_gate_exps.weight",1,8,232,171 198 55 221 124 11 219 114
18,"blk.18.ffn_up_exps.weight",1,8,232,171 198 55 221 124 11 219 114
18,"blk.18.ffn_down_exps.weight",1,8,232,171 198 55 221 124 11 219 114
19,"blk.19.ffn_gate_exps.weight",1,8,232,170 149 115 73 130 183 53 36
19,"blk.19.ffn_up_exps.weight",1,8,232,170 149 115 73 130 183 53 36
19,"blk.19.ffn_down_exps.weight",1,8,232,170 149 115 73 130 183 53 36
20,"blk.20.ffn_gate_exps.weight",1,8,232,94 63 66 196 189 24 224 163
20,"blk.20.ffn_up_exps.weight",1,8,232,94 63 66 196 189 24 224 163
20,"blk.20.ffn_down_exps.weight",1,8,232,94 63 66 196 189 24 224 163
21,"blk.21.ffn_gate_exps.weight",1,8,232,187 70 12 74 181 25 184 9
21,"blk.21.ffn_up_exps.weight",1,8,232,187 70 12 74 181 25 184 9
21,"blk.21.ffn_down_exps.weight",1,8,232,187 70 12 74 181 25 184 9
22,"blk.22.ffn_gate_exps.weight",1,8,232,34 30 19 42 69 65 223 52
22,"blk.22.ffn_up_exps.weight",1,8,232,34 30 19 42 69 65 223 52
22,"blk.22.ffn_down_exps.weight",1,8,232,34 30 19 42 69 65 223 52
23,"blk.23.ffn_gate_exps.weight",1,8,232,113 90 64 85 44 184 178 68
23,"blk.23.ffn_up_exps.weight",1,8,232,113 90 64 85 44 184 178 68
23,"blk.23.ffn_down_exps.weight",1,8,232,113 90 64 85 44 184 178 68
24,"blk.24.ffn_gate_exps.weight",1,8,232,228 20 200 10 224 91 202 105
24,"blk.24.ffn_up_exps.weight",1,8,232,228 20 200 10 224 91 202 105
24,"blk.24.ffn_down_exps.weight",1,8,232,228 20 200 10 224 91 202 105
25,"blk.25.ffn_gate_exps.weight",1,8,232,152 58 203 45 200 166 73 146
25,"blk.25.ffn_up_exps.weight",1,8,232,152 58 203 45 200 166 73 146
25,"blk.25.ffn_down_exps.weight",1,8,232,152 58 203 45 200 166 73 146
26,"blk.26.ffn_gate_exps.weight",1,8,232,224 78 200 222 3 156 190 130
26,"blk.26.ffn_up_exps.weight",1,8,232,224 78 200 222 3 156 190 130
26,"blk.26.ffn_down_exps.weight",1,8,232,224 78 200 222 3 156 190 130
27,"blk.27.ffn_gate_exps.weight",1,8,232,20 197 146 54 179 182 192 137
27,"blk.27.ffn_up_exps.weight",1,8,232,20 197 146 54 179 182 192 137
27,"blk.27.ffn_down_exps.weight",1,8,232,20 197 146 54 179 182 192 137
0,"blk.0.ffn_gate_exps.weight",1,8,232,88 52 118 176 197 111 138 87
0,"blk.0.ffn_up_exps.weight",1,8,232,88 52 118 176 197 111 138 87
0,"blk.0.ffn_down_exps.weight",1,8,232,88 52 118 176 197 111 138 87
1,"blk.1.ffn_gate_exps.weight",1,8,232,172 140 39 28 181 117 125 98
1,"blk.1.ffn_up_exps.weight",1,8,232,172 140 39 28 181 117 125 98
1,"blk.1.ffn_down_exps.weight",1,8,232,172 140 39 28 181 117 125 98
2,"blk.2.ffn_gate_exps.weight",1,8,232,128 12 26 88 204 2 35 198
2,"blk.2.ffn_up_exps.weight",1,8,232,128 12 26 88 204 2 35 198
2,"blk.2.ffn_down_exps.weight",1,8,232,128 12 26 88 204 2 35 198
3,"blk.3.ffn_gate_exps.weight",1,8,232,66 45 160 6 17 11 3 212
3,"blk.3.ffn_up_exps.weight",1,8,232,66 45 160 6 17 11 3 212
3,"blk.3.ffn_down_exps.weight",1,8,232,66 45 160 6 17 11 3 212
4,"blk.4.ffn_gate_exps.weight",1,8,232,43 143 2 151 25 20 207 160
4,"blk.4.ffn_up_exps.weight",1,8,232,43 143 2 151 25 20 207 160
4,"blk.4.ffn_down_exps.weight",1,8,232,43 143 2 151 25 20 207 160
5,"blk.5.ffn_gate_exps.weight",1,8,232,4 83 194 181 190 208 113 202
5,"blk.5.ffn_up_exps.weight",1,8,232,4 83 194 181 190 208 113 202
5,"blk.5.ffn_down_exps.weight",1,8,232,4 83 194 181 190 208 113 202
6,"blk.6.ffn_gate_exps.weight",1,8,232,50 180 110 223 211 45 115 194
6,"blk.6.ffn_up_exps.weight",1,8,232,50 180 110 223 211 45 115 194
6,"blk.6.ffn_down_exps.weight",1,8,232,50 180 110 223 211 45 115 194
7,"blk.7.ffn_gate_exps.weight",1,8,232,196 140 35 47 227 225 161 223
7,"blk.7.ffn_up_exps.weight",1,8,232,196 140 35 47 227 225 161 223
7,"blk.7.ffn_down_exps.weight",1,8,232,196 140 35 47 227 225 161 223
8,"blk.8.ffn_gate_exps.weight",1,8,232,228 217 218 117 216 223 91 169
8,"blk.8.ffn_up_exps.weight",1,8,232,228 217 218 117 216 223 91 169
8,"blk.8.ffn_down_exps.weight",1,8,232,228 217 218 117 216 223 91 169
9,"blk.9.ffn_gate_exps.weight",1,8,232,92 68 36 53 224 167 201 217
9,"blk.9.ffn_up_exps.weight",1,8,232,92 68 36 53 224 167 201 217
9,"blk.9.ffn_down_exps.weight",1,8,232,92 68 36 53 224 167 201 217
10,"blk.10.ffn_gate_exps.weight",1,8,232,159 13 57 168 26 77 165 24
10,"blk.10.ffn_up_exps.weight",1,8,232,159 13 57 168 26 77 165 24
10,"blk.10.ffn_down_exps.weight",1,8,232,159 13 57 168 26 77 165 24
11,"blk.11.ffn_gate_exps.weight",1,8,232,125 92 205 188 154 90 107 22
11,"blk.11.ffn_up_exps.weight",1,8,232,125 92 205 188 154 90 107 22
11,"blk.11.ffn_down_exps.weight",1,8,232,125 92 205 188 154 90 107 22
12,"blk.12.ffn_gate_exps.weight",1,8,232,176 151 222 69 100 76 17 18
12,"blk.12.ffn_up_exps.weight",1,8,232,176 151 222 69 100 76 17 18
12,"blk.12.ffn_down_exps.weight",1,8,232,176 151 222 69 100 76 17 18
13,"blk.13.ffn_gate_exps.weight",1,8,232,65 203 228 178 68 18 81 131
13,"blk.13.ffn_up_exps.weight",1,8,232,65 203 228 178 68 18 81 131
13,"blk.13.ffn_down_exps.weight",1,8,232,65 203 228 178 68 18 81 131
14,"blk.14.ffn_gate_exps.weight",1,8,232,82 223 53 47 17 75 220 26
14,"blk.14.ffn_up_exps.weight",1,8,232,82 223 53 47 17 75 220 26
14,"blk.14.ffn_down_exps.weight",1,8,232,82 223 53 47 17 75 220 26
15,"blk.15.ffn_gate_exps.weight",1,8,232,227 213 101 8 136 208 73 94
15,"blk.15.ffn_up_exps.weight",1,8,232,227 213 101 8 136 208 73 94
15,"blk.15.ffn_down_exps.weight",1,8,232,227 213 101 8 136 208 73 94
16,"blk.16.ffn_gate_exps.weight",1,8,232,10 105 204 38 196 21 49 142
16,"blk.16.ffn_up_exps.weight",1,8,232,10 105 204 38 196 21 49 142
16,"blk.16.ffn_down_exps.weight",1,8,232,10 105 204 38 196 21 49 142
17,"blk.17.ffn_gate_exps.weight",1,8,232,65 59 231 201 166 17 207 162
17,"blk.17.ffn_up_exps.weight",1,8,232,65 59 231 201 166 17 207 162
17,"blk.17.ffn_down_exps.weight",1,8,232,65 59 231 201 166 17 207 162
18,"blk.18.ffn_gate_exps.weight",1,8,232,138 169 147 140 127 121 128 161
18,"blk.18.ffn_up_exps.weight",1,8,232,138 169 147 140 127 121 128 161
18,"blk.18.ffn_down_exps.weight",1,8,232,138 169 147 140 127 121 128 161
19,"blk.19.ffn_gate_exps.weight",1,8,232,100 25 189 93 122 222 156 172
19,"blk.19.ffn_up_exps.weight",1,8,232,100 25 189 93 122 222 156 172
19,"blk.19.ffn_down_exps.weight",1,8,232,100 25 189 93 122 222 156 172
20,"blk.20.ffn_gate_exps.weight",1,8,232,121 146 179 160 156 193 195 47
20,"blk.20.ffn_up_exps.weight",1,8,232,121 146 179 160 156 193 195 47
20,"blk.20.ffn_down_exps.weight",1,8,232,121 146 179 160 156 193 195 47
21,"blk.21.ffn_gate_exps.weight",1,8,232,44 88 89 170 8 207 154 58
21,"blk.21.ffn_up_exps.weight",1,8,232,44 88 89 170 8 207 154 58
21,"blk.21.ffn_down_exps.weight",1,8,232,44 88 89 170 8 207 154 58
22,"blk.22.ffn_gate_exps.weight",1,8,232,115 171 213 193 210 31 217 54
22,"blk.22.ffn_up_exps.weight",1,8,232,115 171 213 193 210 31 217 54
22,"blk.22.ffn_down_exps.weight",1,8,232,115 171 213 193 210 31 217 54
23,"blk.23.ffn_gate_exps.weight",1,8,232,191 165 86 156 222 139 96 205
23,"blk.23.ffn_up_exps.weight",1,8,232,191 165 86 156 222 139 96 205
23,"blk.23.ffn_down_exps.weight",1,8,232,191 165 86 156 222 139 96 205
24,"blk.24.ffn_gate_exps.weight",1,8,232,170 31 221 185 21 161 154 180
24,"blk.24.ffn_up_exps.weight",1,8,232,170 31 221 185 21 161 154 180
24,"blk.24.ffn_down_exps.weight",1,8,232,170 31 221 185 21 161 154 180
25,"blk.25.ffn_gate_exps.weight",1,8,232,150 61 164 74 43 91 37 123
25,"blk.25.ffn_up_exps.weight",1,8,232,150 61 164 74 43 91 37 123
25,"blk.25.ffn_down_exps.weight",1,8,232,150 61 164 74 43 91 37 123
26,"blk.26.ffn_gate_exps.weight",1,8,232,105 208 60 224 110 135 137 99
26,"blk.26.ffn_up_exps.weight",1,8,232,105 208 60 224 110 135 137 99
26,"blk.26.ffn_down_exps.weight",1,8,232,105 208 60 224 110 135 137 99
27,"blk.27.ffn_gate_exps.weight",1,8,232,87 146 65 100 197 130 185 176
27,"blk.27.ffn_up_exps.weight",1,8,232,87 146 65 100 197 130 185 176
27,"blk.27.ffn_down_exps.weight",1,8,232,87 146 65 100 197 130 185 176
0,"blk.0.ffn_gate_exps.weight",1,8,232,20 71 198 60 118 126 228 63
0,"blk.0.ffn_up_exps.weight",1,8,232,20 71 198 60 118 126 228 63
0,"blk.0.ffn_down_exps.weight",1,8,232,20 71 198 60 118 126 228 63
1,"blk.1.ffn_gate_exps.weight",1,8,232,112 13 55 27 180 205 175 79
1,"blk.1.ffn_up_exps.weight",1,8,232,112 13 55 27 180 205 175 79
1,"blk.1.ffn_down_exps.weight",1,8,232,112 13 55 27 180 205 175 79
2,"blk.2.ffn_gate_exps.weight",1,8,232,174 64 188 23 135 151 129 146
2,"blk.2.ffn_up_exps.weight",1,8,232,174 64 188 23 135 151 129 146
2,"blk.2.ffn_down_exps.weight",1,8,232,174 64 188 23 135 151 129 146
3,"blk.3.ffn_gate_exps.weight",1,8,232,62 223 45 6 116 17 171 11
3,"blk.3.ffn_up_exps.weight",1,8,232,62 223 45 6 116 17 171 11
3,"blk.3.ffn_down_exps.weight",1,8,232,62 223 45 6 116 17 171 11
4,"blk.4.ffn_gate_exps.weight",1,8,232,151 61 121 10 217 63 44 60
4,"blk.4.ffn_up_exps.weight",1,8,232,151 61 121 10 217 63 44 60
4,"blk.4.ffn_down_exps.weight",1,8,232,151 61 121 10 217 63 44 60
5,"blk.5.ffn_gate_exps.weight",1,8,232,151 5 181 83 3 139 4 9
5,"blk.5.ffn_up_exps.weight",1,8,232,151 5 181 83 3 139 4 9
5,"blk.5.ffn_down_exps.weight",1,8,232,151 5 181 83 3 139 4 9
6,"blk.6.ffn_gate_exps.weight",1,8,232,33 3 180 165 155 18 223 151
6,"blk.6.ffn_up_exps.weight",1,8,232,33 3 180 165 155 18 223 151
6,"blk.6.ffn_down_exps.weight",1,8,232,33 3 180 165 155 18 223 151
7,"blk.7.ffn_gate_exps.weight",1,8,232,140 93 14 152 166 79 215 107
7,"blk.7.ffn_up_exps.weight",1,8,232,140 93 14 152 166 79 215 107
7,"blk.7.ffn_down_exps.weight",1,8,232,140 93 14 152 166 79 215 107
8,"blk.8.ffn_gate_exps.weight",1,8,232,208 222 169 160 54 90 199 182
8,"blk.8.ffn_up_exps.weight",1,8,232,208 222 169 160 54 90 199 182
8,"blk.8.ffn_down_exps.weight",1,8,232,208 222 169 160 54 90 199 182
9,"blk.9.ffn_gate_exps.weight",1,8,232,68 231 167 149 139 50 106 136
9,"blk.9.ffn_up_exps.weight",1,8,232,68 231 167 149 139 50 106 136
9,"blk.9.ffn_down_exps.weight",1,8,232,68 231 167 149 139 50 106 136
10,"blk.10.ffn_gate_exps.weight",1,8,232,13 165 168 90 26 27 206 94
10,"blk.10.ffn_up_exps.weight",1,8,232,13 165 168 90 26 27 206 94
10,"blk.10.ffn_down_exps.weight",1,8,232,13 165 168 90 26 27 206 94
11,"blk.11.ffn_gate_exps.weight",1,8,232,159 229 188 125 208 231 43 46
11,"blk.11.ffn_up_exps.weight",1,8,232,159 229 188 125 208 231 43 46
11,"blk.11.ffn_down_exps.weight",1,8,232,159 229 188 125 208 231 43 46
12,"blk.12.ffn_gate_exps.weight",1,8,232,101 100 69 17 220 151 24 19
12,"blk.12.ffn_up_exps.weight",1,8,232,101 100 69 17 220 151 24 19
12,"blk.12.ffn_down_exps.weight",1,8,232,101 100 69 17 220 151 24 19
13,"blk.13.ffn_gate_exps.weight",1,8,232,178 8 203 68 65 228 9 56
13,"blk.13.ffn_up_exps.weight",1,8,232,178 8 203 68 65 228 9 56
13,"blk.13.ffn_down_exps.weight",1,8,232,178 8 203 68 65 228 9 56
14,"blk.14.ffn_gate_exps.weight",1,8,232,223 47 107 3 76 178 82 147
14,"blk.14.ffn_up_exps.weight",1,8,232,223 47 107 3 76 178 82 147
14,"blk.14.ffn_down_exps.weight",1,8,232,223 47 107 3 76 178 82 147
15,"blk.15.ffn_gate_exps.weight",1,8,232,86 213 220 130 72 59 73 132
15,"blk.15.ffn_up_exps.weight",1,8,232,86 213 220 130 72 59 73 132
15,"blk.15.ffn_down_exps.weight",1,8,232,86 213 220 130 72 59 73 132
16,"blk.16.ffn_gate_exps.weight",1,8,232,142 113 77 52 192 196 9 208
16,"blk.16.ffn_up_exps.weight",1,8,232,142 113 77 52 192 196 9 208
16,"blk.16.ffn_down_exps.weight",1,8,232,142 113 77 52 192 196 9 208
17,"blk.17.ffn_gate_exps.weight",1,8,232,84 214 42 73 123 72 131 219
17,"blk.17.ffn_up_exps.weight",1,8,232,84 214 42 73 123 72 131 219
17,"blk.17.ffn_down_exps.weight",1,8,232,84 214 42 73 123 72 131 219
18,"blk.18.ffn_gate_exps.weight",1,8,232,197 140 58 8 101 214 136 228
18,"blk.18.ffn_up_exps.weight",1,8,232,197 140 58 8 101 214 136 228
18,"blk.18.ffn_down_exps.weight",1,8,232,197 140 58 8 101 214 136 228
19,"blk.19.ffn_gate_exps.weight",1,8,232,63 83 156 100 108 99 36 109
19,"blk.19.ffn_up_exps.weight",1,8,232,63 83 156 100 108 99 36 109
19,"blk.19.ffn_down_exps.weight",1,8,232,63 83 156 100 108 99 36 109
20,"blk.20.ffn_gate_exps.weight",1,8,232,156 59 90 93 72 23 92 180
20,"blk.20.ffn_up_exps.weight",1,8,232,156 59 90 93 72 23 92 180
20,"blk.20.ffn_down_exps.weight",1,8,232,156 59 90 93 72 23 92 180
21,"blk.21.ffn_gate_exps.weight",1,8,232,57 154 144 61 207 67 108 58
21,"blk.21.ffn_up_exps.weight",1,8,232,57 154 144 61 207 67 108 58
21,"blk.21.ffn_down_exps.weight",1,8,232,57 154 144 61 207 67 108 58
22,"blk.22.ffn_gate_exps.weight",1,8,232,15 90 63 54 2 57 1 76
22,"blk.22.ffn_up_exps.weight",1,8,232,15 90 63 54 2 57 1 76
22,"blk.22.ffn_down_exps.weight",1,8,232,15 90 63 54 2 57 1 76
23,"blk.23.ffn_gate_exps.weight",1,8,232,118 179 69 222 119 97 171 215
23,"blk.23.ffn_up_exps.weight",1,8,232,118 179 69 222 119 97 171 215
23,"blk.23.ffn_down_exps.weight",1,8,232,118 179 69 222 119 97 171 215
24,"blk.24.ffn_gate_exps.weight",1,8,232,103 52 16 74 62 144 163 122
24,"blk.24.ffn_up_exps.weight",1,8,232,103 52 16 74 62 144 163 122
24,"blk.24.ffn_down_exps.weight",1,8,232,103 52 16 74 62 144 163 122
25,"blk.25.ffn_gate_exps.weight",1,8,232,77 91 203 94 82 105 158 74
25,"blk.25.ffn_up_exps.weight",1,8,232,77 91 203 94 82 105 158 74
25,"blk.25.ffn_down_exps.weight",1,8,232,77 91 203 94 82 105 158 74
26,"blk.26.ffn_gate_exps.weight",1,8,232,208 44 167 60 152 189 79 155
26,"blk.26.ffn_up_exps.weight",1,8,232,208 44 167 60 152 189 79 155
26,"blk.26.ffn_down_exps.weight",1,8,232,208 44 167 60 152 189 79 155
27,"blk.27.ffn_gate_exps.weight",1,8,232,65 171 153 51 146 216 190 211
27,"blk.27.ffn_up_exps.weight",1,8,232,65 171 153 51 146 216 190 211
27,"blk.27.ffn_down_exps.weight",1,8,232,65 171 153 51 146 216 190 211
0,"blk.0.ffn_gate_exps.weight",1,8,232,62 223 96 164 229 18 71 70
0,"blk.0.ffn_up_exps.weight",1,8,232,62 223 96 164 229 18 71 70
0,"blk.0.ffn_down_exps.weight",1,8,232,62 223 96 164 229 18 71 70
1,"blk.1.ffn_gate_exps.weight",1,8,232,14 122 20 177 64 67 136 57
1,"blk.1.ffn_up_exps.weight",1,8,232,14 122 20 177 64 67 136 57
1,"blk.1.ffn_down_exps.weight",1,8,232,14 122 20 177 64 67 136 57
2,"blk.2.ffn_gate_exps.weight",1,8,232,31 50 112 104 113 158 109 171
2,"blk.2.ffn_up_exps.weight",1,8,232,31 50 112 104 113 158 109 171
2,"blk.2.ffn_down_exps.weight",1,8,232,31 50 112 104 113 158 109 171
3,"blk.3.ffn_gate_exps.weight",1,8,232,54 37 176 165 154 49 41 166
3,"blk.3.ffn_up_exps.weight",1,8,232,54 37 176 165 154 49 41 166
3,"blk.3.ffn_down_exps.weight",1,8,232,54 37 176 165 154 49 41 166
4,"blk.4.ffn_gate_exps.weight",1,8,232,115 192 5 54 130 20 33 24
4,"blk.4.ffn_up_exps.weight",1,8,232,115 192 5 54 130 20 33 24
4,"blk.4.ffn_down_exps.weight",1,8,232,115 192 5 54 130 20 33 24
5,"blk.5.ffn_gate_exps.weight",1,8,232,172 101 14 35 0 84 86 93
5,"blk.5.ffn_up_exps.weight",1,8,232,172 101 14 35 0 84 86 93
5,"blk.5.ffn_down_exps.weight",1,8,232,172 101 14 35 0 84 86 93
6,"blk.6.ffn_gate_exps.weight",1,8,232,91 176 95 2 203 210 223 174
6,"blk.6.ffn_up_exps.weight",1,8,232,91 176 95 2 203 210 223 174
6,"blk.6.ffn_down_exps.weight",1,8,232,91 176 95 2 203 210 223 174
7,"blk.7.ffn_gate_exps.weight",1,8,232,140 31 6 106 125 91 185 216
7,"blk.7.ffn_up_exps.weight",1,8,232,140 31 6 106 125 91 185 216
7,"blk.7.ffn_down_exps.weight",1,8,232,140 31 6 106 125 91 185 216
8,"blk.8.ffn_gate_exps.weight",1,8,232,7 76 22 219 111 218 192 175
8,"blk.8.ffn_up_exps.weight",1,8,232,7 76 22 219 111 218 192 175
8,"blk.8.ffn_down_exps.weight",1,8,232,7 76 22 219 111 218 192 175
9,"blk.9.ffn_gate_exps.weight",1,8,232,68 55 32 147 139 97 169 81
9,"blk.9.ffn_up_exps.weight",1,8,232,68 55 32 147 139 97 169 81
9,"blk.9.ffn_down_exps.weight",1,8,232,68 55 32 147 139 97 169 81
10,"blk.10.ffn_gate_exps.weight",1,8,232,77 28 227 55 105 60 122 222
10,"blk.10.ffn_up_exps.weight",1,8,232,77 28 227 55 105 60 122 222
10,"blk.10.ffn_down_exps.weight",1,8,232,77 28 227 55 105 60 122 222
11,"blk.11.ffn_gate_exps.weight",1,8,232,125 159 161 107 54 43 90 21
11,"blk.11.ffn_up_exps.weight",1,8,232,125 159 161 107 54 43 90 21
11,"blk.11.ffn_down_exps.weight",1,8,232,125 159 161 107 54 43 90 21
12,"blk.12.ffn_gate_exps.weight",1,8,232,222 129 11 151 107 68 75 65
12,"blk.12.ffn_up_exps.weight",1,8,232,222 129 11 151 107 68 75 65
12,"blk.12.ffn_down_exps.weight",1,8,232,222 129 11 151 107 68 75 65
13,"blk.13.ffn_gate_exps.weight",1,8,232,65 228 105 77 81 18 60 178
13,"blk.13.ffn_up_exps.weight",1,8,232,65 228 105 77 81 18 60 178
13,"blk.13.ffn_down_exps.weight",1,8,232,65 228 105 77 81 18 60 178
14,"blk.14.ffn_gate_exps.weight",1,8,232,82 223 220 39 192 196 206 200
14,"blk.14.ffn_up_exps.weight",1,8,232,82 223 220 39 192 196 206 200
14,"blk.14.ffn_down_exps.weight",1,8,232,82 223 220 39 192 196 206 200
15,"blk.15.ffn_gate_exps.weight",1,8,232,158 44 105 192 147 135 35 139
15,"blk.15.ffn_up_exps.weight",1,8,232,158 44 105 192 147 135 35 139
15,"blk.15.ffn_down_exps.weight",1,8,232,158 44 105 192 147 135 35 139
16,"blk.16.ffn_gate_exps.weight",1,8,232,4 23 126 80 196 21 51 49
16,"blk.16.ffn_up_exps.weight",1,8,232,4 23 126 80 196 21 51 49
16,"blk.16.ffn_down_exps.weight",1,8,232,4 23 126 80 196 21 51 49
17,"blk.17.ffn_gate_exps.weight",1,8,232,223 172 27 37 166 159 197 207
17,"blk.17.ffn_up_exps.weight",1,8,232,223 172 27 37 166 159 197 207
17,"blk.17.ffn_down_exps.weight",1,8,232,223 172 27 37 166 159 197 207
18,"blk.18.ffn_gate_exps.weight",1,8,232,29 121 25 223 145 123 48 211
18,"blk.18.ffn_up_exps.weight",1,8,232,29 121 25 223 145 123 48 211
18,"blk.18.ffn_down_exps.weight",1,8,232,29 121 25 223 145 123 48 211
19,"blk.19.ffn_gate_exps.weight",1,8,232,115 53 188 206 173 75 134 226
19,"blk.19.ffn_up_exps.weight",1,8,232,115 53 188 206 173 75 134 226
19,"blk.19.ffn_down_exps.weight",1,8,232,115 53 188 206 173 75 134 226
20,"blk.20.ffn_gate_exps.weight",1,8,232,163 24 144 23 49 52 182 189
20,"blk.20.ffn_up_exps.weight",1,8,232,163 24 144 23 49 52 182 189
20,"blk.20.ffn_down_exps.weight",1,8,232,163 24 144 23 49 52 182 189
21,"blk.21.ffn_gate_exps.weight",1,8,232,205 32 110 24 43 140 169 207
21,"blk.21.ffn_up_exps.weight",1,8,232,205 32 110 24 43 140 169 207
21,"blk.21.ffn_down_exps.weight",1,8,232,205 32 110 24 43 140 169 207
22,"blk.22.ffn_gate_exps.weight",1,8,232,63 41 194 122 225 144 23 205
22,"blk.22.ffn_up_exps.weight",1,8,232,63 41 194 122 225 144 23 205
22,"blk.22.ffn_down_exps.weight",1,8,232,63 41 194 122 225 144 23 205
23,"blk.23.ffn_gate_exps.weight",1,8,232,156 30 157 118 9 207 56 40
23,"blk.23.ffn_up_exps.weight",1,8,232,156 30 157 118 9 207 56 40
23,"blk.23.ffn_down_exps.weight",1,8,232,156 30 157 118 9 207 56 40
24,"blk.24.ffn_gate_exps.weight",1,8,232,137 133 204 39 1 72 146 34
24,"blk.24.ffn_up_exps.weight",1,8,232,137 133 204 39 1 72 146 34
24,"blk.24.ffn_down_exps.weight",1,8,232,137 133 204 39 1 72 146 34
25,"blk.25.ffn_gate_exps.weight",1,8,232,189 129 225 68 103 77 21 105
25,"blk.25.ffn_up_exps.weight",1,8,232,189 129 225 68 103 77 21 105
25,"blk.25.ffn_down_exps.weight",1,8,232,189 129 225 68 103 77 21 105
26,"blk.26.ffn_gate_exps.weight",1,8,232,35 136 188 29 53 36 129 206
26,"blk.26.ffn_up_exps.weight",1,8,232,35 136 188 29 53 36 129 206
26,"blk.26.ffn_down_exps.weight",1,8,232,35 136 188 29 53 36 129 206
27,"blk.27.ffn_gate_exps.weight",1,8,232,177 35 184 80 207 120 21 178
27,"blk.27.ffn_up_exps.weight",1,8,232,177 35 184 80 207 120 21 178
27,"blk.27.ffn_down_exps.weight",1,8,232,177 35 184 80 207 120 21 178
0,"blk.0.ffn_gate_exps.weight",1,8,232,215 106 85 38 73 214 203 204
0,"blk.0.ffn_up_exps.weight",1,8,232,215 106 85 38 73 214 203 204
0,"blk.0.ffn_down_exps.weight",1,8,232,215 106 85 38 73 214 203 204
1,"blk.1.ffn_gate_exps.weight",1,8,232,191 194 25 190 229 180 93 96
1,"blk.1.ffn_up_exps.weight",1,8,232,191 194 25 190 229 180 93 96
1,"blk.1.ffn_down_exps.weight",1,8,232,191 194 25 190 229 180 93 96
2,"blk.2.ffn_gate_exps.weight",1,8,232,224 105 79 4 50 114 179 29
2,"blk.2.ffn_up_exps.weight",1,8,232,224 105 79 4 50 114 179 29
2,"blk.2.ffn_down_exps.weight",1,8,232,224 105 79 4 50 114 179 29
3,"blk.3.ffn_gate_exps.weight",1,8,232,59 92 72 77 67 137 172 228
3,"blk.3.ffn_up_exps.weight",1,8,232,59 92 72 77 67 137 172 228
3,"blk.3.ffn_down_exps.weight",1,8,232,59 92 72 77 67 137 172 228
4,"blk.4.ffn_gate_exps.weight",1,8,232,149 110 58 65 55 18 162 19
4,"blk.4.ffn_up_exps.weight",1,8,232,149 110 58 65 55 18 162 19
4,"blk.4.ffn_down_exps.weight",1,8,232,149 110 58 65 55 18 162 19
5,"blk.5.ffn_gate_exps.weight",1,8,232,59 185 229 138 227 153 217 43
5,"blk.5.ffn_up_exps.weight",1,8,232,59 185 229 138 227 153 217 43
5,"blk.5.ffn_down_exps.weight",1,8,232,59 185 229 138 227 153 217 43
6,"blk.6.ffn_gate_exps.weight",1,8,232,95 90 23 79 187 215 195 21
6,"blk.6.ffn_up_exps.weight",1,8,232,95 90 23 79 187 215 195 21
6,"blk.6.ffn_down_exps.weight",1,8,232,95 90 23 79 187 215 195 21
7,"blk.7.ffn_gate_exps.weight",1,8,232,227 162 140 160 68 143 3 110
7,"blk.7.ffn_up_exps.weight",1,8,232,227 162 140 160 68 143 3 110
7,"blk.7.ffn_down_exps.weight",1,8,232,227 162 140 160 68 143 3 110
8,"blk.8.ffn_gate_exps.weight",1,8,232,217 154 210 75 53 218 70 72
8,"blk.8.ffn_up_exps.weight",1,8,232,217 154 210 75 53 218 70 72
8,"blk.8.ffn_down_exps.weight",1,8,232,217 154 210 75 53 218 70 72
9,"blk.9.ffn_gate_exps.weight",1,8,232,71 178 201 21 67 57 112 63
9,"blk.9.ffn_up_exps.weight",1,8,232,71 178 201 21 67 57 112 63
9,"blk.9.ffn_down_exps.weight",1,8,232,71 178 201 21 67 57 112 63
10,"blk.10.ffn_gate_exps.weight",1,8,232,111 186 68 55 143 75 93 101
10,"blk.10.ffn_up_exps.weight",1,8,232,111 186 68 55 143 75 93 101
10,"blk.10.ffn_down_exps.weight",1,8,232,111 186 68 55 143 75 93 101
11,"blk.11.ffn_gate_exps.weight",1,8,232,54 210 191 86 144 225 149 163
11,"blk.11.ffn_up_exps.weight",1,8,232,54 210 191 86 144 225 149 163
11,"blk.11.ffn_down_exps.weight",1,8,232,54 210 191 86 144 225 149 163
12,"blk.12.ffn_gate_exps.weight",1,8,232,194 129 51 104 34 70 48 106
12,"blk.12.ffn_up_exps.weight",1,8,232,194 129 51 104 34 70 48 106
12,"blk.12.ffn_down_exps.weight",1,8,232,194 129 51 104 34 70 48 106
13,"blk.13.ffn_gate_exps.weight",1,8,232,65 77 228 104 50 88 219 160
13,"blk.13.ffn_up_exps.weight",1,8,232,65 77 228 104 50 88 219 160
13,"blk.13.ffn_down_exps.weight",1,8,232,65 77 228 104 50 88 219 160
14,"blk.14.ffn_gate_exps.weight",1,8,232,82 225 212 206 65 18 39 75
14,"blk.14.ffn_up_exps.weight",1,8,232,82 225 212 206 65 18 39 75
14,"blk.14.ffn_down_exps.weight",1,8,232,82 225 212 206 65 18 39 75
15,"blk.15.ffn_gate_exps.weight",1,8,232,188 135 44 230 25 79 55 220
15,"blk.15.ffn_up_exps.weight",1,8,232,188 135 44 230 25 79 55 220
15,"blk.15.ffn_down_exps.weight",1,8,232,188 135 44 230 25 79 55 220
16,"blk.16.ffn_gate_exps.weight",1,8,232,151 171 139 178 92 50 55 208
16,"blk.16.ffn_up_exps.weight",1,8,232,151 171 139 178 92 50 55 208
16,"blk.16.ffn_down_exps.weight",1,8,232,151 171 139 178 92 50 55 208
17,"blk.17.ffn_gate_exps.weight",1,8,232,65 86 186 202 166 79 195 196
17,"blk.17.ffn_up_exps.weight",1,8,232,65 86 186 202 166 79 195 196
17,"blk.17.ffn_down_exps.weight",1,8,232,65 86 186 202 166 79 195 196
18,"blk.18.ffn_gate_exps.weight",1,8,232,203 98 9 126 127 196 184 188
18,"blk.18.ffn_up_exps.weight",1,8,232,203 98 9 126 127 196 184 188
18,"blk.18.ffn_down_exps.weight",1,8,232,203 98 9 126 127 196 184 188
19,"blk.19.ffn_gate_exps.weight",1,8,232,25 66 54 203 128 35 207 80
19,"blk.19.ffn_up_exps.weight",1,8,232,25 66 54 203 128 35 207 80
19,"blk.19.ffn_down_exps.weight",1,8,232,25 66 54 203 128 35 207 80
20,"blk.20.ffn_gate_exps.weight",1,8,232,148 6 173 187 73 231 127 192
20,"blk.20.ffn_up_exps.weight",1,8,232,148 6 173 187 73 231 127 192
20,"blk.20.ffn_down_exps.weight",1,8,232,148 6 173 187 73 231 127 192
21,"blk.21.ffn_gate_exps.weight",1,8,232,230 217 53 215 172 32 43 110
21,"blk.21.ffn_up_exps.weight",1,8,232,230 217 53 215 172 32 43 110
21,"blk.21.ffn_down_exps.weight",1,8,232,230 217 53 215 172 32 43 110
22,"blk.22.ffn_gate_exps.weight",1,8,232,7 55 166 78 205 92 27 162
22,"blk.22.ffn_up_exps.weight",1,8,232,7 55 166 78 205 92 27 162
22,"blk.22.ffn_down_exps.weight",1,8,232,7 55 166 78 205 92 27 162
23,"blk.23.ffn_gate_exps.weight",1,8,232,27 3 56 129 100 74 157 205
23,"blk.23.ffn_up_exps.weight",1,8,232,27 3 56 129 100 74 157 205
23,"blk.23.ffn_down_exps.weight",1,8,232,27 3 56 129 100 74 157 205
24,"blk.24.ffn_gate_exps.weight",1,8,232,114 81 94 43 195 15 34 0
24,"blk.24.ffn_up_exps.weight",1,8,232,114 81 94 43 195 15 34 0
24,"blk.24.ffn_down_exps.weight",1,8,232,114 81 94 43 195 15 34 0
25,"blk.25.ffn_gate_exps.weight",1,8,232,18 17 129 224 124 121 21 146
25,"blk.25.ffn_up_exps.weight",1,8,232,18 17 129 224 124 121 21 146
25,"blk.25.ffn_down_exps.weight",1,8,232,18 17 129 224 124 121 21 146
26,"blk.26.ffn_gate_exps.weight",1,8,232,195 117 220 109 29 45 136 222
26,"blk.26.ffn_up_exps.weight",1,8,232,195 117 220 109 29 45 136 222
26,"blk.26.ffn_down_exps.weight",1,8,232,195 117 220 109 29 45 136 222
27,"blk.27.ffn_gate_exps.weight",1,8,232,199 35 36 172 12 86 147 187
27,"blk.27.ffn_up_exps.weight",1,8,232,199 35 36 172 12 86 147 187
27,"blk.27.ffn_down_exps.weight",1,8,232,199 35 36 172 12 86 147 187
0,"blk.0.ffn_gate_exps.weight",1,8,232,195 69 110 177 71 226 19 140
0,"blk.0.ffn_up_exps.weight",1,8,232,195 69 110 177 71 226 19 140
0,"blk.0.ffn_down_exps.weight",1,8,232,195 69 110 177 71 226 19 140
1,"blk.1.ffn_gate_exps.weight",1,8,232,214 169 199 23 113 69 209 2
1,"blk.1.ffn_up_exps.weight",1,8,232,214 169 199 23 113 69 209 2
1,"blk.1.ffn_down_exps.weight",1,8,232,214 169 199 23 113 69 209 2
2,"blk.2.ffn_gate_exps.weight",1,8,232,86 100 48 205 228 129 114 162
2,"blk.2.ffn_up_exps.weight",1,8,232,86 100 48 205 228 129 114 162
2,"blk.2.ffn_down_exps.weight",1,8,232,86 100 48 205 228 129 114 162
3,"blk.3.ffn_gate_exps.weight",1,8,232,75 194 192 133 215 131 41 222
3,"blk.3.ffn_up_exps.weight",1,8,232,75 194 192 133 215 131 41 222
3,"blk.3.ffn_down_exps.weight",1,8,232,75 194 192 133 215 131 41 222
4,"blk.4.ffn_gate_exps.weight",1,8,232,56 110 17 133 100 183 191 70
4,"blk.4.ffn_up_exps.weight",1,8,232,56 110 17 133 100 183 191 70
4,"blk.4.ffn_down_exps.weight",1,8,232,56 110 17 133 100 183 191 70
5,"blk.5.ffn_gate_exps.weight",1,8,232,109 97 201 204 191 86 98 156
5,"blk.5.ffn_up_exps.weight",1,8,232,109 97 201 204 191 86 98 156
5,"blk.5.ffn_down_exps.weight",1,8,232,109 97 201 204 191 86 98 156
6,"blk.6.ffn_gate_exps.weight",1,8,232,102 195 184 125 55 79 108 90
6,"blk.6.ffn_up_exps.weight",1,8,232,102 195 184 125 55 79 108 90
6,"blk.6.ffn_down_exps.weight",1,8,232,102 195 184 125 55 79 108 90
7,"blk.7.ffn_gate_exps.weight",1,8,232,79 227 162 173 140 68 230 185
7,"blk.7.ffn_up_exps.weight",1,8,232,79 227 162 173 140 68 230 185
7,"blk.7.ffn_down_exps.weight",1,8,232,79 227 162 173 140 68 230 185
8,"blk.8.ffn_gate_exps.weight",1,8,232,154 217 11 128 206 96 99 226
8,"blk.8.ffn_up_exps.weight",1,8,232,154 217 11 128 206 96 99 226
8,"blk.8.ffn_down_exps.weight",1,8,232,154 217 11 128 206 96 99 226
9,"blk.9.ffn_gate_exps.weight",1,8,232,135 81 112 162 63 215 121 139
9,"blk.9.ffn_up_exps.weight",1,8,232,135 81 112 162 63 215 121 139
9,"blk.9.ffn_down_exps.weight",1,8,232,135 81 112 162 63 215 121 139
10,"blk.10.ffn_gate_exps.weight",1,8,232,93 186 42 115 147 7 12 83
10,"blk.10.ffn_up_exps.weight",1,8,232,93 186 42 115 147 7 12 83
10,"blk.10.ffn_down_exps.weight",1,8,232,93 186 42 115 147 7 12 83
11,"blk.11.ffn_gate_exps.weight",1,8,232,191 149 54 134 210 144 117 212
11,"blk.11.ffn_up_exps.weight",1,8,232,191 149 54 134 210 144 117 212
11,"blk.11.ffn_down_exps.weight",1,8,232,191 149 54 134 210 144 117 212
12,"blk.12.ffn_gate_exps.weight",1,8,232,202 194 195 104 169 173 203 129
12,"blk.12.ffn_up_exps.weight",1,8,232,202 194 195 104 169 173 203 129
12,"blk.12.ffn_down_exps.weight",1,8,232,202 194 195 104 169 173 203 129
13,"blk.13.ffn_gate_exps.weight",1,8,232,65 77 149 219 204 150 12 59
13,"blk.13.ffn_up_exps.weight",1,8,232,65 77 149 219 204 150 12 59
13,"blk.13.ffn_down_exps.weight",1,8,232,65 77 149 219 204 150 12 59
14,"blk.14.ffn_gate_exps.weight",1,8,232,155 39 18 213 84 231 165 225
14,"blk.14.ffn_up_exps.weight",1,8,232,155 39 18 213 84 231 165 225
14,"blk.14.ffn_down_exps.weight",1,8,232,155 39 18 213 84 231 165 225
15,"blk.15.ffn_gate_exps.weight",1,8,232,220 18 230 161 69 16 25 38
15,"blk.15.ffn_up_exps.weight",1,8,232,220 18 230 161 69 16 25 38
15,"blk.15.ffn_down_exps.weight",1,8,232,220 18 230 161 69 16 25 38
16,"blk.16.ffn_gate_exps.weight",1,8,232,5 223 218 171 50 151 222 178
16,"blk.16.ffn_up_exps.weight",1,8,232,5 223 218 171 50 151 222 178
16,"blk.16.ffn_down_exps.weight",1,8,232,5 223 218 171 50 151 222 178
17,"blk.17.ffn_gate_exps.weight",1,8,232,190 52 33 44 79 88 65 23
17,"blk.17.ffn_up_exps.weight",1,8,232,190 52 33 44 79 88 65 23
17,"blk.17.ffn_down_exps.weight",1,8,232,190 52 33 44 79 88 65 23
18,"blk.18.ffn_gate_exps.weight",1,8,232,203 34 9 172 126 98 38 13
18,"blk.18.ffn_up_exps.weight",1,8,232,203 34 9 172 126 98 38 13
18,"blk.18.ffn_down_exps.weight",1,8,232,203 34 9 172 126 98 38 13
19,"blk.19.ffn_gate_exps.weight",1,8,232,207 107 21 191 42 212 59 95
19,"blk.19.ffn_up_exps.weight",1,8,232,207 107 21 191 42 212 59 95
19,"blk.19.ffn_down_exps.weight",1,8,232,207 107 21 191 42 212 59 95
20,"blk.20.ffn_gate_exps.weight",1,8,232,6 12 164 4 16 174 181 173
20,"blk.20.ffn_up_exps.weight",1,8,232,6 12 164 4 16 174 181 173
20,"blk.20.ffn_down_exps.weight",1,8,232,6 12 164 4 16 174 181 173
21,"blk.21.ffn_gate_exps.weight",1,8,232,132 4 122 42 68 161 32 23
21,"blk.21.ffn_up_exps.weight",1,8,232,132 4 122 42 68 161 32 23
21,"blk.21.ffn_down_exps.weight",1,8,232,132 4 122 42 68 161 32 23
22,"blk.22.ffn_gate_exps.weight",1,8,232,111 147 41 166 205 229 185 96
22,"blk.22.ffn_up_exps.weight",1,8,232,111 147 41 166 205 229 185 96
22,"blk.22.ffn_down_exps.weight",1,8,232,111 147 41 166 205 229 185 96
23,"blk.23.ffn_gate_exps.weight",1,8,232,23 229 40 58 27 3 189 105
23,"blk.23.ffn_up_exps.weight",1,8,232,23 229 40 58 27 3 189 105
23,"blk.23.ffn_down_exps.weight",1,8,232,23 229 40 58 27 3 189 105
24,"blk.24.ffn_gate_exps.weight",1,8,232,81 75 172 82 84 150 196 56
24,"blk.24.ffn_up_exps.weight",1,8,232,81 75 172 82 84 150 196 56
24,"blk.24.ffn_down_exps.weight",1,8,232,81 75 172 82 84 150 196 56
25,"blk.25.ffn_gate_exps.weight",1,8,232,56 21 17 130 103 176 117 201
25,"blk.25.ffn_up_exps.weight",1,8,232,56 21 17 130 103 176 117 201
25,"blk.25.ffn_down_exps.weight",1,8,232,56 21 17 130 103 176 117 201
26,"blk.26.ffn_gate_exps.weight",1,8,232,136 137 121 129 54 123 161 203
26,"blk.26.ffn_up_exps.weight",1,8,232,136 137 121 129 54 123 161 203
26,"blk.26.ffn_down_exps.weight",1,8,232,136 137 121 129 54 123 161 203
27,"blk.27.ffn_gate_exps.weight",1,8,232,35 184 122 177 199 80 108 24
27,"blk.27.ffn_up_exps.weight",1,8,232,35 184 122 177 199 80 108 24
27,"blk.27.ffn_down_exps.weight",1,8,232,35 184 122 177 199 80 108 24
0,"blk.0.ffn_gate_exps.weight",1,8,232,165 92 54 141 28 58 34 134
0,"blk.0.ffn_up_exps.weight",1,8,232,165 92 54 141 28 58 34 134
0,"blk.0.ffn_down_exps.weight",1,8,232,165 92 54 141 28 58 34 134
1,"blk.1.ffn_gate_exps.weight",1,8,232,70 93 108 72 143 161 160 0
1,"blk.1.ffn_up_exps.weight",1,8,232,70 93 108 72 143 161 160 0
1,"blk.1.ffn_down_exps.weight",1,8,232,70 93 108 72 143 161 160 0
2,"blk.2.ffn_gate_exps.weight",1,8,232,25 6 48 60 79 105 123 87
2,"blk.2.ffn_up_exps.weight",1,8,232,25 6 48 60 79 105 123 87
2,"blk.2.ffn_down_exps.weight",1,8,232,25 6 48 60 79 105 123 87
3,"blk.3.ffn_gate_exps.weight",1,8,232,100 93 192 194 77 123 138 41
3,"blk.3.ffn_up_exps.weight",1,8,232,100 93 192 194 77 123 138 41
3,"blk.3.ffn_down_exps.weight",1,8,232,100 93 192 194 77 123 138 41
4,"blk.4.ffn_gate_exps.weight",1,8,232,110 17 56 122 30 91 3 18
4,"blk.4.ffn_up_exps.weight",1,8,232,110 17 56 122 30 91 3 18
4,"blk.4.ffn_down_exps.weight",1,8,232,110 17 56 122 30 91 3 18
5,"blk.5.ffn_gate_exps.weight",1,8,232,97 204 45 129 32 147 98 15
5,"blk.5.ffn_up_exps.weight",1,8,232,97 204 45 129 32 147 98 15
5,"blk.5.ffn_down_exps.weight",1,8,232,97 204 45 129 32 147 98 15
6,"blk.6.ffn_gate_exps.weight",1,8,232,184 195 210 102 161 90 133 63
6,"blk.6.ffn_up_exps.weight",1,8,232,184 195 210 102 161 90 133 63
6,"blk.6.ffn_down_exps.weight",1,8,232,184 195 210 102 161 90 133 63
7,"blk.7.ffn_gate_exps.weight",1,8,232,230 110 192 112 12 141 195 128
7,"blk.7.ffn_up_exps.weight",1,8,232,230 110 192 112 12 141 195 128
7,"blk.7.ffn_down_exps.weight",1,8,232,230 110 192 112 12 141 195 128
8,"blk.8.ffn_gate_exps.weight",1,8,232,54 44 128 164 209 130 96 58
8,"blk.8.ffn_up_exps.weight",1,8,232,54 44 128 164 209 130 96 58
8,"blk.8.ffn_down_exps.weight",1,8,232,54 44 128 164 209 130 96 58
9,"blk.9.ffn_gate_exps.weight",1,8,232,112 135 176 60 129 162 14 161
9,"blk.9.ffn_up_exps.weight",1,8,232,112 135 176 60 129 162 14 161
9,"blk.9.ffn_down_exps.weight",1,8,232,112 135 176 60 129 162 14 161
10,"blk.10.ffn_gate_exps.weight",1,8,232,42 93 12 59 186 45 92 83
10,"blk.10.ffn_up_exps.weight",1,8,232,42 93 12 59 186 45 92 83
10,"blk.10.ffn_down_exps.weight",1,8,232,42 93 12 59 186 45 92 83
11,"blk.11.ffn_gate_exps.weight",1,8,232,191 117 165 35 62 65 192 83
11,"blk.11.ffn_up_exps.weight",1,8,232,191 117 165 35 62 65 192 83
11,"blk.11.ffn_down_exps.weight",1,8,232,191 117 165 35 62 65 192 83
12,"blk.12.ffn_gate_exps.weight",1,8,232,102 119 203 195 199 169 173 104
12,"blk.12.ffn_up_exps.weight",1,8,232,102 119 203 195 199 169 173 104
12,"blk.12.ffn_down_exps.weight",1,8,232,102 119 203 195 199 169 173 104
13,"blk.13.ffn_gate_exps.weight",1,8,232,47 63 14 77 149 61 146 199
13,"blk.13.ffn_up_exps.weight",1,8,232,47 63 14 77 149 61 146 199
13,"blk.13.ffn_down_exps.weight",1,8,232,47 63 14 77 149 61 146 199
14,"blk.14.ffn_gate_exps.weight",1,8,232,155 85 116 231 173 18 141 84
14,"blk.14.ffn_up_exps.weight",1,8,232,155 85 116 231 173 18 141 84
14,"blk.14.ffn_down_exps.weight",1,8,232,155 85 116 231 173 18 141 84
15,"blk.15.ffn_gate_exps.weight",1,8,232,116 161 18 38 142 69 230 25
15,"blk.15.ffn_up_exps.weight",1,8,232,116 161 18 38 142 69 230 25
15,"blk.15.ffn_down_exps.weight",1,8,232,116 161 18 38 142 69 230 25
16,"blk.16.ffn_gate_exps.weight",1,8,232,5 191 102 147 114 109 86 180
16,"blk.16.ffn_up_exps.weight",1,8,232,5 191 102 147 114 109 86 180
16,"blk.16.ffn_down_exps.weight",1,8,232,5 191 102 147 114 109 86 180
17,"blk.17.ffn_gate_exps.weight",1,8,232,23 117 72 79 133 202 14 52
17,"blk.17.ffn_up_exps.weight",1,8,232,23 117 72 79 133 202 14 52
17,"blk.17.ffn_down_exps.weight",1,8,232,23 117 72 79 133 202 14 52
18,"blk.18.ffn_gate_exps.weight",1,8,232,174 131 176 24 207 209 202 33
18,"blk.18.ffn_up_exps.weight",1,8,232,174 131 176 24 207 209 202 33
18,"blk.18.ffn_down_exps.weight",1,8,232,174 131 176 24 207 209 202 33
19,"blk.19.ffn_gate_exps.weight",1,8,232,39 197 48 43 37 92 46 60
19,"blk.19.ffn_up_exps.weight",1,8,232,39 197 48 43 37 92 46 60
19,"blk.19.ffn_down_exps.weight",1,8,232,39 197 48 43 37 92 46 60
20,"blk.20.ffn_gate_exps.weight",1,8,232,39 20 73 130 165 155 119 43
20,"blk.20.ffn_up_exps.weight",1,8,232,39 20 73 130 165 155 119 43
20,"blk.20.ffn_down_exps.weight",1,8,232,39 20 73 130 165 155 119 43
21,"blk.21.ffn_gate_exps.weight",1,8,232,42 198 205 168 30 11 89 88
21,"blk.21.ffn_up_exps.weight",1,8,232,42 198 205 168 30 11 89 88
21,"blk.21.ffn_down_exps.weight",1,8,232,42 198 205 168 30 11 89 88
22,"blk.22.ffn_gate_exps.weight",1,8,232,191 41 38 182 99 102 205 94
22,"blk.22.ffn_up_exps.weight",1,8,232,191 41 38 182 99 102 205 94
22,"blk.22.ffn_down_exps.weight",1,8,232,191 41 38 182 99 102 205 94
23,"blk.23.ffn_gate_exps.weight",1,8,232,102 0 231 58 3 84 71 220
23,"blk.23.ffn_up_exps.weight",1,8,232,102 0 231 58 3 84 71 220
23,"blk.23.ffn_down_exps.weight",1,8,232,102 0 231 58 3 84 71 220
24,"blk.24.ffn_gate_exps.weight",1,8,232,37 172 143 214 78 175 167 40
24,"blk.24.ffn_up_exps.weight",1,8,232,37 172 143 214 78 175 167 40
24,"blk.24.ffn_down_exps.weight",1,8,232,37 172 143 214 78 175 167 40
25,"blk.25.ffn_gate_exps.weight",1,8,232,31 102 112 171 110 151 180 231
25,"blk.25.ffn_up_exps.weight",1,8,232,31 102 112 171 110 151 180 231
25,"blk.25.ffn_down_exps.weight",1,8,232,31 102 112 171 110 151 180 231
26,"blk.26.ffn_gate_exps.weight",1,8,232,132 184 182 141 140 72 91 159
26,"blk.26.ffn_up_exps.weight",1,8,232,132 184 182 141 140 72 91 159
26,"blk.26.ffn_down_exps.weight",1,8,232,132 184 182 141 140 72 91 159
27,"blk.27.ffn_gate_exps.weight",1,8,232,106 29 158 177 202 75 161 205
27,"blk.27.ffn_up_exps.weight",1,8,232,106 29 158 177 202 75 161 205
27,"blk.27.ffn_down_exps.weight",1,8,232,106 29 158 177 202 75 161 205
0,"blk.0.ffn_gate_exps.weight",1,8,232,81 195 110 177 147 120 124 140
0,"blk.0.ffn_up_exps.weight",1,8,232,81 195 110 177 147 120 124 140
0,"blk.0.ffn_down_exps.weight",1,8,232,81 195 110 177 147 120 124 140
1,"blk.1.ffn_gate_exps.weight",1,8,232,70 199 214 23 72 69 161 162
1,"blk.1.ffn_up_exps.weight",1,8,232,70 199 214 23 72 69 161 162
1,"blk.1.ffn_down_exps.weight",1,8,232,70 199 214 23 72 69 161 162
2,"blk.2.ffn_gate_exps.weight",1,8,232,19 86 5 228 48 153 91 114
2,"blk.2.ffn_up_exps.weight",1,8,232,19 86 5 228 48 153 91 114
2,"blk.2.ffn_down_exps.weight",1,8,232,19 86 5 228 48 153 91 114
3,"blk.3.ffn_gate_exps.weight",1,8,232,133 192 194 85 100 41 208 108
3,"blk.3.ffn_up_exps.weight",1,8,232,133 192 194 85 100 41 208 108
3,"blk.3.ffn_down_exps.weight",1,8,232,133 192 194 85 100 41 208 108
4,"blk.4.ffn_gate_exps.weight",1,8,232,108 87 56 95 17 62 190 52
4,"blk.4.ffn_up_exps.weight",1,8,232,108 87 56 95 17 62 190 52
4,"blk.4.ffn_down_exps.weight",1,8,232,108 87 56 95 17 62 190 52
5,"blk.5.ffn_gate_exps.weight",1,8,232,204 97 98 58 139 202 0 206
5,"blk.5.ffn_up_exps.weight",1,8,232,204 97 98 58 139 202 0 206
5,"blk.5.ffn_down_exps.weight",1,8,232,204 97 98 58 139 202 0 206
6,"blk.6.ffn_gate_exps.weight",1,8,232,222 133 44 49 102 64 227 178
6,"blk.6.ffn_up_exps.weight",1,8,232,222 133 44 49 102 64 227 178
6,"blk.6.ffn_down_exps.weight",1,8,232,222 133 44 49 102 64 227 178
7,"blk.7.ffn_gate_exps.weight",1,8,232,142 121 138 162 134 140 79 65
7,"blk.7.ffn_up_exps.weight",1,8,232,142 121 138 162 134 140 79 65
7,"blk.7.ffn_down_exps.weight",1,8,232,142 121 138 162 134 140 79 65
8,"blk.8.ffn_gate_exps.weight",1,8,232,208 90 105 111 175 92 54 210
8,"blk.8.ffn_up_exps.weight",1,8,232,208 90 105 111 175 92 54 210
8,"blk.8.ffn_down_exps.weight",1,8,232,208 90 105 111 175 92 54 210
9,"blk.9.ffn_gate_exps.weight",1,8,232,149 97 146 22 68 187 136 61
9,"blk.9.ffn_up_exps.weight",1,8,232,149 97 146 22 68 187 136 61
9,"blk.9.ffn_down_exps.weight",1,8,232,149 97 146 22 68 187 136 61
10,"blk.10.ffn_gate_exps.weight",1,8,232,165 27 91 13 41 220 114 12
10,"blk.10.ffn_up_exps.weight",1,8,232,165 27 91 13 41 220 114 12
10,"blk.10.ffn_down_exps.weight",1,8,232,165 27 91 13 41 220 114 12
11,"blk.11.ffn_gate_exps.weight",1,8,232,231 69 164 125 229 159 74 146
11,"blk.11.ffn_up_exps.weight",1,8,232,231 69 164 125 229 159 74 146
11,"blk.11.ffn_down_exps.weight",1,8,232,231 69 164 125 229 159 74 146
12,"blk.12.ffn_gate_exps.weight",1,8,232,98 86 151 220 48 65 105 161
12,"blk.12.ffn_up_exps.weight",1,8,232,98 86 151 220 48 65 105 161
12,"blk.12.ffn_down_exps.weight",1,8,232,98 86 151 220 48 65 105 161
13,"blk.13.ffn_gate_exps.weight",1,8,232,228 178 132 197 58 67 30 104
13,"blk.13.ffn_up_exps.weight",1,8,232,228 178 132 197 58 67 30 104
13,"blk.13.ffn_down_exps.weight",1,8,232,228 178 132 197 58 67 30 104
14,"blk.14.ffn_gate_exps.weight",1,8,232,223 107 156 173 3 205 4 47
14,"blk.14.ffn_up_exps.weight",1,8,232,223 107 156 173 3 205 4 47
14,"blk.14.ffn_down_exps.weight",1,8,232,223 107 156 173 3 205 4 47
15,"blk.15.ffn_gate_exps.weight",1,8,232,86 130 220 72 94 184 199 200
15,"blk.15.ffn_up_exps.weight",1,8,232,86 130 220 72 94 184 199 200
15,"blk.15.ffn_down_exps.weight",1,8,232,86 130 220 72 94 184 199 200
16,"blk.16.ffn_gate_exps.weight",1,8,232,142 94 144 136 77 52 200 192
16,"blk.16.ffn_up_exps.weight",1,8,232,142 94 144 136 77 52 200 192
16,"blk.16.ffn_down_exps.weight",1,8,232,142 94 144 136 77 52 200 192
17,"blk.17.ffn_gate_exps.weight",1,8,232,24 123 73 84 170 41 138 61
17,"blk.17.ffn_up_exps.weight",1,8,232,24 123 73 84 170 41 138 61
17,"blk.17.ffn_down_exps.weight",1,8,232,24 123 73 84 170 41 138 61
18,"blk.18.ffn_gate_exps.weight",1,8,232,197 140 58 192 40 67 83 163
18,"blk.18.ffn_up_exps.weight",1,8,232,197 140 58 192 40 67 83 163
18,"blk.18.ffn_down_exps.weight",1,8,232,197 140 58 192 40 67 83 163
19,"blk.19.ffn_gate_exps.weight",1,8,232,199 28 108 156 109 83 219 182
19,"blk.19.ffn_up_exps.weight",1,8,232,199 28 108 156 109 83 219 182
19,"blk.19.ffn_down_exps.weight",1,8,232,199 28 108 156 109 83 219 182
20,"blk.20.ffn_gate_exps.weight",1,8,232,59 198 72 92 128 97 134 180
20,"blk.20.ffn_up_exps.weight",1,8,232,59 198 72 92 128 97 134 180
20,"blk.20.ffn_down_exps.weight",1,8,232,59 198 72 92 128 97 134 180
21,"blk.21.ffn_gate_exps.weight",1,8,232,6 31 65 144 57 154 58 7
21,"blk.21.ffn_up_exps.weight",1,8,232,6 31 65 144 57 154 58 7
21,"blk.21.ffn_down_exps.weight",1,8,232,6 31 65 144 57 154 58 7
22,"blk.22.ffn_gate_exps.weight",1,8,232,15 84 86 2 133 48 63 76
22,"blk.22.ffn_up_exps.weight",1,8,232,15 84 86 2 133 48 63 76
22,"blk.22.ffn_down_exps.weight",1,8,232,15 84 86 2 133 48 63 76
23,"blk.23.ffn_gate_exps.weight",1,8,232,119 193 171 21 118 200 69 17
23,"blk.23.ffn_up_exps.weight",1,8,232,119 193 171 21 118 200 69 17
23,"blk.23.ffn_down_exps.weight",1,8,232,119 193 171 21 118 200 69 17
24,"blk.24.ffn_gate_exps.weight",1,8,232,111 152 113 138 52 103 6 127
24,"blk.24.ffn_up_exps.weight",1,8,232,111 152 113 138 52 103 6 127
24,"blk.24.ffn_down_exps.weight",1,8,232,111 152 113 138 52 103 6 127
25,"blk.25.ffn_gate_exps.weight",1,8,232,77 75 203 63 76 22 51 230
25,"blk.25.ffn_up_exps.weight",1,8,232,77 75 203 63 76 22 51 230
25,"blk.25.ffn_down_exps.weight",1,8,232,77 75 203 63 76 22 51 230
26,"blk.26.ffn_gate_exps.weight",1,8,232,79 44 208 149 9 211 121 189
26,"blk.26.ffn_up_exps.weight",1,8,232,79 44 208 149 9 211 121 189
26,"blk.26.ffn_down_exps.weight",1,8,232,79 44 208 149 9 211 121 189
27,"blk.27.ffn_gate_exps.weight",1,8,232,60 51 65 146 57 153 70 186
27,"blk.27.ffn_up_exps.weight",1,8,232,60 51 65 146 57 153 70 186
27,"blk.27.ffn_down_exps.weight",1,8,232,60 51 65 146 57 153 70 186
0,"blk.0.ffn_gate_exps.weight",1,8,232,65 164 224 46 218 152 58 36
0,"blk.0.ffn_up_exps.weight",1,8,232,65 164 224 46 218 152 58 36
0,"blk.0.ffn_down_exps.weight",1,8,232,65 164 224 46 218 152 58 36
1,"blk.1.ffn_gate_exps.weight",1,8,232,127 105 95 187 170 200 58 31
1,"blk.1.ffn_up_exps.weight",1,8,232,127 105 95 187 170 200 58 31
1,"blk.1.ffn_down_exps.weight",1,8,232,127 105 95 187 170 200 58 31
2,"blk.2.ffn_gate_exps.weight",1,8,232,95 40 165 134 65 89 147 106
2,"blk.2.ffn_up_exps.weight",1,8,232,95 40 165 134 65 89 147 106
2,"blk.2.ffn_down_exps.weight",1,8,232,95 40 165 134 65 89 147 106
3,"blk.3.ffn_gate_exps.weight",1,8,232,63 82 146 65 184 148 41 110
3,"blk.3.ffn_up_exps.weight",1,8,232,63 82 146 65 184 148 41 110
3,"blk.3.ffn_down_exps.weight",1,8,232,63 82 146 65 184 148 41 110
4,"blk.4.ffn_gate_exps.weight",1,8,232,48 13 90 57 64 71 82 50
4,"blk.4.ffn_up_exps.weight",1,8,232,48 13 90 57 64 71 82 50
4,"blk.4.ffn_down_exps.weight",1,8,232,48 13 90 57 64 71 82 50
5,"blk.5.ffn_gate_exps.weight",1,8,232,119 126 193 95 115 124 162 36
5,"blk.5.ffn_up_exps.weight",1,8,232,119 126 193 95 115 124 162 36
5,"blk.5.ffn_down_exps.weight",1,8,232,119 126 193 95 115 124 162 36
6,"blk.6.ffn_gate_exps.weight",1,8,232,1 226 164 22 26 5 183 201
6,"blk.6.ffn_up_exps.weight",1,8,232,1 226 164 22 26 5 183 201
6,"blk.6.ffn_down_exps.weight",1,8,232,1 226 164 22 26 5 183 201
7,"blk.7.ffn_gate_exps.weight",1,8,232,140 91 216 175 19 42 120 79
7,"blk.7.ffn_up_exps.weight",1,8,232,140 91 216 175 19 42 120 79
7,"blk.7.ffn_down_exps.weight",1,8,232,140 91 216 175 19 42 120 79
8,"blk.8.ffn_gate_exps.weight",1,8,232,5 192 41 35 120 175 24 178
8,"blk.8.ffn_up_exps.weight",1,8,232,5 192 41 35 120 175 24 178
8,"blk.8.ffn_down_exps.weight",1,8,232,5 192 41 35 120 175 24 178
9,"blk.9.ffn_gate_exps.weight",1,8,232,53 68 219 64 108 19 97 117
9,"blk.9.ffn_up_exps.weight",1,8,232,53 68 219 64 108 19 97 117
9,"blk.9.ffn_down_exps.weight",1,8,232,53 68 219 64 108 19 97 117
10,"blk.10.ffn_gate_exps.weight",1,8,232,87 150 122 113 227 170 39 105
10,"blk.10.ffn_up_exps.weight",1,8,232,87 150 122 113 227 170 39 105
10,"blk.10.ffn_down_exps.weight",1,8,232,87 150 122 113 227 170 39 105
11,"blk.11.ffn_gate_exps.weight",1,8,232,125 174 161 30 29 196 102 69
11,"blk.11.ffn_up_exps.weight",1,8,232,125 174 161 30 29 196 102 69
11,"blk.11.ffn_down_exps.weight",1,8,232,125 174 161 30 29 196 102 69
12,"blk.12.ffn_gate_exps.weight",1,8,232,222 100 154 168 107 48 31 166
12,"blk.12.ffn_up_exps.weight",1,8,232,222 100 154 168 107 48 31 166
12,"blk.12.ffn_down_exps.weight",1,8,232,222 100 154 168 107 48 31 166
13,"blk.13.ffn_gate_exps.weight",1,8,232,228 178 226 105 185 88 218 65
13,"blk.13.ffn_up_exps.weight",1,8,232,228 178 226 105 185 88 218 65
13,"blk.13.ffn_down_exps.weight",1,8,232,228 178 226 105 185 88 218 65
14,"blk.14.ffn_gate_exps.weight",1,8,232,210 82 180 223 43 107 73 226
14,"blk.14.ffn_up_exps.weight",1,8,232,210 82 180 223 43 107 73 226
14,"blk.14.ffn_down_exps.weight",1,8,232,210 82 180 223 43 107 73 226
15,"blk.15.ffn_gate_exps.weight",1,8,232,187 181 105 128 92 24 30 26
15,"blk.15.ffn_up_exps.weight",1,8,232,187 181 105 128 92 24 30 26
15,"blk.15.ffn_down_exps.weight",1,8,232,187 181 105 128 92 24 30 26
16,"blk.16.ffn_gate_exps.weight",1,8,232,80 142 175 121 207 199 103 184
16,"blk.16.ffn_up_exps.weight",1,8,232,80 142 175 121 207 199 103 184
16,"blk.16.ffn_down_exps.weight",1,8,232,80 142 175 121 207 199 103 184
17,"blk.17.ffn_gate_exps.weight",1,8,232,141 136 230 43 191 73 62 85
17,"blk.17.ffn_up_exps.weight",1,8,232,141 136 230 43 191 73 62 85
17,"blk.17.ffn_down_exps.weight",1,8,232,141 136 230 43 191 73 62 85
18,"blk.18.ffn_gate_exps.weight",1,8,232,84 167 136 5 217 20 30 63
18,"blk.18.ffn_up_exps.weight",1,8,232,84 167 136 5 217 20 30 63
18,"blk.18.ffn_down_exps.weight",1,8,232,84 167 136 5 217 20 30 63
19,"blk.19.ffn_gate_exps.weight",1,8,232,183 130 145 149 20 122 146 51
19,"blk.19.ffn_up_exps.weight",1,8,232,183 130 145 149 20 122 146 51
19,"blk.19.ffn_down_exps.weight",1,8,232,183 130 145 149 20 122 146 51
20,"blk.20.ffn_gate_exps.weight",1,8,232,94 229 33 193 66 63 34 200
20,"blk.20.ffn_up_exps.weight",1,8,232,94 229 33 193 66 63 34 200
20,"blk.20.ffn_down_exps.weight",1,8,232,94 229 33 193 66 63 34 200
21,"blk.21.ffn_gate_exps.weight",1,8,232,3 136 92 228 74 25 187 182
21,"blk.21.ffn_up_exps.weight",1,8,232,3 136 92 228 74 25 187 182
21,"blk.21.ffn_down_exps.weight",1,8,232,3 136 92 228 74 25 187 182
22,"blk.22.ffn_gate_exps.weight",1,8,232,158 70 168 192 174 5 48 17
22,"blk.22.ffn_up_exps.weight",1,8,232,158 70 168 192 174 5 48 17
22,"blk.22.ffn_down_exps.weight",1,8,232,158 70 168 192 174 5 48 17
23,"blk.23.ffn_gate_exps.weight",1,8,232,10 42 53 51 103 37 73 84
23,"blk.23.ffn_up_exps.weight",1,8,232,10 42 53 51 103 37 73 84
23,"blk.23.ffn_down_exps.weight",1,8,232,10 42 53 51 103 37 73 84
24,"blk.24.ffn_gate_exps.weight",1,8,232,228 69 46 106 174 173 109 212
24,"blk.24.ffn_up_exps.weight",1,8,232,228 69 46 106 174 173 109 212
24,"blk.24.ffn_down_exps.weight",1,8,232,228 69 46 106 174 173 109 212
25,"blk.25.ffn_gate_exps.weight",1,8,232,63 94 22 212 7 178 71 20
25,"blk.25.ffn_up_exps.weight",1,8,232,63 94 22 212 7 178 71 20
25,"blk.25.ffn_down_exps.weight",1,8,232,63 94 22 212 7 178 71 20
26,"blk.26.ffn_gate_exps.weight",1,8,232,21 25 4 132 198 43 24 149
26,"blk.26.ffn_up_exps.weight",1,8,232,21 25 4 132 198 43 24 149
26,"blk.26.ffn_down_exps.weight",1,8,232,21 25 4 132 198 43 24 149
27,"blk.27.ffn_gate_exps.weight",1,8,232,230 64 146 114 99 217 226 159
27,"blk.27.ffn_up_exps.weight",1,8,232,230 64 146 114 99 217 226 159
27,"blk.27.ffn_down_exps.weight",1,8,232,230 64 146 114 99 217 226 159
0,"blk.0.ffn_gate_exps.weight",1,8,232,58 191 57 113 7 24 4 192
0,"blk.0.ffn_up_exps.weight",1,8,232,58 191 57 113 7 24 4 192
0,"blk.0.ffn_down_exps.weight",1,8,232,58 191 57 113 7 24 4 192
1,"blk.1.ffn_gate_exps.weight",1,8,232,44 30 119 189 53 78 123 109
1,"blk.1.ffn_up_exps.weight",1,8,232,44 30 119 189 53 78 123 109
1,"blk.1.ffn_down_exps.weight",1,8,232,44 30 119 189 53 78 123 109
2,"blk.2.ffn_gate_exps.weight",1,8,232,83 135 62 47 0 10 82 189
2,"blk.2.ffn_up_exps.weight",1,8,232,83 135 62 47 0 10 82 189
2,"blk.2.ffn_down_exps.weight",1,8,232,83 135 62 47 0 10 82 189
3,"blk.3.ffn_gate_exps.weight",1,8,232,52 64 62 178 68 224 129 182
3,"blk.3.ffn_up_exps.weight",1,8,232,52 64 62 178 68 224 129 182
3,"blk.3.ffn_down_exps.weight",1,8,232,52 64 62 178 68 224 129 182
4,"blk.4.ffn_gate_exps.weight",1,8,232,208 186 173 32 44 193 229 10
4,"blk.4.ffn_up_exps.weight",1,8,232,208 186 173 32 44 193 229 10
4,"blk.4.ffn_down_exps.weight",1,8,232,208 186 173 32 44 193 229 10
5,"blk.5.ffn_gate_exps.weight",1,8,232,47 5 179 16 20 140 74 11
5,"blk.5.ffn_up_exps.weight",1,8,232,47 5 179 16 20 140 74 11
5,"blk.5.ffn_down_exps.weight",1,8,232,47 5 179 16 20 140 74 11
6,"blk.6.ffn_gate_exps.weight",1,8,232,92 31 169 161 38 165 4 155
6,"blk.6.ffn_up_exps.weight",1,8,232,92 31 169 161 38 165 4 155
6,"blk.6.ffn_down_exps.weight",1,8,232,92 31 169 161 38 165 4 155
7,"blk.7.ffn_gate_exps.weight",1,8,232,108 48 209 103 104 36 14 214
7,"blk.7.ffn_up_exps.weight",1,8,232,108 48 209 103 104 36 14 214
7,"blk.7.ffn_down_exps.weight",1,8,232,108 48 209 103 104 36 14 214
8,"blk.8.ffn_gate_exps.weight",1,8,232,208 92 137 195 74 0 222 47
8,"blk.8.ffn_up_exps.weight",1,8,232,208 92 137 195 74 0 222 47
8,"blk.8.ffn_down_exps.weight",1,8,232,208 92 137 195 74 0 222 47
9,"blk.9.ffn_gate_exps.weight",1,8,232,231 6 7 0 68 99 91 158
9,"blk.9.ffn_up_exps.weight",1,8,232,231 6 7 0 68 99 91 158
9,"blk.9.ffn_down_exps.weight",1,8,232,231 6 7 0 68 99 91 158
10,"blk.10.ffn_gate_exps.weight",1,8,232,61 160 26 211 165 223 84 17
10,"blk.10.ffn_up_exps.weight",1,8,232,61 160 26 211 165 223 84 17
10,"blk.10.ffn_down_exps.weight",1,8,232,61 160 26 211 165 223 84 17
11,"blk.11.ffn_gate_exps.weight",1,8,232,125 188 1 82 159 3 127 58
11,"blk.11.ffn_up_exps.weight",1,8,232,125 188 1 82 159 3 127 58
11,"blk.11.ffn_down_exps.weight",1,8,232,125 188 1 82 159 3 127 58
12,"blk.12.ffn_gate_exps.weight",1,8,232,101 151 100 134 200 72 73 173
12,"blk.12.ffn_up_exps.weight",1,8,232,101 151 100 134 200 72 73 173
12,"blk.12.ffn_down_exps.weight",1,8,232,101 151 100 134 200 72 73 173
13,"blk.13.ffn_gate_exps.weight",1,8,232,65 30 228 196 8 139 178 144
13,"blk.13.ffn_up_exps.weight",1,8,232,65 30 228 196 8 139 178 144
13,"blk.13.ffn_down_exps.weight",1,8,232,65 30 228 196 8 139 178 144
14,"blk.14.ffn_gate_exps.weight",1,8,232,223 82 107 195 174 194 76 132
14,"blk.14.ffn_up_exps.weight",1,8,232,223 82 107 195 174 194 76 132
14,"blk.14.ffn_down_exps.weight",1,8,232,223 82 107 195 174 194 76 132
15,"blk.15.ffn_gate_exps.weight",1,8,232,86 220 78 166 59 70 20 51
15,"blk.15.ffn_up_exps.weight",1,8,232,86 220 78 166 59 70 20 51
15,"blk.15.ffn_down_exps.weight",1,8,232,86 220 78 166 59 70 20 51
16,"blk.16.ffn_gate_exps.weight",1,8,232,77 142 9 56 18 123 216 58
16,"blk.16.ffn_up_exps.weight",1,8,232,77 142 9 56 18 123 216 58
16,"blk.16.ffn_down_exps.weight",1,8,232,77 142 9 56 18 123 216 58
17,"blk.17.ffn_gate_exps.weight",1,8,232,72 73 143 140 153 104 142 84
17,"blk.17.ffn_up_exps.weight",1,8,232,72 73 143 140 153 104 142 84
17,"blk.17.ffn_down_exps.weight",1,8,232,72 73 143 140 153 104 142 84
18,"blk.18.ffn_gate_exps.weight",1,8,232,169 136 67 73 140 94 219 8
18,"blk.18.ffn_up_exps.weight",1,8,232,169 136 67 73 140 94 219 8
18,"blk.18.ffn_down_exps.weight",1,8,232,169 136 67 73 140 94 219 8
19,"blk.19.ffn_gate_exps.weight",1,8,232,100 109 227 42 231 30 152 179
19,"blk.19.ffn_up_exps.weight",1,8,232,100 109 227 42 231 30 152 179
19,"blk.19.ffn_down_exps.weight",1,8,232,100 109 227 42 231 30 152 179
20,"blk.20.ffn_gate_exps.weight",1,8,232,92 90 1 157 170 80 0 112
20,"blk.20.ffn_up_exps.weight",1,8,232,92 90 1 157 170 80 0 112
20,"blk.20.ffn_down_exps.weight",1,8,232,92 90 1 157 170 80 0 112
21,"blk.21.ffn_gate_exps.weight",1,8,232,33 157 57 141 154 147 129 204
21,"blk.21.ffn_up_exps.weight",1,8,232,33 157 57 141 154 147 129 204
21,"blk.21.ffn_down_exps.weight",1,8,232,33 157 57 141 154 147 129 204
22,"blk.22.ffn_gate_exps.weight",1,8,232,192 93 15 36 62 89 148 54
22,"blk.22.ffn_up_exps.weight",1,8,232,192 93 15 36 62 89 148 54
22,"blk.22.ffn_down_exps.weight",1,8,232,192 93 15 36 62 89 148 54
23,"blk.23.ffn_gate_exps.weight",1,8,232,156 77 73 155 101 195 211 228
23,"blk.23.ffn_up_exps.weight",1,8,232,156 77 73 155 101 195 211 228
23,"blk.23.ffn_down_exps.weight",1,8,232,156 77 73 155 101 195 211 228
24,"blk.24.ffn_gate_exps.weight",1,8,232,13 156 189 97 176 170 126 190
24,"blk.24.ffn_up_exps.weight",1,8,232,13 156 189 97 176 170 126 190
24,"blk.24.ffn_down_exps.weight",1,8,232,13 156 189 97 176 170 126 190
25,"blk.25.ffn_gate_exps.weight",1,8,232,62 102 81 88 156 77 2 157
25,"blk.25.ffn_up_exps.weight",1,8,232,62 102 81 88 156 77 2 157
25,"blk.25.ffn_down_exps.weight",1,8,232,62 102 81 88 156 77 2 157
26,"blk.26.ffn_gate_exps.weight",1,8,232,48 65 52 68 26 150 87 44
26,"blk.26.ffn_up_exps.weight",1,8,232,48 65 52 68 26 150 87 44
26,"blk.26.ffn_down_exps.weight",1,8,232,48 65 52 68 26 150 87 44
27,"blk.27.ffn_gate_exps.weight",1,8,232,208 211 4 168 78 105 193 95
27,"blk.27.ffn_up_exps.weight",1,8,232,208 211 4 168 78 105 193 95
27,"blk.27.ffn_down_exps.weight",1,8,232,208 211 4 168 78 105 193 95
0,"blk.0.ffn_gate_exps.weight",1,8,232,4 24 0 129 192 7 170 166
0,"blk.0.ffn_up_exps.weight",1,8,232,4 24 0 129 192 7 170 166
0,"blk.0.ffn_down_exps.weight",1,8,232,4 24 0 129 192 7 170 166
1,"blk.1.ffn_gate_exps.weight",1,8,232,212 53 118 78 135 208 0 24
1,"blk.1.ffn_up_exps.weight",1,8,232,212 53 118 78 135 208 0 24
1,"blk.1.ffn_down_exps.weight",1,8,232,212 53 118 78 135 208 0 24
2,"blk.2.ffn_gate_exps.weight",1,8,232,118 0 10 173 1 109 135 53
2,"blk.2.ffn_up_exps.weight",1,8,232,118 0 10 173 1 109 135 53
2,"blk.2.ffn_down_exps.weight",1,8,232,118 0 10 173 1 109 135 53
3,"blk.3.ffn_gate_exps.weight",1,8,232,190 3 43 0 2 167 17 224
3,"blk.3.ffn_up_exps.weight",1,8,232,190 3 43 0 2 167 17 224
3,"blk.3.ffn_down_exps.weight",1,8,232,190 3 43 0 2 167 17 224
4,"blk.4.ffn_gate_exps.weight",1,8,232,28 10 229 217 168 121 42 174
4,"blk.4.ffn_up_exps.weight",1,8,232,28 10 229 217 168 121 42 174
4,"blk.4.ffn_down_exps.weight",1,8,232,28 10 229 217 168 121 42 174
5,"blk.5.ffn_gate_exps.weight",1,8,232,91 47 136 6 0 40 80 10
5,"blk.5.ffn_up_exps.weight",1,8,232,91 47 136 6 0 40 80 10
5,"blk.5.ffn_down_exps.weight",1,8,232,91 47 136 6 0 40 80 10
6,"blk.6.ffn_gate_exps.weight",1,8,232,165 138 121 4 106 214 168 96
6,"blk.6.ffn_up_exps.weight",1,8,232,165 138 121 4 106 214 168 96
6,"blk.6.ffn_down_exps.weight",1,8,232,165 138 121 4 106 214 168 96
7,"blk.7.ffn_gate_exps.weight",1,8,232,43 8 146 14 36 103 171 65
7,"blk.7.ffn_up_exps.weight",1,8,232,43 8 146 14 36 103 171 65
7,"blk.7.ffn_down_exps.weight",1,8,232,43 8 146 14 36 103 171 65
8,"blk.8.ffn_gate_exps.weight",1,8,232,208 27 6 176 20 187 92 0
8,"blk.8.ffn_up_exps.weight",1,8,232,208 27 6 176 20 187 92 0
8,"blk.8.ffn_down_exps.weight",1,8,232,208 27 6 176 20 187 92 0
9,"blk.9.ffn_gate_exps.weight",1,8,232,4 1 8 203 68 18 128 167
9,"blk.9.ffn_up_exps.weight",1,8,232,4 1 8 203 68 18 128 167
9,"blk.9.ffn_down_exps.weight",1,8,232,4 1 8 203 68 18 128 167
10,"blk.10.ffn_gate_exps.weight",1,8,232,61 211 165 105 41 122 160 26
10,"blk.10.ffn_up_exps.weight",1,8,232,61 211 165 105 41 122 160 26
10,"blk.10.ffn_down_exps.weight",1,8,232,61 211 165 105 41 122 160 26
11,"blk.11.ffn_gate_exps.weight",1,8,232,70 125 69 3 1 188 8 91
11,"blk.11.ffn_up_exps.weight",1,8,232,70 125 69 3 1 188 8 91
11,"blk.11.ffn_down_exps.weight",1,8,232,70 125 69 3 1 188 8 91
12,"blk.12.ffn_gate_exps.weight",1,8,232,46 101 86 100 222 137 186 65
12,"blk.12.ffn_up_exps.weight",1,8,232,46 101 86 100 222 137 186 65
12,"blk.12.ffn_down_exps.weight",1,8,232,46 101 86 100 222 137 186 65
13,"blk.13.ffn_gate_exps.weight",1,8,232,178 228 107 30 220 9 42 3
13,"blk.13.ffn_up_exps.weight",1,8,232,178 228 107 30 220 9 42 3
13,"blk.13.ffn_down_exps.weight",1,8,232,178 228 107 30 220 9 42 3
14,"blk.14.ffn_gate_exps.weight",1,8,232,107 82 223 181 26 108 205 94
14,"blk.14.ffn_up_exps.weight",1,8,232,107 82 223 181 26 108 205 94
14,"blk.14.ffn_down_exps.weight",1,8,232,107 82 223 181 26 108 205 94
15,"blk.15.ffn_gate_exps.weight",1,8,232,86 147 220 72 20 178 44 55
15,"blk.15.ffn_up_exps.weight",1,8,232,86 147 220 72 20 178 44 55
15,"blk.15.ffn_down_exps.weight",1,8,232,86 147 220 72 20 178 44 55
16,"blk.16.ffn_gate_exps.weight",1,8,232,142 9 77 31 92 196 136 21
16,"blk.16.ffn_up_exps.weight",1,8,232,142 9 77 31 92 196 136 21
16,"blk.16.ffn_down_exps.weight",1,8,232,142 9 77 31 92 196 136 21
17,"blk.17.ffn_gate_exps.weight",1,8,232,84 73 123 170 214 207 213 12
17,"blk.17.ffn_up_exps.weight",1,8,232,84 73 123 170 214 207 213 12
17,"blk.17.ffn_down_exps.weight",1,8,232,84 73 123 170 214 207 213 12
18,"blk.18.ffn_gate_exps.weight",1,8,232,67 136 214 5 73 140 52 100
18,"blk.18.ffn_up_exps.weight",1,8,232,67 136 214 5 73 140 52 100
18,"blk.18.ffn_down_exps.weight",1,8,232,67 136 214 5 73 140 52 100
19,"blk.19.ffn_gate_exps.weight",1,8,232,83 179 78 218 109 93 16 171
19,"blk.19.ffn_up_exps.weight",1,8,232,83 179 78 218 109 93 16 171
19,"blk.19.ffn_down_exps.weight",1,8,232,83 179 78 218 109 93 16 171
20,"blk.20.ffn_gate_exps.weight",1,8,232,72 157 92 90 112 109 45 136
20,"blk.20.ffn_up_exps.weight",1,8,232,72 157 92 90 112 109 45 136
20,"blk.20.ffn_down_exps.weight",1,8,232,72 157 92 90 112 109 45 136
21,"blk.21.ffn_gate_exps.weight",1,8,232,57 144 120 97 204 58 159 228
21,"blk.21.ffn_up_exps.weight",1,8,232,57 144 120 97 204 58 159 228
21,"blk.21.ffn_down_exps.weight",1,8,232,57 144 120 97 204 58 159 228
22,"blk.22.ffn_gate_exps.weight",1,8,232,15 63 206 227 91 76 89 199
22,"blk.22.ffn_up_exps.weight",1,8,232,15 63 206 227 91 76 89 199
22,"blk.22.ffn_down_exps.weight",1,8,232,15 63 206 227 91 76 89 199
23,"blk.23.ffn_gate_exps.weight",1,8,232,131 118 193 50 206 111 51 30
23,"blk.23.ffn_up_exps.weight",1,8,232,131 118 193 50 206 111 51 30
23,"blk.23.ffn_down_exps.weight",1,8,232,131 118 193 50 206 111 51 30
24,"blk.24.ffn_gate_exps.weight",1,8,232,39 127 203 123 100 146 216 68
24,"blk.24.ffn_up_exps.weight",1,8,232,39 127 203 123 100 146 216 68
24,"blk.24.ffn_down_exps.weight",1,8,232,39 127 203 123 100 146 216 68
25,"blk.25.ffn_gate_exps.weight",1,8,232,77 26 221 182 7 211 147 144
25,"blk.25.ffn_up_exps.weight",1,8,232,77 26 221 182 7 211 147 144
25,"blk.25.ffn_down_exps.weight",1,8,232,77 26 221 182 7 211 147 144
26,"blk.26.ffn_gate_exps.weight",1,8,232,189 116 149 44 56 100 68 131
26,"blk.26.ffn_up_exps.weight",1,8,232,189 116 149 44 56 100 68 131
26,"blk.26.ffn_down_exps.weight",1,8,232,189 116 149 44 56 100 68 131
27,"blk.27.ffn_gate_exps.weight",1,8,232,70 51 211 116 64 144 168 122
27,"blk.27.ffn_up_exps.weight",1,8,232,70 51 211 116 64 144 168 122
27,"blk.27.ffn_down_exps.weight",1,8,232,70 51 211 116 64 144 168 122
0,"blk.0.ffn_gate_exps.weight",1,8,232,226 192 73 99 129 15 21 130
0,"blk.0.ffn_up_exps.weight",1,8,232,226 192 73 99 129 15 21 130
0,"blk.0.ffn_down_exps.weight",1,8,232,226 192 73 99 129 15 21 130
1,"blk.1.ffn_gate_exps.weight",1,8,232,42 6 227 212 149 196 208 195
1,"blk.1.ffn_up_exps.weight",1,8,232,42 6 227 212 149 196 208 195
1,"blk.1.ffn_down_exps.weight",1,8,232,42 6 227 212 149 196 208 195
2,"blk.2.ffn_gate_exps.weight",1,8,232,139 158 53 228 15 76 109 214
2,"blk.2.ffn_up_exps.weight",1,8,232,139 158 53 228 15 76 109 214
2,"blk.2.ffn_down_exps.weight",1,8,232,139 158 53 228 15 76 109 214
3,"blk.3.ffn_gate_exps.weight",1,8,232,127 165 12 188 24 51 221 171
3,"blk.3.ffn_up_exps.weight",1,8,232,127 165 12 188 24 51 221 171
3,"blk.3.ffn_down_exps.weight",1,8,232,127 165 12 188 24 51 221 171
4,"blk.4.ffn_gate_exps.weight",1,8,232,172 104 72 166 106 103 143 105
4,"blk.4.ffn_up_exps.weight",1,8,232,172 104 72 166 106 103 143 105
4,"blk.4.ffn_down_exps.weight",1,8,232,172 104 72 166 106 103 143 105
5,"blk.5.ffn_gate_exps.weight",1,8,232,69 183 153 226 137 182 93 219
5,"blk.5.ffn_up_exps.weight",1,8,232,69 183 153 226 137 182 93 219
5,"blk.5.ffn_down_exps.weight",1,8,232,69 183 153 226 137 182 93 219
6,"blk.6.ffn_gate_exps.weight",1,8,232,204 210 71 117 150 48 198 82
6,"blk.6.ffn_up_exps.weight",1,8,232,204 210 71 117 150 48 198 82
6,"blk.6.ffn_down_exps.weight",1,8,232,204 210 71 117 150 48 198 82
7,"blk.7.ffn_gate_exps.weight",1,8,232,227 182 15 177 140 211 91 153
7,"blk.7.ffn_up_exps.weight",1,8,232,227 182 15 177 140 211 91 153
7,"blk.7.ffn_down_exps.weight",1,8,232,227 182 15 177 140 211 91 153
8,"blk.8.ffn_gate_exps.weight",1,8,232,159 165 57 106 155 202 55 213
8,"blk.8.ffn_up_exps.weight",1,8,232,159 165 57 106 155 202 55 213
8,"blk.8.ffn_down_exps.weight",1,8,232,159 165 57 106 155 202 55 213
9,"blk.9.ffn_gate_exps.weight",1,8,232,35 54 105 197 175 205 109 182
9,"blk.9.ffn_up_exps.weight",1,8,232,35 54 105 197 175 205 109 182
9,"blk.9.ffn_down_exps.weight",1,8,232,35 54 105 197 175 205 109 182
10,"blk.10.ffn_gate_exps.weight",1,8,232,159 132 212 126 51 53 58 39
10,"blk.10.ffn_up_exps.weight",1,8,232,159 132 212 126 51 53 58 39
10,"blk.10.ffn_down_exps.weight",1,8,232,159 132 212 126 51 53 58 39
11,"blk.11.ffn_gate_exps.weight",1,8,232,125 205 188 101 155 69 18 92
11,"blk.11.ffn_up_exps.weight",1,8,232,125 205 188 101 155 69 18 92
11,"blk.11.ffn_down_exps.weight",1,8,232,125 205 188 101 155 69 18 92
12,"blk.12.ffn_gate_exps.weight",1,8,232,222 151 85 20 58 71 76 227
12,"blk.12.ffn_up_exps.weight",1,8,232,222 151 85 20 58 71 76 227
12,"blk.12.ffn_down_exps.weight",1,8,232,222 151 85 20 58 71 76 227
13,"blk.13.ffn_gate_exps.weight",1,8,232,65 228 141 33 226 20 189 178
13,"blk.13.ffn_up_exps.weight",1,8,232,65 228 141 33 226 20 189 178
13,"blk.13.ffn_down_exps.weight",1,8,232,65 228 141 33 226 20 189 178
14,"blk.14.ffn_gate_exps.weight",1,8,232,82 223 107 146 126 56 225 208
14,"blk.14.ffn_up_exps.weight",1,8,232,82 223 107 146 126 56 225 208
14,"blk.14.ffn_down_exps.weight",1,8,232,82 223 107 146 126 56 225 208
15,"blk.15.ffn_gate_exps.weight",1,8,232,79 78 220 227 158 68 172 183
15,"blk.15.ffn_up_exps.weight",1,8,232,79 78 220 227 158 68 172 183
15,"blk.15.ffn_down_exps.weight",1,8,232,79 78 220 227 158 68 172 183
16,"blk.16.ffn_gate_exps.weight",1,8,232,55 58 142 35 105 65 92 224
16,"blk.16.ffn_up_exps.weight",1,8,232,55 58 142 35 105 65 92 224
16,"blk.16.ffn_down_exps.weight",1,8,232,55 58 142 35 105 65 92 224
17,"blk.17.ffn_gate_exps.weight",1,8,232,111 56 86 83 140 63 197 218
17,"blk.17.ffn_up_exps.weight",1,8,232,111 56 86 83 140 63 197 218
17,"blk.17.ffn_down_exps.weight",1,8,232,111 56 86 83 140 63 197 218
18,"blk.18.ffn_gate_exps.weight",1,8,232,169 185 117 206 119 49 136 204
18,"blk.18.ffn_up_exps.weight",1,8,232,169 185 117 206 119 49 136 204
18,"blk.18.ffn_down_exps.weight",1,8,232,169 185 117 206 119 49 136 204
19,"blk.19.ffn_gate_exps.weight",1,8,232,175 121 100 25 110 147 164 66
19,"blk.19.ffn_up_exps.weight",1,8,232,175 121 100 25 110 147 164 66
19,"blk.19.ffn_down_exps.weight",1,8,232,175 121 100 25 110 147 164 66
20,"blk.20.ffn_gate_exps.weight",1,8,232,94 222 212 86 37 110 121 29
20,"blk.20.ffn_up_exps.weight",1,8,232,94 222 212 86 37 110 121 29
20,"blk.20.ffn_down_exps.weight",1,8,232,94 222 212 86 37 110 121 29
21,"blk.21.ffn_gate_exps.weight",1,8,232,62 63 215 107 53 33 171 106
21,"blk.21.ffn_up_exps.weight",1,8,232,62 63 215 107 53 33 171 106
21,"blk.21.ffn_down_exps.weight",1,8,232,62 63 215 107 53 33 171 106
22,"blk.22.ffn_gate_exps.weight",1,8,232,120 154 189 197 54 5 151 195
22,"blk.22.ffn_up_exps.weight",1,8,232,120 154 189 197 54 5 151 195
22,"blk.22.ffn_down_exps.weight",1,8,232,120 154 189 197 54 5 151 195
23,"blk.23.ffn_gate_exps.weight",1,8,232,227 132 158 179 2 223 8 199
23,"blk.23.ffn_up_exps.weight",1,8,232,227 132 158 179 2 223 8 199
23,"blk.23.ffn_down_exps.weight",1,8,232,227 132 158 179 2 223 8 199
24,"blk.24.ffn_gate_exps.weight",1,8,232,38 107 12 85 144 95 19 98
24,"blk.24.ffn_up_exps.weight",1,8,232,38 107 12 85 144 95 19 98
24,"blk.24.ffn_down_exps.weight",1,8,232,38 107 12 85 144 95 19 98
25,"blk.25.ffn_gate_exps.weight",1,8,232,211 54 213 220 74 191 33 160
25,"blk.25.ffn_up_exps.weight",1,8,232,211 54 213 220 74 191 33 160
25,"blk.25.ffn_down_exps.weight",1,8,232,211 54 213 220 74 191 33 160
26,"blk.26.ffn_gate_exps.weight",1,8,232,80 107 126 143 209 172 74 169
26,"blk.26.ffn_up_exps.weight",1,8,232,80 107 126 143 209 172 74 169
26,"blk.26.ffn_down_exps.weight",1,8,232,80 107 126 143 209 172 74 169
27,"blk.27.ffn_gate_exps.weight",1,8,232,115 10 40 111 11 121 217 146
27,"blk.27.ffn_up_exps.weight",1,8,232,115 10 40 111 11 121 217 146
27,"blk.27.ffn_down_exps.weight",1,8,232,115 10 40 111 11 121 217 146
0,"blk.0.ffn_gate_exps.weight",1,8,232,27 46 218 45 43 187 130 15
0,"blk.0.ffn_up_exps.weight",1,8,232,27 46 218 45 43 187 130 15
0,"blk.0.ffn_down_exps.weight",1,8,232,27 46 218 45 43 187 130 15
1,"blk.1.ffn_gate_exps.weight",1,8,232,127 64 122 67 26 136 82 130
1,"blk.1.ffn_up_exps.weight",1,8,232,127 64 122 67 26 136 82 130
1,"blk.1.ffn_down_exps.weight",1,8,232,127 64 122 67 26 136 82 130
2,"blk.2.ffn_gate_exps.weight",1,8,232,188 165 134 45 65 195 46 40
2,"blk.2.ffn_up_exps.weight",1,8,232,188 165 134 45 65 195 46 40
2,"blk.2.ffn_down_exps.weight",1,8,232,188 165 134 45 65 195 46 40
3,"blk.3.ffn_gate_exps.weight",1,8,232,146 176 127 37 23 82 229 65
3,"blk.3.ffn_up_exps.weight",1,8,232,146 176 127 37 23 82 229 65
3,"blk.3.ffn_down_exps.weight",1,8,232,146 176 127 37 23 82 229 65
4,"blk.4.ffn_gate_exps.weight",1,8,232,54 64 50 20 35 69 60 115
4,"blk.4.ffn_up_exps.weight",1,8,232,54 64 50 20 35 69 60 115
4,"blk.4.ffn_down_exps.weight",1,8,232,54 64 50 20 35 69 60 115
5,"blk.5.ffn_gate_exps.weight",1,8,232,69 205 193 14 31 2 172 121
5,"blk.5.ffn_up_exps.weight",1,8,232,69 205 193 14 31 2 172 121
5,"blk.5.ffn_down_exps.weight",1,8,232,69 205 193 14 31 2 172 121
6,"blk.6.ffn_gate_exps.weight",1,8,232,210 117 201 226 176 127 79 113
6,"blk.6.ffn_up_exps.weight",1,8,232,210 117 201 226 176 127 79 113
6,"blk.6.ffn_down_exps.weight",1,8,232,210 117 201 226 176 127 79 113
7,"blk.7.ffn_gate_exps.weight",1,8,232,115 110 91 182 75 153 94 15
7,"blk.7.ffn_up_exps.weight",1,8,232,115 110 91 182 75 153 94 15
7,"blk.7.ffn_down_exps.weight",1,8,232,115 110 91 182 75 153 94 15
8,"blk.8.ffn_gate_exps.weight",1,8,232,94 11 159 130 170 55 57 144
8,"blk.8.ffn_up_exps.weight",1,8,232,94 11 159 130 170 55 57 144
8,"blk.8.ffn_down_exps.weight",1,8,232,94 11 159 130 170 55 57 144
9,"blk.9.ffn_gate_exps.weight",1,8,232,112 35 54 81 40 184 196 176
9,"blk.9.ffn_up_exps.weight",1,8,232,112 35 54 81 40 184 196 176
9,"blk.9.ffn_down_exps.weight",1,8,232,112 35 54 81 40 184 196 176
10,"blk.10.ffn_gate_exps.weight",1,8,232,189 93 12 42 186 83 161 92
10,"blk.10.ffn_up_exps.weight",1,8,232,189 93 12 42 186 83 161 92
10,"blk.10.ffn_down_exps.weight",1,8,232,189 93 12 42 186 83 161 92
11,"blk.11.ffn_gate_exps.weight",1,8,232,191 165 134 100 105 83 130 138
11,"blk.11.ffn_up_exps.weight",1,8,232,191 165 134 100 105 83 130 138
11,"blk.11.ffn_down_exps.weight",1,8,232,191 165 134 100 105 83 130 138
12,"blk.12.ffn_gate_exps.weight",1,8,232,169 203 102 27 198 126 104 230
12,"blk.12.ffn_up_exps.weight",1,8,232,169 203 102 27 198 126 104 230
12,"blk.12.ffn_down_exps.weight",1,8,232,169 203 102 27 198 126 104 230
13,"blk.13.ffn_gate_exps.weight",1,8,232,149 14 77 36 107 47 23 150
13,"blk.13.ffn_up_exps.weight",1,8,232,149 14 77 36 107 47 23 150
13,"blk.13.ffn_down_exps.weight",1,8,232,149 14 77 36 107 47 23 150
14,"blk.14.ffn_gate_exps.weight",1,8,232,85 140 155 166 18 158 182 99
14,"blk.14.ffn_up_exps.weight",1,8,232,85 140 155 166 18 158 182 99
14,"blk.14.ffn_down_exps.weight",1,8,232,85 140 155 166 18 158 182 99
15,"blk.15.ffn_gate_exps.weight",1,8,232,142 230 158 69 38 85 18 25
15,"blk.15.ffn_up_exps.weight",1,8,232,142 230 158 69 38 85 18 25
15,"blk.15.ffn_down_exps.weight",1,8,232,142 230 158 69 38 85 18 25
16,"blk.16.ffn_gate_exps.weight",1,8,232,5 127 110 114 97 59 102 86
16,"blk.16.ffn_up_exps.weight",1,8,232,5 127 110 114 97 59 102 86
16,"blk.16.ffn_down_exps.weight",1,8,232,5 127 110 114 97 59 102 86
17,"blk.17.ffn_gate_exps.weight",1,8,232,124 23 106 79 14 44 115 66
17,"blk.17.ffn_up_exps.weight",1,8,232,124 23 106 79 14 44 115 66
17,"blk.17.ffn_down_exps.weight",1,8,232,124 23 106 79 14 44 115 66
18,"blk.18.ffn_gate_exps.weight",1,8,232,79 53 229 54 26 158 60 77
18,"blk.18.ffn_up_exps.weight",1,8,232,79 53 229 54 26 158 60 77
18,"blk.18.ffn_down_exps.weight",1,8,232,79 53 229 54 26 158 60 77
19,"blk.19.ffn_gate_exps.weight",1,8,232,121 164 175 172 93 39 141 122
19,"blk.19.ffn_up_exps.weight",1,8,232,121 164 175 172 93 39 141 122
19,"blk.19.ffn_down_exps.weight",1,8,232,121 164 175 172 93 39 141 122
20,"blk.20.ffn_gate_exps.weight",1,8,232,94 222 6 124 86 37 45 147
20,"blk.20.ffn_up_exps.weight",1,8,232,94 222 6 124 86 37 45 147
20,"blk.20.ffn_down_exps.weight",1,8,232,94 222 6 124 86 37 45 147
21,"blk.21.ffn_gate_exps.weight",1,8,232,107 70 215 209 53 62 32 128
21,"blk.21.ffn_up_exps.weight",1,8,232,107 70 215 209 53 62 32 128
21,"blk.21.ffn_down_exps.weight",1,8,232,107 70 215 209 53 62 32 128
22,"blk.22.ffn_gate_exps.weight",1,8,232,120 157 153 166 225 194 60 197
22,"blk.22.ffn_up_exps.weight",1,8,232,120 157 153 166 225 194 60 197
22,"blk.22.ffn_down_exps.weight",1,8,232,120 157 153 166 225 194 60 197
23,"blk.23.ffn_gate_exps.weight",1,8,232,2 132 151 202 227 131 10 158
23,"blk.23.ffn_up_exps.weight",1,8,232,2 132 151 202 227 131 10 158
23,"blk.23.ffn_down_exps.weight",1,8,232,2 132 151 202 227 131 10 158
24,"blk.24.ffn_gate_exps.weight",1,8,232,107 38 10 7 0 17 85 162
24,"blk.24.ffn_up_exps.weight",1,8,232,107 38 10 7 0 17 85 162
24,"blk.24.ffn_down_exps.weight",1,8,232,107 38 10 7 0 17 85 162
25,"blk.25.ffn_gate_exps.weight",1,8,232,54 220 213 28 145 211 155 160
25,"blk.25.ffn_up_exps.weight",1,8,232,54 220 213 28 145 211 155 160
25,"blk.25.ffn_down_exps.weight",1,8,232,54 220 213 28 145 211 155 160
26,"blk.26.ffn_gate_exps.weight",1,8,232,200 3 156 205 58 126 141 129
26,"blk.26.ffn_up_exps.weight",1,8,232,200 3 156 205 58 126 141 129
26,"blk.26.ffn_down_exps.weight",1,8,232,200 3 156 205 58 126 141 129
27,"blk.27.ffn_gate_exps.weight",1,8,232,227 118 40 154 95 23 111 230
27,"blk.27.ffn_up_exps.weight",1,8,232,227 118 40 154 95 23 111 230
27,"blk.27.ffn_down_exps.weight",1,8,232,227 118 40 154 95 23 111 230
0,"blk.0.ffn_gate_exps.weight",1,8,232,111 52 98 80 123 209 127 90
0,"blk.0.ffn_up_exps.weight",1,8,232,111 52 98 80 123 209 127 90
0,"blk.0.ffn_down_exps.weight",1,8,232,111 52 98 80 123 209 127 90
1,"blk.1.ffn_gate_exps.weight",1,8,232,55 51 13 78 172 165 98 30
1,"blk.1.ffn_up_exps.weight",1,8,232,55 51 13 78 172 165 98 30
1,"blk.1.ffn_down_exps.weight",1,8,232,55 51 13 78 172 165 98 30
2,"blk.2.ffn_gate_exps.weight",1,8,232,203 129 135 12 45 186 46 110
2,"blk.2.ffn_up_exps.weight",1,8,232,203 129 135 12 45 186 46 110
2,"blk.2.ffn_down_exps.weight",1,8,232,203 129 135 12 45 186 46 110
3,"blk.3.ffn_gate_exps.weight",1,8,232,69 3 62 129 80 0 34 223
3,"blk.3.ffn_up_exps.weight",1,8,232,69 3 62 129 80 0 34 223
3,"blk.3.ffn_down_exps.weight",1,8,232,69 3 62 129 80 0 34 223
4,"blk.4.ffn_gate_exps.weight",1,8,232,61 121 184 10 44 217 99 83
4,"blk.4.ffn_up_exps.weight",1,8,232,61 121 184 10 44 217 99 83
4,"blk.4.ffn_down_exps.weight",1,8,232,61 121 184 10 44 217 99 83
5,"blk.5.ffn_gate_exps.weight",1,8,232,151 139 3 69 112 9 213 180
5,"blk.5.ffn_up_exps.weight",1,8,232,151 139 3 69 112 9 213 180
5,"blk.5.ffn_down_exps.weight",1,8,232,151 139 3 69 112 9 213 180
6,"blk.6.ffn_gate_exps.weight",1,8,232,3 18 121 4 165 194 148 155
6,"blk.6.ffn_up_exps.weight",1,8,232,3 18 121 4 165 194 148 155
6,"blk.6.ffn_down_exps.weight",1,8,232,3 18 121 4 165 194 148 155
7,"blk.7.ffn_gate_exps.weight",1,8,232,103 152 131 14 166 61 65 107
7,"blk.7.ffn_up_exps.weight",1,8,232,103 152 131 14 166 61 65 107
7,"blk.7.ffn_down_exps.weight",1,8,232,103 152 131 14 166 61 65 107
8,"blk.8.ffn_gate_exps.weight",1,8,232,92 160 208 199 31 222 87 54
8,"blk.8.ffn_up_exps.weight",1,8,232,92 160 208 199 31 222 87 54
8,"blk.8.ffn_down_exps.weight",1,8,232,92 160 208 199 31 222 87 54
9,"blk.9.ffn_gate_exps.weight",1,8,232,35 50 124 17 84 43 47 95
9,"blk.9.ffn_up_exps.weight",1,8,232,35 50 124 17 84 43 47 95
9,"blk.9.ffn_down_exps.weight",1,8,232,35 50 124 17 84 43 47 95
10,"blk.10.ffn_gate_exps.weight",1,8,232,3 132 165 120 186 61 211 229
10,"blk.10.ffn_up_exps.weight",1,8,232,3 132 165 120 186 61 211 229
10,"blk.10.ffn_down_exps.weight",1,8,232,3 132 165 120 186 61 211 229
11,"blk.11.ffn_gate_exps.weight",1,8,232,101 125 150 70 182 15 229 22
11,"blk.11.ffn_up_exps.weight",1,8,232,101 125 150 70 182 15 229 22
11,"blk.11.ffn_down_exps.weight",1,8,232,101 125 150 70 182 15 229 22
12,"blk.12.ffn_gate_exps.weight",1,8,232,197 206 101 211 104 32 46 100
12,"blk.12.ffn_up_exps.weight",1,8,232,197 206 101 211 104 32 46 100
12,"blk.12.ffn_down_exps.weight",1,8,232,197 206 101 211 104 32 46 100
13,"blk.13.ffn_gate_exps.weight",1,8,232,141 228 225 8 161 33 178 99
13,"blk.13.ffn_up_exps.weight",1,8,232,141 228 225 8 161 33 178 99
13,"blk.13.ffn_down_exps.weight",1,8,232,141 228 225 8 161 33 178 99
14,"blk.14.ffn_gate_exps.weight",1,8,232,107 221 223 82 108 194 114 81
14,"blk.14.ffn_up_exps.weight",1,8,232,107 221 223 82 108 194 114 81
14,"blk.14.ffn_down_exps.weight",1,8,232,107 221 223 82 108 194 114 81
15,"blk.15.ffn_gate_exps.weight",1,8,232,86 220 72 20 225 213 59 199
15,"blk.15.ffn_up_exps.weight",1,8,232,86 220 72 20 225 213 59 199
15,"blk.15.ffn_down_exps.weight",1,8,232,86 220 72 20 225 213 59 199
16,"blk.16.ffn_gate_exps.weight",1,8,232,142 9 113 7 44 208 77 177
16,"blk.16.ffn_up_exps.weight",1,8,232,142 9 113 7 44 208 77 177
16,"blk.16.ffn_down_exps.weight",1,8,232,142 9 113 7 44 208 77 177
17,"blk.17.ffn_gate_exps.weight",1,8,232,123 73 22 84 74 61 170 72
17,"blk.17.ffn_up_exps.weight",1,8,232,123 73 22 84 74 61 170 72
17,"blk.17.ffn_down_exps.weight",1,8,232,123 73 22 84 74 61 170 72
18,"blk.18.ffn_gate_exps.weight",1,8,232,192 67 136 140 196 188 162 214
18,"blk.18.ffn_up_exps.weight",1,8,232,192 67 136 140 196 188 162 214
18,"blk.18.ffn_down_exps.weight",1,8,232,192 67 136 140 196 188 162 214
19,"blk.19.ffn_gate_exps.weight",1,8,232,203 218 196 83 109 63 219 80
19,"blk.19.ffn_up_exps.weight",1,8,232,203 218 196 83 109 63 219 80
19,"blk.19.ffn_down_exps.weight",1,8,232,203 218 196 83 109 63 219 80
20,"blk.20.ffn_gate_exps.weight",1,8,232,72 23 161 58 157 220 15 180
20,"blk.20.ffn_up_exps.weight",1,8,232,72 23 161 58 157 220 15 180
20,"blk.20.ffn_down_exps.weight",1,8,232,72 23 161 58 157 220 15 180
21,"blk.21.ffn_gate_exps.weight",1,8,232,67 57 120 208 217 155 14 58
21,"blk.21.ffn_up_exps.weight",1,8,232,67 57 120 208 217 155 14 58
21,"blk.21.ffn_down_exps.weight",1,8,232,67 57 120 208 217 155 14 58
22,"blk.22.ffn_gate_exps.weight",1,8,232,7 63 112 90 133 15 1 225
22,"blk.22.ffn_up_exps.weight",1,8,232,7 63 112 90 133 15 1 225
22,"blk.22.ffn_down_exps.weight",1,8,232,7 63 112 90 133 15 1 225
23,"blk.23.ffn_gate_exps.weight",1,8,232,118 87 119 215 111 163 21 193
23,"blk.23.ffn_up_exps.weight",1,8,232,118 87 119 215 111 163 21 193
23,"blk.23.ffn_down_exps.weight",1,8,232,118 87 119 215 111 163 21 193
24,"blk.24.ffn_gate_exps.weight",1,8,232,176 77 36 113 111 100 215 39
24,"blk.24.ffn_up_exps.weight",1,8,232,176 77 36 113 111 100 215 39
24,"blk.24.ffn_down_exps.weight",1,8,232,176 77 36 113 111 100 215 39
25,"blk.25.ffn_gate_exps.weight",1,8,232,77 182 147 53 91 87 175 75
25,"blk.25.ffn_up_exps.weight",1,8,232,77 182 147 53 91 87 175 75
25,"blk.25.ffn_down_exps.weight",1,8,232,77 182 147 53 91 87 175 75
26,"blk.26.ffn_gate_exps.weight",1,8,232,131 189 202 84 152 167 28 68
26,"blk.26.ffn_up_exps.weight",1,8,232,131 189 202 84 152 167 28 68
26,"blk.26.ffn_down_exps.weight",1,8,232,131 189 202 84 152 167 28 68
27,"blk.27.ffn_gate_exps.weight",1,8,232,70 51 225 0 140 173 188 139
27,"blk.27.ffn_up_exps.weight",1,8,232,70 51 225 0 140 173 188 139
27,"blk.27.ffn_down_exps.weight",1,8,232,70 51 225 0 140 173 188 139
0,"blk.0.ffn_gate_exps.weight",1,8,232,25 79 142 23 150 189 177 68
0,"blk.0.ffn_up_exps.weight",1,8,232,25 79 142 23 150 189 177 68
0,"blk.0.ffn_down_exps.weight",1,8,232,25 79 142 23 150 189 177 68
1,"blk.1.ffn_gate_exps.weight",1,8,232,75 230 88 169 40 214 3 103
1,"blk.1.ffn_up_exps.weight",1,8,232,75 230 88 169 40 214 3 103
1,"blk.1.ffn_down_exps.weight",1,8,232,75 230 88 169 40 214 3 103
2,"blk.2.ffn_gate_exps.weight",1,8,232,102 121 130 144 163 99 178 227
2,"blk.2.ffn_up_exps.weight",1,8,232,102 121 130 144 163 99 178 227
2,"blk.2.ffn_down_exps.weight",1,8,232,102 121 130 144 163 99 178 227
3,"blk.3.ffn_gate_exps.weight",1,8,232,31 119 195 32 165 9 193 98
3,"blk.3.ffn_up_exps.weight",1,8,232,31 119 195 32 165 9 193 98
3,"blk.3.ffn_down_exps.weight",1,8,232,31 119 195 32 165 9 193 98
4,"blk.4.ffn_gate_exps.weight",1,8,232,21 0 195 23 145 170 116 112
4,"blk.4.ffn_up_exps.weight",1,8,232,21 0 195 23 145 170 116 112
4,"blk.4.ffn_down_exps.weight",1,8,232,21 0 195 23 145 170 116 112
5,"blk.5.ffn_gate_exps.weight",1,8,232,93 159 178 166 30 99 100 52
5,"blk.5.ffn_up_exps.weight",1,8,232,93 159 178 166 30 99 100 52
5,"blk.5.ffn_down_exps.weight",1,8,232,93 159 178 166 30 99 100 52
6,"blk.6.ffn_gate_exps.weight",1,8,232,28 61 48 23 69 131 19 14
6,"blk.6.ffn_up_exps.weight",1,8,232,28 61 48 23 69 131 19 14
6,"blk.6.ffn_down_exps.weight",1,8,232,28 61 48 23 69 131 19 14
7,"blk.7.ffn_gate_exps.weight",1,8,232,59 40 167 69 41 68 141 140
7,"blk.7.ffn_up_exps.weight",1,8,232,59 40 167 69 41 68 141 140
7,"blk.7.ffn_down_exps.weight",1,8,232,59 40 167 69 41 68 141 140
8,"blk.8.ffn_gate_exps.weight",1,8,232,188 34 179 209 72 174 183 180
8,"blk.8.ffn_up_exps.weight",1,8,232,188 34 179 209 72 174 183 180
8,"blk.8.ffn_down_exps.weight",1,8,232,188 34 179 209 72 174 183 180
9,"blk.9.ffn_gate_exps.weight",1,8,232,182 212 129 142 68 66 53 71
9,"blk.9.ffn_up_exps.weight",1,8,232,182 212 129 142 68 66 53 71
9,"blk.9.ffn_down_exps.weight",1,8,232,182 212 129 142 68 66 53 71
10,"blk.10.ffn_gate_exps.weight",1,8,232,68 111 75 39 162 207 225 142
10,"blk.10.ffn_up_exps.weight",1,8,232,68 111 75 39 162 207 225 142
10,"blk.10.ffn_down_exps.weight",1,8,232,68 111 75 39 162 207 225 142
11,"blk.11.ffn_gate_exps.weight",1,8,232,125 188 69 185 174 42 67 44
11,"blk.11.ffn_up_exps.weight",1,8,232,125 188 69 185 174 42 67 44
11,"blk.11.ffn_down_exps.weight",1,8,232,125 188 69 185 174 42 67 44
12,"blk.12.ffn_gate_exps.weight",1,8,232,222 70 171 159 10 61 52 68
12,"blk.12.ffn_up_exps.weight",1,8,232,222 70 171 159 10 61 52 68
12,"blk.12.ffn_down_exps.weight",1,8,232,222 70 171 159 10 61 52 68
13,"blk.13.ffn_gate_exps.weight",1,8,232,228 53 130 140 178 24 226 169
13,"blk.13.ffn_up_exps.weight",1,8,232,228 53 130 140 178 24 226 169
13,"blk.13.ffn_down_exps.weight",1,8,232,228 53 130 140 178 24 226 169
14,"blk.14.ffn_gate_exps.weight",1,8,232,210 12 46 123 107 37 82 130
14,"blk.14.ffn_up_exps.weight",1,8,232,210 12 46 123 107 37 82 130
14,"blk.14.ffn_down_exps.weight",1,8,232,210 12 46 123 107 37 82 130
15,"blk.15.ffn_gate_exps.weight",1,8,232,228 103 102 27 80 194 21 211
15,"blk.15.ffn_up_exps.weight",1,8,232,228 103 102 27 80 194 21 211
15,"blk.15.ffn_down_exps.weight",1,8,232,228 103 102 27 80 194 21 211
16,"blk.16.ffn_gate_exps.weight",1,8,232,66 230 167 219 220 73 165 142
16,"blk.16.ffn_up_exps.weight",1,8,232,66 230 167 219 220 73 165 142
16,"blk.16.ffn_down_exps.weight",1,8,232,66 230 167 219 220 73 165 142
17,"blk.17.ffn_gate_exps.weight",1,8,232,6 103 68 147 34 169 73 112
17,"blk.17.ffn_up_exps.weight",1,8,232,6 103 68 147 34 169 73 112
17,"blk.17.ffn_down_exps.weight",1,8,232,6 103 68 147 34 169 73 112
18,"blk.18.ffn_gate_exps.weight",1,8,232,166 154 51 111 149 62 65 100
18,"blk.18.ffn_up_exps.weight",1,8,232,166 154 51 111 149 62 65 100
18,"blk.18.ffn_down_exps.weight",1,8,232,166 154 51 111 149 62 65 100
19,"blk.19.ffn_gate_exps.weight",1,8,232,163 58 142 45 158 85 123 130
19,"blk.19.ffn_up_exps.weight",1,8,232,163 58 142 45 158 85 123 130
19,"blk.19.ffn_down_exps.weight",1,8,232,163 58 142 45 158 85 123 130
20,"blk.20.ffn_gate_exps.weight",1,8,232,154 175 148 101 65 231 38 35
20,"blk.20.ffn_up_exps.weight",1,8,232,154 175 148 101 65 231 38 35
20,"blk.20.ffn_down_exps.weight",1,8,232,154 175 148 101 65 231 38 35
21,"blk.21.ffn_gate_exps.weight",1,8,232,94 114 92 59 180 136 143 117
21,"blk.21.ffn_up_exps.weight",1,8,232,94 114 92 59 180 136 143 117
21,"blk.21.ffn_down_exps.weight",1,8,232,94 114 92 59 180 136 143 117
22,"blk.22.ffn_gate_exps.weight",1,8,232,61 75 181 5 114 117 167 76
22,"blk.22.ffn_up_exps.weight",1,8,232,61 75 181 5 114 117 167 76
22,"blk.22.ffn_down_exps.weight",1,8,232,61 75 181 5 114 117 167 76
23,"blk.23.ffn_gate_exps.weight",1,8,232,68 154 129 115 46 149 206 1
23,"blk.23.ffn_up_exps.weight",1,8,232,68 154 129 115 46 149 206 1
23,"blk.23.ffn_down_exps.weight",1,8,232,68 154 129 115 46 149 206 1
24,"blk.24.ffn_gate_exps.weight",1,8,232,190 206 203 120 228 213 11 159
24,"blk.24.ffn_up_exps.weight",1,8,232,190 206 203 120 228 213 11 159
24,"blk.24.ffn_down_exps.weight",1,8,232,190 206 203 120 228 213 11 159
25,"blk.25.ffn_gate_exps.weight",1,8,232,13 108 67 175 58 194 98 121
25,"blk.25.ffn_up_exps.weight",1,8,232,13 108 67 175 58 194 98 121
25,"blk.25.ffn_down_exps.weight",1,8,232,13 108 67 175 58 194 98 121
26,"blk.26.ffn_gate_exps.weight",1,8,232,101 24 103 149 174 153 160 190
26,"blk.26.ffn_up_exps.weight",1,8,232,101 24 103 149 174 153 160 190
26,"blk.26.ffn_down_exps.weight",1,8,232,101 24 103 149 174 153 160 190
27,"blk.27.ffn_gate_exps.weight",1,8,232,33 141 94 128 39 114 179 12
27,"blk.27.ffn_up_exps.weight",1,8,232,33 141 94 128 39 114 179 12
27,"blk.27.ffn_down_exps.weight",1,8,232,33 141 94 128 39 114 179 12
0,"blk.0.ffn_gate_exps.weight",1,8,232,88 59 197 128 121 153 155 220
0,"blk.0.ffn_up_exps.weight",1,8,232,88 59 197 128 121 153 155 220
0,"blk.0.ffn_down_exps.weight",1,8,232,88 59 197 128 121 153 155 220
1,"blk.1.ffn_gate_exps.weight",1,8,232,125 140 171 172 186 228 117 181
1,"blk.1.ffn_up_exps.weight",1,8,232,125 140 171 172 186 228 117 181
1,"blk.1.ffn_down_exps.weight",1,8,232,125 140 171 172 186 228 117 181
2,"blk.2.ffn_gate_exps.weight",1,8,232,198 214 71 17 128 47 184 169
2,"blk.2.ffn_up_exps.weight",1,8,232,198 214 71 17 128 47 184 169
2,"blk.2.ffn_down_exps.weight",1,8,232,198 214 71 17 128 47 184 169
3,"blk.3.ffn_gate_exps.weight",1,8,232,160 66 77 6 33 128 230 17
3,"blk.3.ffn_up_exps.weight",1,8,232,160 66 77 6 33 128 230 17
3,"blk.3.ffn_down_exps.weight",1,8,232,160 66 77 6 33 128 230 17
4,"blk.4.ffn_gate_exps.weight",1,8,232,22 16 143 43 132 25 2 88
4,"blk.4.ffn_up_exps.weight",1,8,232,22 16 143 43 132 25 2 88
4,"blk.4.ffn_down_exps.weight",1,8,232,22 16 143 43 132 25 2 88
5,"blk.5.ffn_gate_exps.weight",1,8,232,149 208 83 167 130 190 113 181
5,"blk.5.ffn_up_exps.weight",1,8,232,149 208 83 167 130 190 113 181
5,"blk.5.ffn_down_exps.weight",1,8,232,149 208 83 167 130 190 113 181
6,"blk.6.ffn_gate_exps.weight",1,8,232,193 161 210 195 194 180 66 110
6,"blk.6.ffn_up_exps.weight",1,8,232,193 161 210 195 194 180 66 110
6,"blk.6.ffn_down_exps.weight",1,8,232,193 161 210 195 194 180 66 110
7,"blk.7.ffn_gate_exps.weight",1,8,232,122 196 35 118 229 140 71 195
7,"blk.7.ffn_up_exps.weight",1,8,232,122 196 35 118 229 140 71 195
7,"blk.7.ffn_down_exps.weight",1,8,232,122 196 35 118 229 140 71 195
8,"blk.8.ffn_gate_exps.weight",1,8,232,203 217 106 154 210 148 44 23
8,"blk.8.ffn_up_exps.weight",1,8,232,203 217 106 154 210 148 44 23
8,"blk.8.ffn_down_exps.weight",1,8,232,203 217 106 154 210 148 44 23
9,"blk.9.ffn_gate_exps.weight",1,8,232,211 178 167 22 68 72 193 86
9,"blk.9.ffn_up_exps.weight",1,8,232,211 178 167 22 68 72 193 86
9,"blk.9.ffn_down_exps.weight",1,8,232,211 178 167 22 68 72 193 86
10,"blk.10.ffn_gate_exps.weight",1,8,232,10 197 159 53 13 105 226 60
10,"blk.10.ffn_up_exps.weight",1,8,232,10 197 159 53 13 105 226 60
10,"blk.10.ffn_down_exps.weight",1,8,232,10 197 159 53 13 105 226 60
11,"blk.11.ffn_gate_exps.weight",1,8,232,125 92 69 107 205 59 54 210
11,"blk.11.ffn_up_exps.weight",1,8,232,125 92 69 107 205 59 54 210
11,"blk.11.ffn_down_exps.weight",1,8,232,125 92 69 107 205 59 54 210
12,"blk.12.ffn_gate_exps.weight",1,8,232,222 205 176 171 68 88 80 69
12,"blk.12.ffn_up_exps.weight",1,8,232,222 205 176 171 68 88 80 69
12,"blk.12.ffn_down_exps.weight",1,8,232,222 205 176 171 68 88 80 69
13,"blk.13.ffn_gate_exps.weight",1,8,232,228 159 65 191 142 104 88 12
13,"blk.13.ffn_up_exps.weight",1,8,232,228 159 65 191 142 104 88 12
13,"blk.13.ffn_down_exps.weight",1,8,232,228 159 65 191 142 104 88 12
14,"blk.14.ffn_gate_exps.weight",1,8,232,82 223 55 210 196 225 135 56
14,"blk.14.ffn_up_exps.weight",1,8,232,82 223 55 210 196 225 135 56
14,"blk.14.ffn_down_exps.weight",1,8,232,82 223 55 210 196 225 135 56
15,"blk.15.ffn_gate_exps.weight",1,8,232,94 227 218 101 68 97 35 78
15,"blk.15.ffn_up_exps.weight",1,8,232,94 227 218 101 68 97 35 78
15,"blk.15.ffn_down_exps.weight",1,8,232,94 227 218 101 68 97 35 78
16,"blk.16.ffn_gate_exps.weight",1,8,232,10 105 150 204 98 139 21 151
16,"blk.16.ffn_up_exps.weight",1,8,232,10 105 150 204 98 139 21 151
16,"blk.16.ffn_down_exps.weight",1,8,232,10 105 150 204 98 139 21 151
17,"blk.17.ffn_gate_exps.weight",1,8,232,65 64 59 4 37 63 142 207
17,"blk.17.ffn_up_exps.weight",1,8,232,65 64 59 4 37 63 142 207
17,"blk.17.ffn_down_exps.weight",1,8,232,65 64 59 4 37 63 142 207
18,"blk.18.ffn_gate_exps.weight",1,8,232,138 169 59 61 163 117 93 140
18,"blk.18.ffn_up_exps.weight",1,8,232,138 169 59 61 163 117 93 140
18,"blk.18.ffn_down_exps.weight",1,8,232,138 169 59 61 163 117 93 140
19,"blk.19.ffn_gate_exps.weight",1,8,232,25 67 100 75 104 180 182 80
19,"blk.19.ffn_up_exps.weight",1,8,232,25 67 100 75 104 180 182 80
19,"blk.19.ffn_down_exps.weight",1,8,232,25 67 100 75 104 180 182 80
20,"blk.20.ffn_gate_exps.weight",1,8,232,160 121 70 146 186 219 89 177
20,"blk.20.ffn_up_exps.weight",1,8,232,160 121 70 146 186 219 89 177
20,"blk.20.ffn_down_exps.weight",1,8,232,160 121 70 146 186 219 89 177
21,"blk.21.ffn_gate_exps.weight",1,8,232,43 163 56 112 70 145 172 159
21,"blk.21.ffn_up_exps.weight",1,8,232,43 163 56 112 70 145 172 159
21,"blk.21.ffn_down_exps.weight",1,8,232,43 163 56 112 70 145 172 159
22,"blk.22.ffn_gate_exps.weight",1,8,232,213 215 212 104 153 160 9 147
22,"blk.22.ffn_up_exps.weight",1,8,232,213 215 212 104 153 160 9 147
22,"blk.22.ffn_down_exps.weight",1,8,232,213 215 212 104 153 160 9 147
23,"blk.23.ffn_gate_exps.weight",1,8,232,185 40 224 156 165 182 122 54
23,"blk.23.ffn_up_exps.weight",1,8,232,185 40 224 156 165 182 122 54
23,"blk.23.ffn_down_exps.weight",1,8,232,185 40 224 156 165 182 122 54
24,"blk.24.ffn_gate_exps.weight",1,8,232,137 194 133 170 161 26 181 148
24,"blk.24.ffn_up_exps.weight",1,8,232,137 194 133 170 161 26 181 148
24,"blk.24.ffn_down_exps.weight",1,8,232,137 194 133 170 161 26 181 148
25,"blk.25.ffn_gate_exps.weight",1,8,232,166 84 187 155 105 189 129 146
25,"blk.25.ffn_up_exps.weight",1,8,232,166 84 187 155 105 189 129 146
25,"blk.25.ffn_down_exps.weight",1,8,232,166 84 187 155 105 189 129 146
26,"blk.26.ffn_gate_exps.weight",1,8,232,85 224 29 222 71 155 201 212
26,"blk.26.ffn_up_exps.weight",1,8,232,85 224 29 222 71 155 201 212
26,"blk.26.ffn_down_exps.weight",1,8,232,85 224 29 222 71 155 201 212
27,"blk.27.ffn_gate_exps.weight",1,8,232,9 12 152 143 93 182 187 89
27,"blk.27.ffn_up_exps.weight",1,8,232,9 12 152 143 93 182 187 89
27,"blk.27.ffn_down_exps.weight",1,8,232,9 12 152 143 93 182 187 89
0,"blk.0.ffn_gate_exps.weight",1,8,232,95 47 109 201 115 14 53 26
0,"blk.0.ffn_up_exps.weight",1,8,232,95 47 109 201 115 14 53 26
0,"blk.0.ffn_down_exps.weight",1,8,232,95 47 109 201 115 14 53 26
1,"blk.1.ffn_gate_exps.weight",1,8,232,36 39 97 77 80 155 112 91
1,"blk.1.ffn_up_exps.weight",1,8,232,36 39 97 77 80 155 112 91
1,"blk.1.ffn_down_exps.weight",1,8,232,36 39 97 77 80 155 112 91
2,"blk.2.ffn_gate_exps.weight",1,8,232,52 21 174 115 18 27 28 1
2,"blk.2.ffn_up_exps.weight",1,8,232,52 21 174 115 18 27 28 1
2,"blk.2.ffn_down_exps.weight",1,8,232,52 21 174 115 18 27 28 1
3,"blk.3.ffn_gate_exps.weight",1,8,232,175 20 112 208 122 110 97 188
3,"blk.3.ffn_up_exps.weight",1,8,232,175 20 112 208 122 110 97 188
3,"blk.3.ffn_down_exps.weight",1,8,232,175 20 112 208 122 110 97 188
4,"blk.4.ffn_gate_exps.weight",1,8,232,22 164 63 156 151 160 202 217
4,"blk.4.ffn_up_exps.weight",1,8,232,22 164 63 156 151 160 202 217
4,"blk.4.ffn_down_exps.weight",1,8,232,22 164 63 156 151 160 202 217
5,"blk.5.ffn_gate_exps.weight",1,8,232,107 96 8 210 73 104 179 194
5,"blk.5.ffn_up_exps.weight",1,8,232,107 96 8 210 73 104 179 194
5,"blk.5.ffn_down_exps.weight",1,8,232,107 96 8 210 73 104 179 194
6,"blk.6.ffn_gate_exps.weight",1,8,232,209 178 223 228 165 88 0 180
6,"blk.6.ffn_up_exps.weight",1,8,232,209 178 223 228 165 88 0 180
6,"blk.6.ffn_down_exps.weight",1,8,232,209 178 223 228 165 88 0 180
7,"blk.7.ffn_gate_exps.weight",1,8,232,224 2 180 14 17 47 61 120
7,"blk.7.ffn_up_exps.weight",1,8,232,224 2 180 14 17 47 61 120
7,"blk.7.ffn_down_exps.weight",1,8,232,224 2 180 14 17 47 61 120
8,"blk.8.ffn_gate_exps.weight",1,8,232,106 1 92 2 208 136 93 90
8,"blk.8.ffn_up_exps.weight",1,8,232,106 1 92 2 208 136 93 90
8,"blk.8.ffn_down_exps.weight",1,8,232,106 1 92 2 208 136 93 90
9,"blk.9.ffn_gate_exps.weight",1,8,232,22 106 136 97 167 144 57 1
9,"blk.9.ffn_up_exps.weight",1,8,232,22 106 136 97 167 144 57 1
9,"blk.9.ffn_down_exps.weight",1,8,232,22 106 136 97 167 144 57 1
10,"blk.10.ffn_gate_exps.weight",1,8,232,41 149 27 13 12 219 192 94
10,"blk.10.ffn_up_exps.weight",1,8,232,41 149 27 13 12 219 192 94
10,"blk.10.ffn_down_exps.weight",1,8,232,41 149 27 13 12 219 192 94
11,"blk.11.ffn_gate_exps.weight",1,8,232,81 74 69 208 35 164 125 227
11,"blk.11.ffn_up_exps.weight",1,8,232,81 74 69 208 35 164 125 227
11,"blk.11.ffn_down_exps.weight",1,8,232,81 74 69 208 35 164 125 227
12,"blk.12.ffn_gate_exps.weight",1,8,232,86 220 105 218 69 216 99 100
12,"blk.12.ffn_up_exps.weight",1,8,232,86 220 105 218 69 216 99 100
12,"blk.12.ffn_down_exps.weight",1,8,232,86 220 105 218 69 216 99 100
13,"blk.13.ffn_gate_exps.weight",1,8,232,132 37 193 104 107 58 178 142
13,"blk.13.ffn_up_exps.weight",1,8,232,132 37 193 104 107 58 178 142
13,"blk.13.ffn_down_exps.weight",1,8,232,132 37 193 104 107 58 178 142
14,"blk.14.ffn_gate_exps.weight",1,8,232,173 82 163 107 1 156 178 0
14,"blk.14.ffn_up_exps.weight",1,8,232,173 82 163 107 1 156 178 0
14,"blk.14.ffn_down_exps.weight",1,8,232,173 82 163 107 1 156 178 0
15,"blk.15.ffn_gate_exps.weight",1,8,232,86 132 231 130 213 97 220 200
15,"blk.15.ffn_up_exps.weight",1,8,232,86 132 231 130 213 97 220 200
15,"blk.15.ffn_down_exps.weight",1,8,232,86 132 231 130 213 97 220 200
16,"blk.16.ffn_gate_exps.weight",1,8,232,193 77 192 154 180 10 142 131
16,"blk.16.ffn_up_exps.weight",1,8,232,193 77 192 154 180 10 142 131
16,"blk.16.ffn_down_exps.weight",1,8,232,193 77 192 154 180 10 142 131
17,"blk.17.ffn_gate_exps.weight",1,8,232,131 42 24 223 185 4 84 219
17,"blk.17.ffn_up_exps.weight",1,8,232,131 42 24 223 185 4 84 219
17,"blk.17.ffn_down_exps.weight",1,8,232,131 42 24 223 185 4 84 219
18,"blk.18.ffn_gate_exps.weight",1,8,232,140 86 8 136 58 128 188 83
18,"blk.18.ffn_up_exps.weight",1,8,232,140 86 8 136 58 128 188 83
18,"blk.18.ffn_down_exps.weight",1,8,232,140 86 8 136 58 128 188 83
19,"blk.19.ffn_gate_exps.weight",1,8,232,100 210 169 108 144 93 226 227
19,"blk.19.ffn_up_exps.weight",1,8,232,100 210 169 108 144 93 226 227
19,"blk.19.ffn_down_exps.weight",1,8,232,100 210 169 108 144 93 226 227
20,"blk.20.ffn_gate_exps.weight",1,8,232,59 156 92 25 49 2 128 144
20,"blk.20.ffn_up_exps.weight",1,8,232,59 156 92 25 49 2 128 144
20,"blk.20.ffn_down_exps.weight",1,8,232,59 156 92 25 49 2 128 144
21,"blk.21.ffn_gate_exps.weight",1,8,232,108 154 186 133 203 144 67 134
21,"blk.21.ffn_up_exps.weight",1,8,232,108 154 186 133 203 144 67 134
21,"blk.21.ffn_down_exps.weight",1,8,232,108 154 186 133 203 144 67 134
22,"blk.22.ffn_gate_exps.weight",1,8,232,15 2 156 57 146 210 78 190
22,"blk.22.ffn_up_exps.weight",1,8,232,15 2 156 57 146 210 78 190
22,"blk.22.ffn_down_exps.weight",1,8,232,15 2 156 57 146 210 78 190
23,"blk.23.ffn_gate_exps.weight",1,8,232,69 171 183 164 188 168 182 176
23,"blk.23.ffn_up_exps.weight",1,8,232,69 171 183 164 188 168 182 176
23,"blk.23.ffn_down_exps.weight",1,8,232,69 171 183 164 188 168 182 176
24,"blk.24.ffn_gate_exps.weight",1,8,232,103 35 13 180 100 184 39 194
24,"blk.24.ffn_up_exps.weight",1,8,232,103 35 13 180 100 184 39 194
24,"blk.24.ffn_down_exps.weight",1,8,232,103 35 13 180 100 184 39 194
25,"blk.25.ffn_gate_exps.weight",1,8,232,77 130 166 155 158 66 128 105
25,"blk.25.ffn_up_exps.weight",1,8,232,77 130 166 155 158 66 128 105
25,"blk.25.ffn_down_exps.weight",1,8,232,77 130 166 155 158 66 128 105
26,"blk.26.ffn_gate_exps.weight",1,8,232,208 44 150 64 225 155 216 149
26,"blk.26.ffn_up_exps.weight",1,8,232,208 44 150 64 225 155 216 149
26,"blk.26.ffn_down_exps.weight",1,8,232,208 44 150 64 225 155 216 149
27,"blk.27.ffn_gate_exps.weight",1,8,232,65 89 39 80 190 178 87 153
27,"blk.27.ffn_up_exps.weight",1,8,232,65 89 39 80 190 178 87 153
27,"blk.27.ffn_down_exps.weight",1,8,232,65 89 39 80 190 178 87 153
0,"blk.0.ffn_gate_exps.weight",1,8,232,82 105 38 106 85 114 215 49
0,"blk.0.ffn_up_exps.weight",1,8,232,82 105 38 106 85 114 215 49
0,"blk.0.ffn_down_exps.weight",1,8,232,82 105 38 106 85 114 215 49
1,"blk.1.ffn_gate_exps.weight",1,8,232,191 194 91 174 121 86 190 25
1,"blk.1.ffn_up_exps.weight",1,8,232,191 194 91 174 121 86 190 25
1,"blk.1.ffn_down_exps.weight",1,8,232,191 194 91 174 121 86 190 25
2,"blk.2.ffn_gate_exps.weight",1,8,232,4 105 79 224 88 50 112 108
2,"blk.2.ffn_up_exps.weight",1,8,232,4 105 79 224 88 50 112 108
2,"blk.2.ffn_down_exps.weight",1,8,232,4 105 79 224 88 50 112 108
3,"blk.3.ffn_gate_exps.weight",1,8,232,137 59 72 92 67 22 74 151
3,"blk.3.ffn_up_exps.weight",1,8,232,137 59 72 92 67 22 74 151
3,"blk.3.ffn_down_exps.weight",1,8,232,137 59 72 92 67 22 74 151
4,"blk.4.ffn_gate_exps.weight",1,8,232,58 65 18 110 190 56 55 151
4,"blk.4.ffn_up_exps.weight",1,8,232,58 65 18 110 190 56 55 151
4,"blk.4.ffn_down_exps.weight",1,8,232,58 65 18 110 190 56 55 151
5,"blk.5.ffn_gate_exps.weight",1,8,232,185 229 194 59 14 107 210 98
5,"blk.5.ffn_up_exps.weight",1,8,232,185 229 194 59 14 107 210 98
5,"blk.5.ffn_down_exps.weight",1,8,232,185 229 194 59 14 107 210 98
6,"blk.6.ffn_gate_exps.weight",1,8,232,95 102 133 90 44 184 112 209
6,"blk.6.ffn_up_exps.weight",1,8,232,95 102 133 90 44 184 112 209
6,"blk.6.ffn_down_exps.weight",1,8,232,95 102 133 90 44 184 112 209
7,"blk.7.ffn_gate_exps.weight",1,8,232,162 160 121 138 61 227 129 120
7,"blk.7.ffn_up_exps.weight",1,8,232,162 160 121 138 61 227 129 120
7,"blk.7.ffn_down_exps.weight",1,8,232,162 160 121 138 61 227 129 120
8,"blk.8.ffn_gate_exps.weight",1,8,232,145 75 218 126 154 92 106 7
8,"blk.8.ffn_up_exps.weight",1,8,232,145 75 218 126 154 92 106 7
8,"blk.8.ffn_down_exps.weight",1,8,232,145 75 218 126 154 92 106 7
9,"blk.9.ffn_gate_exps.weight",1,8,232,135 22 97 57 136 87 1 98
9,"blk.9.ffn_up_exps.weight",1,8,232,135 22 97 57 136 87 1 98
9,"blk.9.ffn_down_exps.weight",1,8,232,135 22 97 57 136 87 1 98
10,"blk.10.ffn_gate_exps.weight",1,8,232,149 98 72 220 41 13 122 27
10,"blk.10.ffn_up_exps.weight",1,8,232,149 98 72 220 41 13 122 27
10,"blk.10.ffn_down_exps.weight",1,8,232,149 98 72 220 41 13 122 27
11,"blk.11.ffn_gate_exps.weight",1,8,232,69 161 59 144 81 125 129 54
11,"blk.11.ffn_up_exps.weight",1,8,232,69 161 59 144 81 125 129 54
11,"blk.11.ffn_down_exps.weight",1,8,232,69 161 59 144 81 125 129 54
12,"blk.12.ffn_gate_exps.weight",1,8,232,220 69 105 86 99 70 68 40
12,"blk.12.ffn_up_exps.weight",1,8,232,220 69 105 86 99 70 68 40
12,"blk.12.ffn_down_exps.weight",1,8,232,220 69 105 86 99 70 68 40
13,"blk.13.ffn_gate_exps.weight",1,8,232,132 184 65 53 37 50 18 142
13,"blk.13.ffn_up_exps.weight",1,8,232,132 184 65 53 37 50 18 142
13,"blk.13.ffn_down_exps.weight",1,8,232,132 184 65 53 37 50 18 142
14,"blk.14.ffn_gate_exps.weight",1,8,232,67 200 206 12 123 192 225 196
14,"blk.14.ffn_up_exps.weight",1,8,232,67 200 206 12 123 192 225 196
14,"blk.14.ffn_down_exps.weight",1,8,232,67 200 206 12 123 192 225 196
15,"blk.15.ffn_gate_exps.weight",1,8,232,86 158 40 79 21 192 48 160
15,"blk.15.ffn_up_exps.weight",1,8,232,86 158 40 79 21 192 48 160
15,"blk.15.ffn_down_exps.weight",1,8,232,86 158 40 79 21 192 48 160
16,"blk.16.ffn_gate_exps.weight",1,8,232,37 144 196 21 49 149 35 28
16,"blk.16.ffn_up_exps.weight",1,8,232,37 144 196 21 49 149 35 28
16,"blk.16.ffn_down_exps.weight",1,8,232,37 144 196 21 49 149 35 28
17,"blk.17.ffn_gate_exps.weight",1,8,232,225 54 138 207 159 152 140 26
17,"blk.17.ffn_up_exps.weight",1,8,232,225 54 138 207 159 152 140 26
17,"blk.17.ffn_down_exps.weight",1,8,232,225 54 138 207 159 152 140 26
18,"blk.18.ffn_gate_exps.weight",1,8,232,4 140 203 145 49 65 149 223
18,"blk.18.ffn_up_exps.weight",1,8,232,4 140 203 145 49 65 149 223
18,"blk.18.ffn_down_exps.weight",1,8,232,4 140 203 145 49 65 149 223
19,"blk.19.ffn_gate_exps.weight",1,8,232,6 100 171 226 225 80 132 21
19,"blk.19.ffn_up_exps.weight",1,8,232,6 100 171 226 225 80 132 21
19,"blk.19.ffn_down_exps.weight",1,8,232,6 100 171 226 225 80 132 21
20,"blk.20.ffn_gate_exps.weight",1,8,232,17 76 98 227 144 104 29 148
20,"blk.20.ffn_up_exps.weight",1,8,232,17 76 98 227 144 104 29 148
20,"blk.20.ffn_down_exps.weight",1,8,232,17 76 98 227 144 104 29 148
21,"blk.21.ffn_gate_exps.weight",1,8,232,35 107 186 134 203 106 133 60
21,"blk.21.ffn_up_exps.weight",1,8,232,35 107 186 134 203 106 133 60
21,"blk.21.ffn_down_exps.weight",1,8,232,35 107 186 134 203 106 133 60
22,"blk.22.ffn_gate_exps.weight",1,8,232,190 177 146 198 225 187 15 78
22,"blk.22.ffn_up_exps.weight",1,8,232,190 177 146 198 225 187 15 78
22,"blk.22.ffn_down_exps.weight",1,8,232,190 177 146 198 225 187 15 78
23,"blk.23.ffn_gate_exps.weight",1,8,232,54 107 20 171 155 205 212 50
23,"blk.23.ffn_up_exps.weight",1,8,232,54 107 20 171 155 205 212 50
23,"blk.23.ffn_down_exps.weight",1,8,232,54 107 20 171 155 205 212 50
24,"blk.24.ffn_gate_exps.weight",1,8,232,23 15 1 201 81 204 219 162
24,"blk.24.ffn_up_exps.weight",1,8,232,23 15 1 201 81 204 219 162
24,"blk.24.ffn_down_exps.weight",1,8,232,23 15 1 201 81 204 219 162
25,"blk.25.ffn_gate_exps.weight",1,8,232,104 123 34 130 28 105 121 109
25,"blk.25.ffn_up_exps.weight",1,8,232,104 123 34 130 28 105 121 109
25,"blk.25.ffn_down_exps.weight",1,8,232,104 123 34 130 28 105 121 109
26,"blk.26.ffn_gate_exps.weight",1,8,232,149 136 46 64 155 45 203 220
26,"blk.26.ffn_up_exps.weight",1,8,232,149 136 46 64 155 45 203 220
26,"blk.26.ffn_down_exps.weight",1,8,232,149 136 46 64 155 45 203 220
27,"blk.27.ffn_gate_exps.weight",1,8,232,65 178 35 108 43 86 18 132
27,"blk.27.ffn_up_exps.weight",1,8,232,65 178 35 108 43 86 18 132
27,"blk.27.ffn_down_exps.weight",1,8,232,65 178 35 108 43 86 18 132
0,"blk.0.ffn_gate_exps.weight",1,8,232,51 154 75 48 218 119 43 208
0,"blk.0.ffn_up_exps.weight",1,8,232,51 154 75 48 218 119 43 208
0,"blk.0.ffn_down_exps.weight",1,8,232,51 154 75 48 218 119 43 208
1,"blk.1.ffn_gate_exps.weight",1,8,232,100 156 79 43 111 204 24 3
1,"blk.1.ffn_up_exps.weight",1,8,232,100 156 79 43 111 204 24 3
1,"blk.1.ffn_down_exps.weight",1,8,232,100 156 79 43 111 204 24 3
2,"blk.2.ffn_gate_exps.weight",1,8,232,181 222 175 164 38 89 226 34
2,"blk.2.ffn_up_exps.weight",1,8,232,181 222 175 164 38 89 226 34
2,"blk.2.ffn_down_exps.weight",1,8,232,181 222 175 164 38 89 226 34
3,"blk.3.ffn_gate_exps.weight",1,8,232,148 40 214 73 156 130 168 41
3,"blk.3.ffn_up_exps.weight",1,8,232,148 40 214 73 156 130 168 41
3,"blk.3.ffn_down_exps.weight",1,8,232,148 40 214 73 156 130 168 41
4,"blk.4.ffn_gate_exps.weight",1,8,232,54 113 111 102 114 146 157 60
4,"blk.4.ffn_up_exps.weight",1,8,232,54 113 111 102 114 146 157 60
4,"blk.4.ffn_down_exps.weight",1,8,232,54 113 111 102 114 146 157 60
5,"blk.5.ffn_gate_exps.weight",1,8,232,146 14 227 171 165 84 147 43
5,"blk.5.ffn_up_exps.weight",1,8,232,146 14 227 171 165 84 147 43
5,"blk.5.ffn_down_exps.weight",1,8,232,146 14 227 171 165 84 147 43
6,"blk.6.ffn_gate_exps.weight",1,8,232,210 176 207 89 60 130 96 7
6,"blk.6.ffn_up_exps.weight",1,8,232,210 176 207 89 60 130 96 7
6,"blk.6.ffn_down_exps.weight",1,8,232,210 176 207 89 60 130 96 7
7,"blk.7.ffn_gate_exps.weight",1,8,232,127 37 110 120 87 130 230 195
7,"blk.7.ffn_up_exps.weight",1,8,232,127 37 110 120 87 130 230 195
7,"blk.7.ffn_down_exps.weight",1,8,232,127 37 110 120 87 130 230 195
8,"blk.8.ffn_gate_exps.weight",1,8,232,126 144 128 96 99 11 209 88
8,"blk.8.ffn_up_exps.weight",1,8,232,126 144 128 96 99 11 209 88
8,"blk.8.ffn_down_exps.weight",1,8,232,126 144 128 96 99 11 209 88
9,"blk.9.ffn_gate_exps.weight",1,8,232,135 181 98 173 81 32 129 150
9,"blk.9.ffn_up_exps.weight",1,8,232,135 181 98 173 81 32 129 150
9,"blk.9.ffn_down_exps.weight",1,8,232,135 181 98 173 81 32 129 150
10,"blk.10.ffn_gate_exps.weight",1,8,232,227 72 172 55 161 60 218 111
10,"blk.10.ffn_up_exps.weight",1,8,232,227 72 172 55 161 60 218 111
10,"blk.10.ffn_down_exps.weight",1,8,232,227 72 172 55 161 60 218 111
11,"blk.11.ffn_gate_exps.weight",1,8,232,173 54 161 210 144 107 25 51
11,"blk.11.ffn_up_exps.weight",1,8,232,173 54 161 210 144 107 25 51
11,"blk.11.ffn_down_exps.weight",1,8,232,173 54 161 210 144 107 25 51
12,"blk.12.ffn_gate_exps.weight",1,8,232,34 169 135 161 160 70 48 27
12,"blk.12.ffn_up_exps.weight",1,8,232,34 169 135 161 160 70 48 27
12,"blk.12.ffn_down_exps.weight",1,8,232,34 169 135 161 160 70 48 27
13,"blk.13.ffn_gate_exps.weight",1,8,232,142 184 169 116 50 139 224 53
13,"blk.13.ffn_up_exps.weight",1,8,232,142 184 169 116 50 139 224 53
13,"blk.13.ffn_down_exps.weight",1,8,232,142 184 169 116 50 139 224 53
14,"blk.14.ffn_gate_exps.weight",1,8,232,200 18 149 221 105 206 225 192
14,"blk.14.ffn_up_exps.weight",1,8,232,200 18 149 221 105 206 225 192
14,"blk.14.ffn_down_exps.weight",1,8,232,200 18 149 221 105 206 225 192
15,"blk.15.ffn_gate_exps.weight",1,8,232,158 230 25 4 75 44 192 55
15,"blk.15.ffn_up_exps.weight",1,8,232,158 230 25 4 75 44 192 55
15,"blk.15.ffn_down_exps.weight",1,8,232,158 230 25 4 75 44 192 55
16,"blk.16.ffn_gate_exps.weight",1,8,232,126 127 149 198 28 109 34 150
16,"blk.16.ffn_up_exps.weight",1,8,232,126 127 149 198 28 109 34 150
16,"blk.16.ffn_down_exps.weight",1,8,232,126 127 149 198 28 109 34 150
17,"blk.17.ffn_gate_exps.weight",1,8,232,114 14 105 33 79 1 63 116
17,"blk.17.ffn_up_exps.weight",1,8,232,114 14 105 33 79 1 63 116
17,"blk.17.ffn_down_exps.weight",1,8,232,114 14 105 33 79 1 63 116
18,"blk.18.ffn_gate_exps.weight",1,8,232,60 11 145 163 159 77 126 223
18,"blk.18.ffn_up_exps.weight",1,8,232,60 11 145 163 159 77 126 223
18,"blk.18.ffn_down_exps.weight",1,8,232,60 11 145 163 159 77 126 223
19,"blk.19.ffn_gate_exps.weight",1,8,232,170 137 5 103 188 182 35 54
19,"blk.19.ffn_up_exps.weight",1,8,232,170 137 5 103 188 182 35 54
19,"blk.19.ffn_down_exps.weight",1,8,232,170 137 5 103 188 182 35 54
20,"blk.20.ffn_gate_exps.weight",1,8,232,99 111 203 186 43 22 80 182
20,"blk.20.ffn_up_exps.weight",1,8,232,99 111 203 186 43 22 80 182
20,"blk.20.ffn_down_exps.weight",1,8,232,99 111 203 186 43 22 80 182
21,"blk.21.ffn_gate_exps.weight",1,8,232,24 186 48 45 205 53 32 107
21,"blk.21.ffn_up_exps.weight",1,8,232,24 186 48 45 205 53 32 107
21,"blk.21.ffn_down_exps.weight",1,8,232,24 186 48 45 205 53 32 107
22,"blk.22.ffn_gate_exps.weight",1,8,232,87 149 71 18 227 69 58 153
22,"blk.22.ffn_up_exps.weight",1,8,232,87 149 71 18 227 69 58 153
22,"blk.22.ffn_down_exps.weight",1,8,232,87 149 71 18 227 69 58 153
23,"blk.23.ffn_gate_exps.weight",1,8,232,23 184 14 30 3 174 189 84
23,"blk.23.ffn_up_exps.weight",1,8,232,23 184 14 30 3 174 189 84
23,"blk.23.ffn_down_exps.weight",1,8,232,23 184 14 30 3 174 189 84
24,"blk.24.ffn_gate_exps.weight",1,8,232,82 44 39 36 171 162 58 80
24,"blk.24.ffn_up_exps.weight",1,8,232,82 44 39 36 171 162 58 80
24,"blk.24.ffn_down_exps.weight",1,8,232,82 44 39 36 171 162 58 80
25,"blk.25.ffn_gate_exps.weight",1,8,232,31 225 105 34 28 187 189 112
25,"blk.25.ffn_up_exps.weight",1,8,232,31 225 105 34 28 187 189 112
25,"blk.25.ffn_down_exps.weight",1,8,232,31 225 105 34 28 187 189 112
26,"blk.26.ffn_gate_exps.weight",1,8,232,53 109 151 155 45 129 38 222
26,"blk.26.ffn_up_exps.weight",1,8,232,53 109 151 155 45 129 38 222
26,"blk.26.ffn_down_exps.weight",1,8,232,53 109 151 155 45 129 38 222
27,"blk.27.ffn_gate_exps.weight",1,8,232,9 46 184 109 202 42 80 21
27,"blk.27.ffn_up_exps.weight",1,8,232,9 46 184 109 202 42 80 21
27,"blk.27.ffn_down_exps.weight",1,8,232,9 46 184 109 202 42 80 21
0,"blk.0.ffn_gate_exps.weight",1,8,232,106 85 201 111 105 73 204 200
0,"blk.0.ffn_up_exps.weight",1,8,232,106 85 201 111 105 73 204 200
0,"blk.0.ffn_down_exps.weight",1,8,232,106 85 201 111 105 73 204 200
1,"blk.1.ffn_gate_exps.weight",1,8,232,192 139 194 27 190 94 91 93
1,"blk.1.ffn_up_exps.weight",1,8,232,192 139 194 27 190 94 91 93
1,"blk.1.ffn_down_exps.weight",1,8,232,192 139 194 27 190 94 91 93
2,"blk.2.ffn_gate_exps.weight",1,8,232,100 88 105 206 79 4 37 224
2,"blk.2.ffn_up_exps.weight",1,8,232,100 88 105 206 79 4 37 224
2,"blk.2.ffn_down_exps.weight",1,8,232,100 88 105 206 79 4 37 224
3,"blk.3.ffn_gate_exps.weight",1,8,232,95 75 194 137 67 93 59 72
3,"blk.3.ffn_up_exps.weight",1,8,232,95 75 194 137 67 93 59 72
3,"blk.3.ffn_down_exps.weight",1,8,232,95 75 194 137 67 93 59 72
4,"blk.4.ffn_gate_exps.weight",1,8,232,56 110 149 18 17 65 172 58
4,"blk.4.ffn_up_exps.weight",1,8,232,56 110 149 18 17 65 172 58
4,"blk.4.ffn_down_exps.weight",1,8,232,56 110 149 18 17 65 172 58
5,"blk.5.ffn_gate_exps.weight",1,8,232,28 98 204 194 229 146 97 185
5,"blk.5.ffn_up_exps.weight",1,8,232,28 98 204 194 229 146 97 185
5,"blk.5.ffn_down_exps.weight",1,8,232,28 98 204 194 229 146 97 185
6,"blk.6.ffn_gate_exps.weight",1,8,232,133 102 227 44 49 222 178 23
6,"blk.6.ffn_up_exps.weight",1,8,232,133 102 227 44 49 222 178 23
6,"blk.6.ffn_down_exps.weight",1,8,232,133 102 227 44 49 222 178 23
7,"blk.7.ffn_gate_exps.weight",1,8,232,121 162 138 142 190 61 107 160
7,"blk.7.ffn_up_exps.weight",1,8,232,121 162 138 142 190 61 107 160
7,"blk.7.ffn_down_exps.weight",1,8,232,121 162 138 142 190 61 107 160
8,"blk.8.ffn_gate_exps.weight",1,8,232,145 92 105 75 208 210 90 10
8,"blk.8.ffn_up_exps.weight",1,8,232,145 92 105 75 208 210 90 10
8,"blk.8.ffn_down_exps.weight",1,8,232,145 92 105 75 208 210 90 10
9,"blk.9.ffn_gate_exps.weight",1,8,232,22 146 97 187 149 65 193 178
9,"blk.9.ffn_up_exps.weight",1,8,232,22 146 97 187 149 65 193 178
9,"blk.9.ffn_down_exps.weight",1,8,232,22 146 97 187 149 65 193 178
10,"blk.10.ffn_gate_exps.weight",1,8,232,91 27 220 149 18 41 114 170
10,"blk.10.ffn_up_exps.weight",1,8,232,91 27 220 149 18 41 114 170
10,"blk.10.ffn_down_exps.weight",1,8,232,91 27 220 149 18 41 114 170
11,"blk.11.ffn_gate_exps.weight",1,8,232,125 69 164 25 32 114 136 81
11,"blk.11.ffn_up_exps.weight",1,8,232,125 69 164 25 32 114 136 81
11,"blk.11.ffn_down_exps.weight",1,8,232,125 69 164 25 32 114 136 81
12,"blk.12.ffn_gate_exps.weight",1,8,232,86 69 220 178 108 68 105 98
12,"blk.12.ffn_up_exps.weight",1,8,232,86 69 220 178 108 68 105 98
12,"blk.12.ffn_down_exps.weight",1,8,232,86 69 220 178 108 68 105 98
13,"blk.13.ffn_gate_exps.weight",1,8,232,197 126 132 142 191 37 225 50
13,"blk.13.ffn_up_exps.weight",1,8,232,197 126 132 142 191 37 225 50
13,"blk.13.ffn_down_exps.weight",1,8,232,197 126 132 142 191 37 225 50
14,"blk.14.ffn_gate_exps.weight",1,8,232,107 101 55 206 82 135 173 225
14,"blk.14.ffn_up_exps.weight",1,8,232,107 101 55 206 82 135 173 225
14,"blk.14.ffn_down_exps.weight",1,8,232,107 101 55 206 82 135 173 225
15,"blk.15.ffn_gate_exps.weight",1,8,232,86 231 192 44 105 130 55 160
15,"blk.15.ffn_up_exps.weight",1,8,232,86 231 192 44 105 130 55 160
15,"blk.15.ffn_down_exps.weight",1,8,232,86 231 192 44 105 130 55 160
16,"blk.16.ffn_gate_exps.weight",1,8,232,136 142 6 131 144 192 183 49
16,"blk.16.ffn_up_exps.weight",1,8,232,136 142 6 131 144 192 183 49
16,"blk.16.ffn_down_exps.weight",1,8,232,136 142 6 131 144 192 183 49
17,"blk.17.ffn_gate_exps.weight",1,8,232,24 73 92 138 214 196 42 229
17,"blk.17.ffn_up_exps.weight",1,8,232,24 73 92 138 214 196 42 229
17,"blk.17.ffn_down_exps.weight",1,8,232,24 73 92 138 214 196 42 229
18,"blk.18.ffn_gate_exps.weight",1,8,232,140 119 136 93 149 10 85 146
18,"blk.18.ffn_up_exps.weight",1,8,232,140 119 136 93 149 10 85 146
18,"blk.18.ffn_down_exps.weight",1,8,232,140 119 136 93 149 10 85 146
19,"blk.19.ffn_gate_exps.weight",1,8,232,196 100 226 180 56 191 21 182
19,"blk.19.ffn_up_exps.weight",1,8,232,196 100 226 180 56 191 21 182
19,"blk.19.ffn_down_exps.weight",1,8,232,196 100 226 180 56 191 21 182
20,"blk.20.ffn_gate_exps.weight",1,8,232,59 140 198 128 111 97 148 170
20,"blk.20.ffn_up_exps.weight",1,8,232,59 140 198 128 111 97 148 170
20,"blk.20.ffn_down_exps.weight",1,8,232,59 140 198 128 111 97 148 170
21,"blk.21.ffn_gate_exps.weight",1,8,232,218 154 204 144 199 181 58 116
21,"blk.21.ffn_up_exps.weight",1,8,232,218 154 204 144 199 181 58 116
21,"blk.21.ffn_down_exps.weight",1,8,232,218 154 204 144 199 181 58 116
22,"blk.22.ffn_gate_exps.weight",1,8,232,15 2 54 169 20 222 114 198
22,"blk.22.ffn_up_exps.weight",1,8,232,15 2 54 169 20 222 114 198
22,"blk.22.ffn_down_exps.weight",1,8,232,15 2 54 169 20 222 114 198
23,"blk.23.ffn_gate_exps.weight",1,8,232,171 69 15 61 168 205 46 194
23,"blk.23.ffn_up_exps.weight",1,8,232,171 69 15 61 168 205 46 194
23,"blk.23.ffn_down_exps.weight",1,8,232,171 69 15 61 168 205 46 194
24,"blk.24.ffn_gate_exps.weight",1,8,232,189 171 86 44 212 105 15 62
24,"blk.24.ffn_up_exps.weight",1,8,232,189 171 86 44 212 105 15 62
24,"blk.24.ffn_down_exps.weight",1,8,232,189 171 86 44 212 105 15 62
25,"blk.25.ffn_gate_exps.weight",1,8,232,76 120 130 222 199 26 23 1
25,"blk.25.ffn_up_exps.weight",1,8,232,76 120 130 222 199 26 23 1
25,"blk.25.ffn_down_exps.weight",1,8,232,76 120 130 222 199 26 23 1
26,"blk.26.ffn_gate_exps.weight",1,8,232,149 44 152 201 150 151 209 155
26,"blk.26.ffn_up_exps.weight",1,8,232,149 44 152 201 150 151 209 155
26,"blk.26.ffn_down_exps.weight",1,8,232,149 44 152 201 150 151 209 155
27,"blk.27.ffn_gate_exps.weight",1,8,232,65 43 178 9 173 140 217 190
27,"blk.27.ffn_up_exps.weight",1,8,232,65 43 178 9 173 140 217 190
27,"blk.27.ffn_down_exps.weight",1,8,232,65 43 178 9 173 140 217 190
0,"blk.0.ffn_gate_exps.weight",1,8,232,27 8 187 80 46 190 60 217
0,"blk.0.ffn_up_exps.weight",1,8,232,27 8 187 80 46 190 60 217
0,"blk.0.ffn_down_exps.weight",1,8,232,27 8 187 80 46 190 60 217
1,"blk.1.ffn_gate_exps.weight",1,8,232,12 127 220 40 72 5 129 26
1,"blk.1.ffn_up_exps.weight",1,8,232,12 127 220 40 72 5 129 26
1,"blk.1.ffn_down_exps.weight",1,8,232,12 127 220 40 72 5 129 26
2,"blk.2.ffn_gate_exps.weight",1,8,232,46 40 215 188 195 89 65 218
2,"blk.2.ffn_up_exps.weight",1,8,232,46 40 215 188 195 89 65 218
2,"blk.2.ffn_down_exps.weight",1,8,232,46 40 215 188 195 89 65 218
3,"blk.3.ffn_gate_exps.weight",1,8,232,127 23 87 146 65 165 50 63
3,"blk.3.ffn_up_exps.weight",1,8,232,127 23 87 146 65 165 50 63
3,"blk.3.ffn_down_exps.weight",1,8,232,127 23 87 146 65 165 50 63
4,"blk.4.ffn_gate_exps.weight",1,8,232,39 225 18 64 50 224 13 33
4,"blk.4.ffn_up_exps.weight",1,8,232,39 225 18 64 50 224 13 33
4,"blk.4.ffn_down_exps.weight",1,8,232,39 225 18 64 50 224 13 33
5,"blk.5.ffn_gate_exps.weight",1,8,232,188 170 95 193 44 126 165 121
5,"blk.5.ffn_up_exps.weight",1,8,232,188 170 95 193 44 126 165 121
5,"blk.5.ffn_down_exps.weight",1,8,232,188 170 95 193 44 126 165 121
6,"blk.6.ffn_gate_exps.weight",1,8,232,109 226 100 214 187 105 113 79
6,"blk.6.ffn_up_exps.weight",1,8,232,109 226 100 214 187 105 113 79
6,"blk.6.ffn_down_exps.weight",1,8,232,109 226 100 214 187 105 113 79
7,"blk.7.ffn_gate_exps.weight",1,8,232,50 225 126 81 89 39 130 87
7,"blk.7.ffn_up_exps.weight",1,8,232,50 225 126 81 89 39 130 87
7,"blk.7.ffn_down_exps.weight",1,8,232,50 225 126 81 89 39 130 87
8,"blk.8.ffn_gate_exps.weight",1,8,232,77 82 153 28 48 87 55 22
8,"blk.8.ffn_up_exps.weight",1,8,232,77 82 153 28 48 87 55 22
8,"blk.8.ffn_down_exps.weight",1,8,232,77 82 153 28 48 87 55 22
9,"blk.9.ffn_gate_exps.weight",1,8,232,39 76 22 81 168 182 175 210
9,"blk.9.ffn_up_exps.weight",1,8,232,39 76 22 81 168 182 175 210
9,"blk.9.ffn_down_exps.weight",1,8,232,39 76 22 81 168 182 175 210
10,"blk.10.ffn_gate_exps.weight",1,8,232,46 125 116 55 24 119 111 93
10,"blk.10.ffn_up_exps.weight",1,8,232,46 125 116 55 24 119 111 93
10,"blk.10.ffn_down_exps.weight",1,8,232,46 125 116 55 24 119 111 93
11,"blk.11.ffn_gate_exps.weight",1,8,232,125 63 144 143 210 54 107 112
11,"blk.11.ffn_up_exps.weight",1,8,232,125 63 144 143 210 54 107 112
11,"blk.11.ffn_down_exps.weight",1,8,232,125 63 144 143 210 54 107 112
12,"blk.12.ffn_gate_exps.weight",1,8,232,222 73 109 89 131 159 68 72
12,"blk.12.ffn_up_exps.weight",1,8,232,222 73 109 89 131 159 68 72
12,"blk.12.ffn_down_exps.weight",1,8,232,222 73 109 89 131 159 68 72
13,"blk.13.ffn_gate_exps.weight",1,8,232,228 159 111 116 142 104 224 59
13,"blk.13.ffn_up_exps.weight",1,8,232,228 159 111 116 142 104 224 59
13,"blk.13.ffn_down_exps.weight",1,8,232,228 159 111 116 142 104 224 59
14,"blk.14.ffn_gate_exps.weight",1,8,232,210 82 206 192 221 223 225 214
14,"blk.14.ffn_up_exps.weight",1,8,232,210 82 206 192 221 223 225 214
14,"blk.14.ffn_down_exps.weight",1,8,232,210 82 206 192 221 223 225 214
15,"blk.15.ffn_gate_exps.weight",1,8,232,158 192 160 28 61 118 137 163
15,"blk.15.ffn_up_exps.weight",1,8,232,158 192 160 28 61 118 137 163
15,"blk.15.ffn_down_exps.weight",1,8,232,158 192 160 28 61 118 137 163
16,"blk.16.ffn_gate_exps.weight",1,8,232,15 44 161 65 80 208 182 163
16,"blk.16.ffn_up_exps.weight",1,8,232,15 44 161 65 80 208 182 163
16,"blk.16.ffn_down_exps.weight",1,8,232,15 44 161 65 80 208 182 163
17,"blk.17.ffn_gate_exps.weight",1,8,232,160 177 63 203 159 197 219 202
17,"blk.17.ffn_up_exps.weight",1,8,232,160 177 63 203 159 197 219 202
17,"blk.17.ffn_down_exps.weight",1,8,232,160 177 63 203 159 197 219 202
18,"blk.18.ffn_gate_exps.weight",1,8,232,75 125 23 11 141 74 64 211
18,"blk.18.ffn_up_exps.weight",1,8,232,75 125 23 11 141 74 64 211
18,"blk.18.ffn_down_exps.weight",1,8,232,75 125 23 11 141 74 64 211
19,"blk.19.ffn_gate_exps.weight",1,8,232,59 134 173 21 216 77 33 223
19,"blk.19.ffn_up_exps.weight",1,8,232,59 134 173 21 216 77 33 223
19,"blk.19.ffn_down_exps.weight",1,8,232,59 134 173 21 216 77 33 223
20,"blk.20.ffn_gate_exps.weight",1,8,232,94 111 163 22 45 222 203 180
20,"blk.20.ffn_up_exps.weight",1,8,232,94 111 163 22 45 222 203 180
20,"blk.20.ffn_down_exps.weight",1,8,232,94 111 163 22 45 222 203 180
21,"blk.21.ffn_gate_exps.weight",1,8,232,188 165 149 66 56 95 128 175
21,"blk.21.ffn_up_exps.weight",1,8,232,188 165 149 66 56 95 128 175
21,"blk.21.ffn_down_exps.weight",1,8,232,188 165 149 66 56 95 128 175
22,"blk.22.ffn_gate_exps.weight",1,8,232,147 146 104 41 227 184 148 27
22,"blk.22.ffn_up_exps.weight",1,8,232,147 146 104 41 227 184 148 27
22,"blk.22.ffn_down_exps.weight",1,8,232,147 146 104 41 227 184 148 27
23,"blk.23.ffn_gate_exps.weight",1,8,232,220 58 102 189 63 183 23 204
23,"blk.23.ffn_up_exps.weight",1,8,232,220 58 102 189 63 183 23 204
23,"blk.23.ffn_down_exps.weight",1,8,232,220 58 102 189 63 183 23 204
24,"blk.24.ffn_gate_exps.weight",1,8,232,137 213 215 201 108 107 146 206
24,"blk.24.ffn_up_exps.weight",1,8,232,137 213 215 201 108 107 146 206
24,"blk.24.ffn_down_exps.weight",1,8,232,137 213 215 201 108 107 146 206
25,"blk.25.ffn_gate_exps.weight",1,8,232,160 105 108 112 31 122 99 166
25,"blk.25.ffn_up_exps.weight",1,8,232,160 105 108 112 31 122 99 166
25,"blk.25.ffn_down_exps.weight",1,8,232,160 105 108 112 31 122 99 166
26,"blk.26.ffn_gate_exps.weight",1,8,232,100 195 58 141 26 155 53 151
26,"blk.26.ffn_up_exps.weight",1,8,232,100 195 58 141 26 155 53 151
26,"blk.26.ffn_down_exps.weight",1,8,232,100 195 58 141 26 155 53 151
27,"blk.27.ffn_gate_exps.weight",1,8,232,177 120 50 80 118 190 184 140
27,"blk.27.ffn_up_exps.weight",1,8,232,177 120 50 80 118 190 184 140
27,"blk.27.ffn_down_exps.weight",1,8,232,177 120 50 80 118 190 184 140
0,"blk.0.ffn_gate_exps.weight",1,8,232,153 38 17 106 114 85 52 162
0,"blk.0.ffn_up_exps.weight",1,8,232,153 38 17 106 114 85 52 162
0,"blk.0.ffn_down_exps.weight",1,8,232,153 38 17 106 114 85 52 162
1,"blk.1.ffn_gate_exps.weight",1,8,232,59 191 190 143 121 142 193 174
1,"blk.1.ffn_up_exps.weight",1,8,232,59 191 190 143 121 142 193 174
1,"blk.1.ffn_down_exps.weight",1,8,232,59 191 190 143 121 142 193 174
2,"blk.2.ffn_gate_exps.weight",1,8,232,224 105 4 79 183 214 161 50
2,"blk.2.ffn_up_exps.weight",1,8,232,224 105 4 79 183 214 161 50
2,"blk.2.ffn_down_exps.weight",1,8,232,224 105 4 79 183 214 161 50
3,"blk.3.ffn_gate_exps.weight",1,8,232,137 72 59 102 67 92 151 77
3,"blk.3.ffn_up_exps.weight",1,8,232,137 72 59 102 67 92 151 77
3,"blk.3.ffn_down_exps.weight",1,8,232,137 72 59 102 67 92 151 77
4,"blk.4.ffn_gate_exps.weight",1,8,232,55 18 65 52 58 110 162 56
4,"blk.4.ffn_up_exps.weight",1,8,232,55 18 65 52 58 110 162 56
4,"blk.4.ffn_down_exps.weight",1,8,232,55 18 65 52 58 110 162 56
5,"blk.5.ffn_gate_exps.weight",1,8,232,75 229 185 24 86 42 133 55
5,"blk.5.ffn_up_exps.weight",1,8,232,75 229 185 24 86 42 133 55
5,"blk.5.ffn_down_exps.weight",1,8,232,75 229 185 24 86 42 133 55
6,"blk.6.ffn_gate_exps.weight",1,8,232,184 210 65 181 129 152 58 20
6,"blk.6.ffn_up_exps.weight",1,8,232,184 210 65 181 129 152 58 20
6,"blk.6.ffn_down_exps.weight",1,8,232,184 210 65 181 129 152 58 20
7,"blk.7.ffn_gate_exps.weight",1,8,232,115 110 226 112 94 101 130 194
7,"blk.7.ffn_up_exps.weight",1,8,232,115 110 226 112 94 101 130 194
7,"blk.7.ffn_down_exps.weight",1,8,232,115 110 226 112 94 101 130 194
8,"blk.8.ffn_gate_exps.weight",1,8,232,30 94 230 135 220 170 127 26
8,"blk.8.ffn_up_exps.weight",1,8,232,30 94 230 135 220 170 127 26
8,"blk.8.ffn_down_exps.weight",1,8,232,30 94 230 135 220 170 127 26
9,"blk.9.ffn_gate_exps.weight",1,8,232,40 112 171 0 142 86 41 81
9,"blk.9.ffn_up_exps.weight",1,8,232,40 112 171 0 142 86 41 81
9,"blk.9.ffn_down_exps.weight",1,8,232,40 112 171 0 142 86 41 81
10,"blk.10.ffn_gate_exps.weight",1,8,232,148 93 190 7 31 217 161 199
10,"blk.10.ffn_up_exps.weight",1,8,232,148 93 190 7 31 217 161 199
10,"blk.10.ffn_down_exps.weight",1,8,232,148 93 190 7 31 217 161 199
11,"blk.11.ffn_gate_exps.weight",1,8,232,130 160 171 110 144 191 54 25
11,"blk.11.ffn_up_exps.weight",1,8,232,130 160 171 110 144 191 54 25
11,"blk.11.ffn_down_exps.weight",1,8,232,130 160 171 110 144 191 54 25
12,"blk.12.ffn_gate_exps.weight",1,8,232,119 117 202 188 19 169 34 57
12,"blk.12.ffn_up_exps.weight",1,8,232,119 117 202 188 19 169 34 57
12,"blk.12.ffn_down_exps.weight",1,8,232,119 117 202 188 19 169 34 57
13,"blk.13.ffn_gate_exps.weight",1,8,232,62 149 63 150 15 36 47 23
13,"blk.13.ffn_up_exps.weight",1,8,232,62 149 63 150 15 36 47 23
13,"blk.13.ffn_down_exps.weight",1,8,232,62 149 63 150 15 36 47 23
14,"blk.14.ffn_gate_exps.weight",1,8,232,167 16 99 155 165 142 84 39
14,"blk.14.ffn_up_exps.weight",1,8,232,167 16 99 155 165 142 84 39
14,"blk.14.ffn_down_exps.weight",1,8,232,167 16 99 155 165 142 84 39
15,"blk.15.ffn_gate_exps.weight",1,8,232,142 7 121 161 195 122 156 18
15,"blk.15.ffn_up_exps.weight",1,8,232,142 7 121 161 195 122 156 18
15,"blk.15.ffn_down_exps.weight",1,8,232,142 7 121 161 195 122 156 18
16,"blk.16.ffn_gate_exps.weight",1,8,232,62 5 191 114 60 39 63 97
16,"blk.16.ffn_up_exps.weight",1,8,232,62 5 191 114 60 39 63 97
16,"blk.16.ffn_down_exps.weight",1,8,232,62 5 191 114 60 39 63 97
17,"blk.17.ffn_gate_exps.weight",1,8,232,23 117 126 94 99 205 72 158
17,"blk.17.ffn_up_exps.weight",1,8,232,23 117 126 94 99 205 72 158
17,"blk.17.ffn_down_exps.weight",1,8,232,23 117 126 94 99 205 72 158
18,"blk.18.ffn_gate_exps.weight",1,8,232,174 131 24 207 202 203 28 189
18,"blk.18.ffn_up_exps.weight",1,8,232,174 131 24 207 202 203 28 189
18,"blk.18.ffn_down_exps.weight",1,8,232,174 131 24 207 202 203 28 189
19,"blk.19.ffn_gate_exps.weight",1,8,232,39 197 48 43 92 60 153 46
19,"blk.19.ffn_up_exps.weight",1,8,232,39 197 48 43 92 60 153 46
19,"blk.19.ffn_down_exps.weight",1,8,232,39 197 48 43 92 60 153 46
20,"blk.20.ffn_gate_exps.weight",1,8,232,39 20 73 130 165 155 119 43
20,"blk.20.ffn_up_exps.weight",1,8,232,39 20 73 130 165 155 119 43
20,"blk.20.ffn_down_exps.weight",1,8,232,39 20 73 130 165 155 119 43
21,"blk.21.ffn_gate_exps.weight",1,8,232,42 198 168 205 11 4 103 89
21,"blk.21.ffn_up_exps.weight",1,8,232,42 198 168 205 11 4 103 89
21,"blk.21.ffn_down_exps.weight",1,8,232,42 198 168 205 11 4 103 89
22,"blk.22.ffn_gate_exps.weight",1,8,232,191 41 38 99 102 182 205 168
22,"blk.22.ffn_up_exps.weight",1,8,232,191 41 38 99 102 182 205 168
22,"blk.22.ffn_down_exps.weight",1,8,232,191 41 38 99 102 182 205 168
23,"blk.23.ffn_gate_exps.weight",1,8,232,102 0 231 58 181 71 157 3
23,"blk.23.ffn_up_exps.weight",1,8,232,102 0 231 58 181 71 157 3
23,"blk.23.ffn_down_exps.weight",1,8,232,102 0 231 58 181 71 157 3
24,"blk.24.ffn_gate_exps.weight",1,8,232,37 172 143 167 40 214 175 78
24,"blk.24.ffn_up_exps.weight",1,8,232,37 172 143 167 40 214 175 78
24,"blk.24.ffn_down_exps.weight",1,8,232,37 172 143 167 40 214 175 78
25,"blk.25.ffn_gate_exps.weight",1,8,232,31 102 112 171 110 231 151 180
25,"blk.25.ffn_up_exps.weight",1,8,232,31 102 112 171 110 231 151 180
25,"blk.25.ffn_down_exps.weight",1,8,232,31 102 112 171 110 231 151 180
26,"blk.26.ffn_gate_exps.weight",1,8,232,132 184 182 141 91 140 206 72
26,"blk.26.ffn_up_exps.weight",1,8,232,132 184 182 141 91 140 206 72
26,"blk.26.ffn_down_exps.weight",1,8,232,132 184 182 141 91 140 206 72
27,"blk.27.ffn_gate_exps.weight",1,8,232,106 29 202 75 177 158 205 161
27,"blk.27.ffn_up_exps.weight",1,8,232,106 29 202 75 177 158 205 161
27,"blk.27.ffn_down_exps.weight",1,8,232,106 29 202 75 177 158 205 161
0,"blk.0.ffn_gate_exps.weight",1,8,232,75 218 154 51 48 119 104 13
0,"blk.0.ffn_up_exps.weight",1,8,232,75 218 154 51 48 119 104 13
0,"blk.0.ffn_down_exps.weight",1,8,232,75 218 154 51 48 119 104 13
1,"blk.1.ffn_gate_exps.weight",1,8,232,100 156 79 43 2 8 19 1
1,"blk.1.ffn_up_exps.weight",1,8,232,100 156 79 43 2 8 19 1
1,"blk.1.ffn_down_exps.weight",1,8,232,100 156 79 43 2 8 19 1
2,"blk.2.ffn_gate_exps.weight",1,8,232,175 181 89 164 211 188 222 91
2,"blk.2.ffn_up_exps.weight",1,8,232,175 181 89 164 211 188 222 91
2,"blk.2.ffn_down_exps.weight",1,8,232,175 181 89 164 211 188 222 91
3,"blk.3.ffn_gate_exps.weight",1,8,232,148 40 26 73 123 130 168 229
3,"blk.3.ffn_up_exps.weight",1,8,232,148 40 26 73 123 130 168 229
3,"blk.3.ffn_down_exps.weight",1,8,232,148 40 26 73 123 130 168 229
4,"blk.4.ffn_gate_exps.weight",1,8,232,54 111 113 114 93 9 146 75
4,"blk.4.ffn_up_exps.weight",1,8,232,54 111 113 114 93 9 146 75
4,"blk.4.ffn_down_exps.weight",1,8,232,54 111 113 114 93 9 146 75
5,"blk.5.ffn_gate_exps.weight",1,8,232,146 14 227 225 182 39 147 104
5,"blk.5.ffn_up_exps.weight",1,8,232,146 14 227 225 182 39 147 104
5,"blk.5.ffn_down_exps.weight",1,8,232,146 14 227 225 182 39 147 104
6,"blk.6.ffn_gate_exps.weight",1,8,232,207 156 89 167 199 210 215 79
6,"blk.6.ffn_up_exps.weight",1,8,232,207 156 89 167 199 210 215 79
6,"blk.6.ffn_down_exps.weight",1,8,232,207 156 89 167 199 210 215 79
7,"blk.7.ffn_gate_exps.weight",1,8,232,37 127 39 3 87 112 226 194
7,"blk.7.ffn_up_exps.weight",1,8,232,37 127 39 3 87 112 226 194
7,"blk.7.ffn_down_exps.weight",1,8,232,37 127 39 3 87 112 226 194
8,"blk.8.ffn_gate_exps.weight",1,8,232,126 154 103 3 215 86 70 25
8,"blk.8.ffn_up_exps.weight",1,8,232,126 154 103 3 215 86 70 25
8,"blk.8.ffn_down_exps.weight",1,8,232,126 154 103 3 215 86 70 25
9,"blk.9.ffn_gate_exps.weight",1,8,232,32 81 173 164 206 176 181 98
9,"blk.9.ffn_up_exps.weight",1,8,232,32 81 173 164 206 176 181 98
9,"blk.9.ffn_down_exps.weight",1,8,232,32 81 173 164 206 176 181 98
10,"blk.10.ffn_gate_exps.weight",1,8,232,55 86 72 227 204 95 93 102
10,"blk.10.ffn_up_exps.weight",1,8,232,55 86 72 227 204 95 93 102
10,"blk.10.ffn_down_exps.weight",1,8,232,55 86 72 227 204 95 93 102
11,"blk.11.ffn_gate_exps.weight",1,8,232,173 54 83 131 5 216 138 51
11,"blk.11.ffn_up_exps.weight",1,8,232,173 54 83 131 5 216 138 51
11,"blk.11.ffn_down_exps.weight",1,8,232,173 54 83 131 5 216 138 51
12,"blk.12.ffn_gate_exps.weight",1,8,232,75 34 194 27 80 161 109 19
12,"blk.12.ffn_up_exps.weight",1,8,232,75 34 194 27 80 161 109 19
12,"blk.12.ffn_down_exps.weight",1,8,232,75 34 194 27 80 161 109 19
13,"blk.13.ffn_gate_exps.weight",1,8,232,116 7 140 50 36 59 88 169
13,"blk.13.ffn_up_exps.weight",1,8,232,116 7 140 50 36 59 88 169
13,"blk.13.ffn_down_exps.weight",1,8,232,116 7 140 50 36 59 88 169
14,"blk.14.ffn_gate_exps.weight",1,8,232,18 155 51 27 39 206 112 142
14,"blk.14.ffn_up_exps.weight",1,8,232,18 155 51 27 39 206 112 142
14,"blk.14.ffn_down_exps.weight",1,8,232,18 155 51 27 39 206 112 142
15,"blk.15.ffn_gate_exps.weight",1,8,232,25 230 229 85 4 55 75 202
15,"blk.15.ffn_up_exps.weight",1,8,232,25 230 229 85 4 55 75 202
15,"blk.15.ffn_down_exps.weight",1,8,232,25 230 229 85 4 55 75 202
16,"blk.16.ffn_gate_exps.weight",1,8,232,127 109 59 167 28 151 20 172
16,"blk.16.ffn_up_exps.weight",1,8,232,127 109 59 167 28 151 20 172
16,"blk.16.ffn_down_exps.weight",1,8,232,127 109 59 167 28 151 20 172
17,"blk.17.ffn_gate_exps.weight",1,8,232,114 105 219 33 1 79 96 106
17,"blk.17.ffn_up_exps.weight",1,8,232,114 105 219 33 1 79 96 106
17,"blk.17.ffn_down_exps.weight",1,8,232,114 105 219 33 1 79 96 106
18,"blk.18.ffn_gate_exps.weight",1,8,232,60 9 11 64 159 34 151 184
18,"blk.18.ffn_up_exps.weight",1,8,232,60 9 11 64 159 34 151 184
18,"blk.18.ffn_down_exps.weight",1,8,232,60 9 11 64 159 34 151 184
19,"blk.19.ffn_gate_exps.weight",1,8,232,13 44 3 33 77 188 114 226
19,"blk.19.ffn_up_exps.weight",1,8,232,13 44 3 33 77 188 114 226
19,"blk.19.ffn_down_exps.weight",1,8,232,13 44 3 33 77 188 114 226
20,"blk.20.ffn_gate_exps.weight",1,8,232,196 13 99 111 217 42 80 22
20,"blk.20.ffn_up_exps.weight",1,8,232,196 13 99 111 217 42 80 22
20,"blk.20.ffn_down_exps.weight",1,8,232,196 13 99 111 217 42 80 22
21,"blk.21.ffn_gate_exps.weight",1,8,232,116 53 188 24 66 197 160 70
21,"blk.21.ffn_up_exps.weight",1,8,232,116 53 188 24 66 197 160 70
21,"blk.21.ffn_down_exps.weight",1,8,232,116 53 188 24 66 197 160 70
22,"blk.22.ffn_gate_exps.weight",1,8,232,69 18 41 37 27 8 153 78
22,"blk.22.ffn_up_exps.weight",1,8,232,69 18 41 37 27 8 153 78
22,"blk.22.ffn_down_exps.weight",1,8,232,69 18 41 37 27 8 153 78
23,"blk.23.ffn_gate_exps.weight",1,8,232,84 184 156 77 27 3 122 115
23,"blk.23.ffn_up_exps.weight",1,8,232,84 184 156 77 27 3 122 115
23,"blk.23.ffn_down_exps.weight",1,8,232,84 184 156 77 27 3 122 115
24,"blk.24.ffn_gate_exps.weight",1,8,232,172 201 119 44 0 137 146 162
24,"blk.24.ffn_up_exps.weight",1,8,232,172 201 119 44 0 137 146 162
24,"blk.24.ffn_down_exps.weight",1,8,232,172 201 119 44 0 137 146 162
25,"blk.25.ffn_gate_exps.weight",1,8,232,231 31 28 112 105 123 189 21
25,"blk.25.ffn_up_exps.weight",1,8,232,231 31 28 112 105 123 189 21
25,"blk.25.ffn_down_exps.weight",1,8,232,231 31 28 112 105 123 189 21
26,"blk.26.ffn_gate_exps.weight",1,8,232,53 141 222 132 140 45 225 62
26,"blk.26.ffn_up_exps.weight",1,8,232,53 141 222 132 140 45 225 62
26,"blk.26.ffn_down_exps.weight",1,8,232,53 141 222 132 140 45 225 62
27,"blk.27.ffn_gate_exps.weight",1,8,232,80 88 120 23 112 128 202 199
27,"blk.27.ffn_up_exps.weight",1,8,232,80 88 120 23 112 128 202 199
27,"blk.27.ffn_down_exps.weight",1,8,232,80 88 120 23 112 128 202 199
0,"blk.0.ffn_gate_exps.weight",1,8,232,105 106 111 85 228 204 214 178
0,"blk.0.ffn_up_exps.weight",1,8,232,105 106 111 85 228 204 214 178
0,"blk.0.ffn_down_exps.weight",1,8,232,105 106 111 85 228 204 214 178
1,"blk.1.ffn_gate_exps.weight",1,8,232,192 139 93 190 94 180 121 194
1,"blk.1.ffn_up_exps.weight",1,8,232,192 139 93 190 94 180 121 194
1,"blk.1.ffn_down_exps.weight",1,8,232,192 139 93 190 94 180 121 194
2,"blk.2.ffn_gate_exps.weight",1,8,232,100 37 206 88 79 105 123 4
2,"blk.2.ffn_up_exps.weight",1,8,232,100 37 206 88 79 105 123 4
2,"blk.2.ffn_down_exps.weight",1,8,232,100 37 206 88 79 105 123 4
3,"blk.3.ffn_gate_exps.weight",1,8,232,75 95 93 194 22 137 223 108
3,"blk.3.ffn_up_exps.weight",1,8,232,75 95 93 194 22 137 223 108
3,"blk.3.ffn_down_exps.weight",1,8,232,75 95 93 194 22 137 223 108
4,"blk.4.ffn_gate_exps.weight",1,8,232,56 110 18 149 17 30 55 172
4,"blk.4.ffn_up_exps.weight",1,8,232,56 110 18 149 17 30 55 172
4,"blk.4.ffn_down_exps.weight",1,8,232,56 110 18 149 17 30 55 172
5,"blk.5.ffn_gate_exps.weight",1,8,232,133 146 98 28 204 45 97 229
5,"blk.5.ffn_up_exps.weight",1,8,232,133 146 98 28 204 45 97 229
5,"blk.5.ffn_down_exps.weight",1,8,232,133 146 98 28 204 45 97 229
6,"blk.6.ffn_gate_exps.weight",1,8,232,227 44 102 133 49 222 112 6
6,"blk.6.ffn_up_exps.weight",1,8,232,227 44 102 133 49 222 112 6
6,"blk.6.ffn_down_exps.weight",1,8,232,227 44 102 133 49 222 112 6
7,"blk.7.ffn_gate_exps.weight",1,8,232,142 226 121 162 138 160 107 129
7,"blk.7.ffn_up_exps.weight",1,8,232,142 226 121 162 138 160 107 129
7,"blk.7.ffn_down_exps.weight",1,8,232,142 226 121 162 138 160 107 129
8,"blk.8.ffn_gate_exps.weight",1,8,232,208 145 105 75 201 96 61 53
8,"blk.8.ffn_up_exps.weight",1,8,232,208 145 105 75 201 96 61 53
8,"blk.8.ffn_down_exps.weight",1,8,232,208 145 105 75 201 96 61 53
9,"blk.9.ffn_gate_exps.weight",1,8,232,149 22 146 97 187 61 47 144
9,"blk.9.ffn_up_exps.weight",1,8,232,149 22 146 97 187 61 47 144
9,"blk.9.ffn_down_exps.weight",1,8,232,149 22 146 97 187 61 47 144
10,"blk.10.ffn_gate_exps.weight",1,8,232,206 27 91 220 18 172 114 60
10,"blk.10.ffn_up_exps.weight",1,8,232,206 27 91 220 18 172 114 60
10,"blk.10.ffn_down_exps.weight",1,8,232,206 27 91 220 18 172 114 60
11,"blk.11.ffn_gate_exps.weight",1,8,232,69 164 96 125 150 114 121 53
11,"blk.11.ffn_up_exps.weight",1,8,232,69 164 96 125 150 114 121 53
11,"blk.11.ffn_down_exps.weight",1,8,232,69 164 96 125 150 114 121 53
12,"blk.12.ffn_gate_exps.weight",1,8,232,105 71 69 147 98 65 68 131
12,"blk.12.ffn_up_exps.weight",1,8,232,105 71 69 147 98 65 68 131
12,"blk.12.ffn_down_exps.weight",1,8,232,105 71 69 147 98 65 68 131
13,"blk.13.ffn_gate_exps.weight",1,8,232,126 66 113 225 132 50 144 136
13,"blk.13.ffn_up_exps.weight",1,8,232,126 66 113 225 132 50 144 136
13,"blk.13.ffn_down_exps.weight",1,8,232,126 66 113 225 132 50 144 136
14,"blk.14.ffn_gate_exps.weight",1,8,232,107 137 55 173 205 143 206 156
14,"blk.14.ffn_up_exps.weight",1,8,232,107 137 55 173 205 143 206 156
14,"blk.14.ffn_down_exps.weight",1,8,232,107 137 55 173 205 143 206 156
15,"blk.15.ffn_gate_exps.weight",1,8,232,186 86 200 231 72 6 130 27
15,"blk.15.ffn_up_exps.weight",1,8,232,186 86 200 231 72 6 130 27
15,"blk.15.ffn_down_exps.weight",1,8,232,186 86 200 231 72 6 130 27
16,"blk.16.ffn_gate_exps.weight",1,8,232,142 136 144 77 113 55 196 21
16,"blk.16.ffn_up_exps.weight",1,8,232,142 136 144 77 113 55 196 21
16,"blk.16.ffn_down_exps.weight",1,8,232,142 136 144 77 113 55 196 21
17,"blk.17.ffn_gate_exps.weight",1,8,232,24 61 73 148 214 123 26 152
17,"blk.17.ffn_up_exps.weight",1,8,232,24 61 73 148 214 123 26 152
17,"blk.17.ffn_down_exps.weight",1,8,232,24 61 73 148 214 123 26 152
18,"blk.18.ffn_gate_exps.weight",1,8,232,119 140 136 86 208 163 211 141
18,"blk.18.ffn_up_exps.weight",1,8,232,119 140 136 86 208 163 211 141
18,"blk.18.ffn_down_exps.weight",1,8,232,119 140 136 86 208 163 211 141
19,"blk.19.ffn_gate_exps.weight",1,8,232,100 191 196 226 108 182 120 180
19,"blk.19.ffn_up_exps.weight",1,8,232,100 191 196 226 108 182 120 180
19,"blk.19.ffn_down_exps.weight",1,8,232,100 191 196 226 108 182 120 180
20,"blk.20.ffn_gate_exps.weight",1,8,232,59 198 111 118 180 182 220 45
20,"blk.20.ffn_up_exps.weight",1,8,232,59 198 111 118 180 182 220 45
20,"blk.20.ffn_down_exps.weight",1,8,232,59 198 111 118 180 182 220 45
21,"blk.21.ffn_gate_exps.weight",1,8,232,199 204 75 69 58 154 97 169
21,"blk.21.ffn_up_exps.weight",1,8,232,199 204 75 69 58 154 97 169
21,"blk.21.ffn_down_exps.weight",1,8,232,199 204 75 69 58 154 97 169
22,"blk.22.ffn_gate_exps.weight",1,8,232,2 54 15 78 84 76 163 114
22,"blk.22.ffn_up_exps.weight",1,8,232,2 54 15 78 84 76 163 114
22,"blk.22.ffn_down_exps.weight",1,8,232,2 54 15 78 84 76 163 114
23,"blk.23.ffn_gate_exps.weight",1,8,232,61 69 94 122 126 205 171 74
23,"blk.23.ffn_up_exps.weight",1,8,232,61 69 94 122 126 205 171 74
23,"blk.23.ffn_down_exps.weight",1,8,232,61 69 94 122 126 205 171 74
24,"blk.24.ffn_gate_exps.weight",1,8,232,100 189 44 171 15 219 127 194
24,"blk.24.ffn_up_exps.weight",1,8,232,100 189 44 171 15 219 127 194
24,"blk.24.ffn_down_exps.weight",1,8,232,100 189 44 171 15 219 127 194
25,"blk.25.ffn_gate_exps.weight",1,8,232,76 199 63 155 23 85 105 130
25,"blk.25.ffn_up_exps.weight",1,8,232,76 199 63 155 23 85 105 130
25,"blk.25.ffn_down_exps.weight",1,8,232,76 199 63 155 23 85 105 130
26,"blk.26.ffn_gate_exps.weight",1,8,232,149 190 44 209 6 137 111 163
26,"blk.26.ffn_up_exps.weight",1,8,232,149 190 44 209 6 137 111 163
26,"blk.26.ffn_down_exps.weight",1,8,232,149 190 44 209 6 137 111 163
27,"blk.27.ffn_gate_exps.weight",1,8,232,65 178 35 166 225 52 67 0
27,"blk.27.ffn_up_exps.weight",1,8,232,65 178 35 166 225 52 67 0
27,"blk.27.ffn_down_exps.weight",1,8,232,65 178 35 166 225 52 67 0
0,"blk.0.ffn_gate_exps.weight",1,8,232,27 80 46 56 218 187 15 43
0,"blk.0.ffn_up_exps.weight",1,8,232,27 80 46 56 218 187 15 43
0,"blk.0.ffn_down_exps.weight",1,8,232,27 80 46 56 218 187 15 43
1,"blk.1.ffn_gate_exps.weight",1,8,232,220 127 105 150 122 149 64 129
1,"blk.1.ffn_up_exps.weight",1,8,232,220 127 105 150 122 149 64 129
1,"blk.1.ffn_down_exps.weight",1,8,232,220 127 105 150 122 149 64 129
2,"blk.2.ffn_gate_exps.weight",1,8,232,134 40 46 165 65 215 45 188
2,"blk.2.ffn_up_exps.weight",1,8,232,134 40 46 165 65 215 45 188
2,"blk.2.ffn_down_exps.weight",1,8,232,134 40 46 165 65 215 45 188
3,"blk.3.ffn_gate_exps.weight",1,8,232,146 82 23 65 87 185 127 201
3,"blk.3.ffn_up_exps.weight",1,8,232,146 82 23 65 87 185 127 201
3,"blk.3.ffn_down_exps.weight",1,8,232,146 82 23 65 87 185 127 201
4,"blk.4.ffn_gate_exps.weight",1,8,232,50 64 225 54 13 90 39 125
4,"blk.4.ffn_up_exps.weight",1,8,232,50 64 225 54 13 90 39 125
4,"blk.4.ffn_down_exps.weight",1,8,232,50 64 225 54 13 90 39 125
5,"blk.5.ffn_gate_exps.weight",1,8,232,95 194 205 193 14 126 166 227
5,"blk.5.ffn_up_exps.weight",1,8,232,95 194 205 193 14 126 166 227
5,"blk.5.ffn_down_exps.weight",1,8,232,95 194 205 193 14 126 166 227
6,"blk.6.ffn_gate_exps.weight",1,8,232,226 109 201 183 176 13 72 19
6,"blk.6.ffn_up_exps.weight",1,8,232,226 109 201 183 176 13 72 19
6,"blk.6.ffn_down_exps.weight",1,8,232,226 109 201 183 176 13 72 19
7,"blk.7.ffn_gate_exps.weight",1,8,232,225 89 100 216 140 87 126 199
7,"blk.7.ffn_up_exps.weight",1,8,232,225 89 100 216 140 87 126 199
7,"blk.7.ffn_down_exps.weight",1,8,232,225 89 100 216 140 87 126 199
8,"blk.8.ffn_gate_exps.weight",1,8,232,223 95 61 7 22 48 218 82
8,"blk.8.ffn_up_exps.weight",1,8,232,223 95 61 7 22 48 218 82
8,"blk.8.ffn_down_exps.weight",1,8,232,223 95 61 7 22 48 218 82
9,"blk.9.ffn_gate_exps.weight",1,8,232,142 81 182 133 162 155 175 139
9,"blk.9.ffn_up_exps.weight",1,8,232,142 81 182 133 162 155 175 139
9,"blk.9.ffn_down_exps.weight",1,8,232,142 81 182 133 162 155 175 139
10,"blk.10.ffn_gate_exps.weight",1,8,232,95 55 155 101 170 137 218 102
10,"blk.10.ffn_up_exps.weight",1,8,232,95 55 155 101 170 137 218 102
10,"blk.10.ffn_down_exps.weight",1,8,232,95 55 155 101 170 137 218 102
11,"blk.11.ffn_gate_exps.weight",1,8,232,125 143 161 59 144 131 210 63
11,"blk.11.ffn_up_exps.weight",1,8,232,125 143 161 59 144 131 210 63
11,"blk.11.ffn_down_exps.weight",1,8,232,125 143 161 59 144 131 210 63
12,"blk.12.ffn_gate_exps.weight",1,8,232,222 109 71 68 40 76 131 65
12,"blk.12.ffn_up_exps.weight",1,8,232,222 109 71 68 40 76 131 65
12,"blk.12.ffn_down_exps.weight",1,8,232,222 109 71 68 40 76 131 65
13,"blk.13.ffn_gate_exps.weight",1,8,232,142 84 116 18 144 159 50 81
13,"blk.13.ffn_up_exps.weight",1,8,232,142 84 116 18 144 159 50 81
13,"blk.13.ffn_down_exps.weight",1,8,232,142 84 116 18 144 159 50 81
14,"blk.14.ffn_gate_exps.weight",1,8,232,206 200 192 82 210 225 17 130
14,"blk.14.ffn_up_exps.weight",1,8,232,206 200 192 82 210 225 17 130
14,"blk.14.ffn_down_exps.weight",1,8,232,206 200 192 82 210 225 17 130
15,"blk.15.ffn_gate_exps.weight",1,8,232,158 181 183 134 59 44 27 192
15,"blk.15.ffn_up_exps.weight",1,8,232,158 181 183 134 59 44 27 192
15,"blk.15.ffn_down_exps.weight",1,8,232,158 181 183 134 59 44 27 192
16,"blk.16.ffn_gate_exps.weight",1,8,232,109 151 220 126 201 139 177 219
16,"blk.16.ffn_up_exps.weight",1,8,232,109 151 220 126 201 139 177 219
16,"blk.16.ffn_down_exps.weight",1,8,232,109 151 220 126 201 139 177 219
17,"blk.17.ffn_gate_exps.weight",1,8,232,109 79 102 15 166 203 116 106
17,"blk.17.ffn_up_exps.weight",1,8,232,109 79 102 15 166 203 116 106
17,"blk.17.ffn_down_exps.weight",1,8,232,109 79 102 15 166 203 116 106
18,"blk.18.ffn_gate_exps.weight",1,8,232,37 134 9 78 164 132 123 184
18,"blk.18.ffn_up_exps.weight",1,8,232,37 134 9 78 164 132 123 184
18,"blk.18.ffn_down_exps.weight",1,8,232,37 134 9 78 164 132 123 184
19,"blk.19.ffn_gate_exps.weight",1,8,232,183 117 107 103 116 137 99 35
19,"blk.19.ffn_up_exps.weight",1,8,232,183 117 107 103 116 137 99 35
19,"blk.19.ffn_down_exps.weight",1,8,232,183 117 107 103 116 137 99 35
20,"blk.20.ffn_gate_exps.weight",1,8,232,94 111 79 45 4 22 43 134
20,"blk.20.ffn_up_exps.weight",1,8,232,94 111 79 45 4 22 43 134
20,"blk.20.ffn_down_exps.weight",1,8,232,94 111 79 45 4 22 43 134
21,"blk.21.ffn_gate_exps.weight",1,8,232,118 122 149 66 134 153 219 110
21,"blk.21.ffn_up_exps.weight",1,8,232,118 122 149 66 134 153 219 110
21,"blk.21.ffn_down_exps.weight",1,8,232,118 122 149 66 134 153 219 110
22,"blk.22.ffn_gate_exps.weight",1,8,232,106 41 166 220 27 118 131 227
22,"blk.22.ffn_up_exps.weight",1,8,232,106 41 166 220 27 118 131 227
22,"blk.22.ffn_down_exps.weight",1,8,232,106 41 166 220 27 118 131 227
23,"blk.23.ffn_gate_exps.weight",1,8,232,229 94 220 84 181 9 207 212
23,"blk.23.ffn_up_exps.weight",1,8,232,229 94 220 84 181 9 207 212
23,"blk.23.ffn_down_exps.weight",1,8,232,229 94 220 84 181 9 207 212
24,"blk.24.ffn_gate_exps.weight",1,8,232,53 72 119 55 150 15 100 34
24,"blk.24.ffn_up_exps.weight",1,8,232,53 72 119 55 150 15 100 34
24,"blk.24.ffn_down_exps.weight",1,8,232,53 72 119 55 150 15 100 34
25,"blk.25.ffn_gate_exps.weight",1,8,232,112 31 132 179 103 98 0 129
25,"blk.25.ffn_up_exps.weight",1,8,232,112 31 132 179 103 98 0 129
25,"blk.25.ffn_down_exps.weight",1,8,232,112 31 132 179 103 98 0 129
26,"blk.26.ffn_gate_exps.weight",1,8,232,141 132 151 117 191 23 222 59
26,"blk.26.ffn_up_exps.weight",1,8,232,141 132 151 117 191 23 222 59
26,"blk.26.ffn_down_exps.weight",1,8,232,141 132 151 117 191 23 222 59
27,"blk.27.ffn_gate_exps.weight",1,8,232,35 48 23 190 166 199 140 80
27,"blk.27.ffn_up_exps.weight",1,8,232,35 48 23 190 166 199 140 80
27,"blk.27.ffn_down_exps.weight",1,8,232,35 48 23 190 166 199 140 80
0,"blk.0.ffn_gate_exps.weight",1,8,232,153 52 111 114 38 90 70 226
0,"blk.0.ffn_up_exps.weight",1,8,232,153 52 111 114 38 90 70 226
0,"blk.0.ffn_down_exps.weight",1,8,232,153 52 111 114 38 90 70 226
1,"blk.1.ffn_gate_exps.weight",1,8,232,121 193 142 65 192 190 225 41
1,"blk.1.ffn_up_exps.weight",1,8,232,121 193 142 65 192 190 225 41
1,"blk.1.ffn_down_exps.weight",1,8,232,121 193 142 65 192 190 225 41
2,"blk.2.ffn_gate_exps.weight",1,8,232,4 224 105 120 183 29 193 91
2,"blk.2.ffn_up_exps.weight",1,8,232,4 224 105 120 183 29 193 91
2,"blk.2.ffn_down_exps.weight",1,8,232,4 224 105 120 183 29 193 91
3,"blk.3.ffn_gate_exps.weight",1,8,232,72 59 123 102 67 137 196 92
3,"blk.3.ffn_up_exps.weight",1,8,232,72 59 123 102 67 137 196 92
3,"blk.3.ffn_down_exps.weight",1,8,232,72 59 123 102 67 137 196 92
4,"blk.4.ffn_gate_exps.weight",1,8,232,55 65 200 52 31 162 185 29
4,"blk.4.ffn_up_exps.weight",1,8,232,55 65 200 52 31 162 185 29
4,"blk.4.ffn_down_exps.weight",1,8,232,55 65 200 52 31 162 185 29
5,"blk.5.ffn_gate_exps.weight",1,8,232,75 175 129 166 27 104 24 55
5,"blk.5.ffn_up_exps.weight",1,8,232,75 175 129 166 27 104 24 55
5,"blk.5.ffn_down_exps.weight",1,8,232,75 175 129 166 27 104 24 55
6,"blk.6.ffn_gate_exps.weight",1,8,232,184 89 65 63 181 215 60 35
6,"blk.6.ffn_up_exps.weight",1,8,232,184 89 65 63 181 215 60 35
6,"blk.6.ffn_down_exps.weight",1,8,232,184 89 65 63 181 215 60 35
7,"blk.7.ffn_gate_exps.weight",1,8,232,115 112 3 176 194 94 58 30
7,"blk.7.ffn_up_exps.weight",1,8,232,115 112 3 176 194 94 58 30
7,"blk.7.ffn_down_exps.weight",1,8,232,115 112 3 176 194 94 58 30
8,"blk.8.ffn_gate_exps.weight",1,8,232,94 18 63 30 226 166 47 170
8,"blk.8.ffn_up_exps.weight",1,8,232,94 18 63 30 226 166 47 170
8,"blk.8.ffn_down_exps.weight",1,8,232,94 18 63 30 226 166 47 170
9,"blk.9.ffn_gate_exps.weight",1,8,232,112 62 173 202 0 215 214 46
9,"blk.9.ffn_up_exps.weight",1,8,232,112 62 173 202 0 215 214 46
9,"blk.9.ffn_down_exps.weight",1,8,232,112 62 173 202 0 215 214 46
10,"blk.10.ffn_gate_exps.weight",1,8,232,42 93 12 92 186 83 190 172
10,"blk.10.ffn_up_exps.weight",1,8,232,42 93 12 92 186 83 190 172
10,"blk.10.ffn_down_exps.weight",1,8,232,42 93 12 92 186 83 190 172
11,"blk.11.ffn_gate_exps.weight",1,8,232,191 117 165 35 105 65 133 134
11,"blk.11.ffn_up_exps.weight",1,8,232,191 117 165 35 105 65 133 134
11,"blk.11.ffn_down_exps.weight",1,8,232,191 117 165 35 105 65 133 134
12,"blk.12.ffn_gate_exps.weight",1,8,232,119 195 94 203 202 169 102 111
12,"blk.12.ffn_up_exps.weight",1,8,232,119 195 94 203 202 169 102 111
12,"blk.12.ffn_down_exps.weight",1,8,232,119 195 94 203 202 169 102 111
13,"blk.13.ffn_gate_exps.weight",1,8,232,47 149 63 93 190 204 77 14
13,"blk.13.ffn_up_exps.weight",1,8,232,47 149 63 93 190 204 77 14
13,"blk.13.ffn_down_exps.weight",1,8,232,47 149 63 93 190 204 77 14
14,"blk.14.ffn_gate_exps.weight",1,8,232,99 84 179 155 167 141 173 120
14,"blk.14.ffn_up_exps.weight",1,8,232,99 84 179 155 167 141 173 120
14,"blk.14.ffn_down_exps.weight",1,8,232,99 84 179 155 167 141 173 120
15,"blk.15.ffn_gate_exps.weight",1,8,232,142 148 18 121 161 116 204 171
15,"blk.15.ffn_up_exps.weight",1,8,232,142 148 18 121 161 116 204 171
15,"blk.15.ffn_down_exps.weight",1,8,232,142 148 18 121 161 116 204 171
16,"blk.16.ffn_gate_exps.weight",1,8,232,191 5 60 97 62 102 147 39
16,"blk.16.ffn_up_exps.weight",1,8,232,191 5 60 97 62 102 147 39
16,"blk.16.ffn_down_exps.weight",1,8,232,191 5 60 97 62 102 147 39
17,"blk.17.ffn_gate_exps.weight",1,8,232,23 117 158 126 99 52 94 55
17,"blk.17.ffn_up_exps.weight",1,8,232,23 117 158 126 99 52 94 55
17,"blk.17.ffn_down_exps.weight",1,8,232,23 117 158 126 99 52 94 55
18,"blk.18.ffn_gate_exps.weight",1,8,232,174 131 202 24 207 203 33 209
18,"blk.18.ffn_up_exps.weight",1,8,232,174 131 202 24 207 203 33 209
18,"blk.18.ffn_down_exps.weight",1,8,232,174 131 202 24 207 203 33 209
19,"blk.19.ffn_gate_exps.weight",1,8,232,39 197 48 43 92 60 214 153
19,"blk.19.ffn_up_exps.weight",1,8,232,39 197 48 43 92 60 214 153
19,"blk.19.ffn_down_exps.weight",1,8,232,39 197 48 43 92 60 214 153
20,"blk.20.ffn_gate_exps.weight",1,8,232,39 20 73 130 165 119 43 155
20,"blk.20.ffn_up_exps.weight",1,8,232,39 20 73 130 165 119 43 155
20,"blk.20.ffn_down_exps.weight",1,8,232,39 20 73 130 165 119 43 155
21,"blk.21.ffn_gate_exps.weight",1,8,232,42 198 205 168 30 4 11 89
21,"blk.21.ffn_up_exps.weight",1,8,232,42 198 205 168 30 4 11 89
21,"blk.21.ffn_down_exps.weight",1,8,232,42 198 205 168 30 4 11 89
22,"blk.22.ffn_gate_exps.weight",1,8,232,191 38 41 99 205 102 182 166
22,"blk.22.ffn_up_exps.weight",1,8,232,191 38 41 99 205 102 182 166
22,"blk.22.ffn_down_exps.weight",1,8,232,191 38 41 99 205 102 182 166
23,"blk.23.ffn_gate_exps.weight",1,8,232,102 0 231 58 157 84 181 145
23,"blk.23.ffn_up_exps.weight",1,8,232,102 0 231 58 157 84 181 145
23,"blk.23.ffn_down_exps.weight",1,8,232,102 0 231 58 157 84 181 145
24,"blk.24.ffn_gate_exps.weight",1,8,232,37 172 143 175 167 78 214 40
24,"blk.24.ffn_up_exps.weight",1,8,232,37 172 143 175 167 78 214 40
24,"blk.24.ffn_down_exps.weight",1,8,232,37 172 143 175 167 78 214 40
25,"blk.25.ffn_gate_exps.weight",1,8,232,31 102 112 110 171 231 151 180
25,"blk.25.ffn_up_exps.weight",1,8,232,31 102 112 110 171 231 151 180
25,"blk.25.ffn_down_exps.weight",1,8,232,31 102 112 110 171 231 151 180
26,"blk.26.ffn_gate_exps.weight",1,8,232,132 184 182 141 140 72 91 159
26,"blk.26.ffn_up_exps.weight",1,8,232,132 184 182 141 140 72 91 159
26,"blk.26.ffn_down_exps.weight",1,8,232,132 184 182 141 140 72 91 159
27,"blk.27.ffn_gate_exps.weight",1,8,232,106 29 202 75 177 161 158 205
27,"blk.27.ffn_up_exps.weight",1,8,232,106 29 202 75 177 161 158 205
27,"blk.27.ffn_down_exps.weight",1,8,232,106 29 202 75 177 161 158 205
0,"blk.0.ffn_gate_exps.weight",1,8,232,147 34 190 225 15 104 201 183
0,"blk.0.ffn_up_exps.weight",1,8,232,147 34 190 225 15 104 201 183
0,"blk.0.ffn_down_exps.weight",1,8,232,147 34 190 225 15 104 201 183
1,"blk.1.ffn_gate_exps.weight",1,8,232,139 199 27 169 180 128 224 96
1,"blk.1.ffn_up_exps.weight",1,8,232,139 199 27 169 180 128 224 96
1,"blk.1.ffn_down_exps.weight",1,8,232,139 199 27 169 180 128 224 96
2,"blk.2.ffn_gate_exps.weight",1,8,232,48 100 206 19 47 218 91 146
2,"blk.2.ffn_up_exps.weight",1,8,232,48 100 206 19 47 218 91 146
2,"blk.2.ffn_down_exps.weight",1,8,232,48 100 206 19 47 218 91 146
3,"blk.3.ffn_gate_exps.weight",1,8,232,75 194 133 192 215 93 149 138
3,"blk.3.ffn_up_exps.weight",1,8,232,75 194 133 192 215 93 149 138
3,"blk.3.ffn_down_exps.weight",1,8,232,75 194 133 192 215 93 149 138
4,"blk.4.ffn_gate_exps.weight",1,8,232,110 133 191 149 56 223 62 11
4,"blk.4.ffn_up_exps.weight",1,8,232,110 133 191 149 56 223 62 11
4,"blk.4.ffn_down_exps.weight",1,8,232,110 133 191 149 56 223 62 11
5,"blk.5.ffn_gate_exps.weight",1,8,232,98 97 201 204 2 24 25 133
5,"blk.5.ffn_up_exps.weight",1,8,232,98 97 201 204 2 24 25 133
5,"blk.5.ffn_down_exps.weight",1,8,232,98 97 201 204 2 24 25 133
6,"blk.6.ffn_gate_exps.weight",1,8,232,194 102 44 195 116 24 222 147
6,"blk.6.ffn_up_exps.weight",1,8,232,194 102 44 195 116 24 222 147
6,"blk.6.ffn_down_exps.weight",1,8,232,194 102 44 195 116 24 222 147
7,"blk.7.ffn_gate_exps.weight",1,8,232,162 121 138 87 75 142 160 51
7,"blk.7.ffn_up_exps.weight",1,8,232,162 121 138 87 75 142 160 51
7,"blk.7.ffn_down_exps.weight",1,8,232,162 121 138 87 75 142 160 51
8,"blk.8.ffn_gate_exps.weight",1,8,232,11 145 206 105 217 57 215 207
8,"blk.8.ffn_up_exps.weight",1,8,232,11 145 206 105 217 57 215 207
8,"blk.8.ffn_down_exps.weight",1,8,232,11 145 206 105 217 57 215 207
9,"blk.9.ffn_gate_exps.weight",1,8,232,142 71 47 201 125 193 204 150
9,"blk.9.ffn_up_exps.weight",1,8,232,142 71 47 201 125 193 204 150
9,"blk.9.ffn_down_exps.weight",1,8,232,142 71 47 201 125 193 204 150
10,"blk.10.ffn_gate_exps.weight",1,8,232,159 72 55 111 170 113 122 6
10,"blk.10.ffn_up_exps.weight",1,8,232,159 72 55 111 170 113 122 6
10,"blk.10.ffn_down_exps.weight",1,8,232,159 72 55 111 170 113 122 6
11,"blk.11.ffn_gate_exps.weight",1,8,232,157 125 87 112 107 121 184 19
11,"blk.11.ffn_up_exps.weight",1,8,232,157 125 87 112 107 121 184 19
11,"blk.11.ffn_down_exps.weight",1,8,232,157 125 87 112 107 121 184 19
12,"blk.12.ffn_gate_exps.weight",1,8,232,34 68 194 161 82 109 51 65
12,"blk.12.ffn_up_exps.weight",1,8,232,34 68 194 161 82 109 51 65
12,"blk.12.ffn_down_exps.weight",1,8,232,34 68 194 161 82 109 51 65
13,"blk.13.ffn_gate_exps.weight",1,8,232,65 50 7 144 142 81 126 18
13,"blk.13.ffn_up_exps.weight",1,8,232,65 50 7 144 142 81 126 18
13,"blk.13.ffn_down_exps.weight",1,8,232,65 50 7 144 142 81 126 18
14,"blk.14.ffn_gate_exps.weight",1,8,232,107 223 82 208 69 156 206 225
14,"blk.14.ffn_up_exps.weight",1,8,232,107 223 82 208 69 156 206 225
14,"blk.14.ffn_down_exps.weight",1,8,232,107 223 82 208 69 156 206 225
15,"blk.15.ffn_gate_exps.weight",1,8,232,229 228 183 194 192 80 27 55
15,"blk.15.ffn_up_exps.weight",1,8,232,229 228 183 194 192 80 27 55
15,"blk.15.ffn_down_exps.weight",1,8,232,229 228 183 194 192 80 27 55
16,"blk.16.ffn_gate_exps.weight",1,8,232,58 50 170 126 208 139 107 220
16,"blk.16.ffn_up_exps.weight",1,8,232,58 50 170 126 208 139 107 220
16,"blk.16.ffn_down_exps.weight",1,8,232,58 50 170 126 208 139 107 220
17,"blk.17.ffn_gate_exps.weight",1,8,232,140 150 219 159 196 102 181 26
17,"blk.17.ffn_up_exps.weight",1,8,232,140 150 219 159 196 102 181 26
17,"blk.17.ffn_down_exps.weight",1,8,232,140 150 219 159 196 102 181 26
18,"blk.18.ffn_gate_exps.weight",1,8,232,211 9 146 121 163 85 54 56
18,"blk.18.ffn_up_exps.weight",1,8,232,211 9 146 121 163 85 54 56
18,"blk.18.ffn_down_exps.weight",1,8,232,211 9 146 121 163 85 54 56
19,"blk.19.ffn_gate_exps.weight",1,8,232,191 110 126 42 33 88 59 143
19,"blk.19.ffn_up_exps.weight",1,8,232,191 110 126 42 33 88 59 143
19,"blk.19.ffn_down_exps.weight",1,8,232,191 110 126 42 33 88 59 143
20,"blk.20.ffn_gate_exps.weight",1,8,232,124 201 95 182 87 26 170 75
20,"blk.20.ffn_up_exps.weight",1,8,232,124 201 95 182 87 26 170 75
20,"blk.20.ffn_down_exps.weight",1,8,232,124 201 95 182 87 26 170 75
21,"blk.21.ffn_gate_exps.weight",1,8,232,39 44 140 143 169 116 215 161
21,"blk.21.ffn_up_exps.weight",1,8,232,39 44 140 143 169 116 215 161
21,"blk.21.ffn_down_exps.weight",1,8,232,39 44 140 143 169 116 215 161
22,"blk.22.ffn_gate_exps.weight",1,8,232,45 55 78 80 27 184 167 23
22,"blk.22.ffn_up_exps.weight",1,8,232,45 55 78 80 27 184 167 23
22,"blk.22.ffn_down_exps.weight",1,8,232,45 55 78 80 27 184 167 23
23,"blk.23.ffn_gate_exps.weight",1,8,232,229 27 205 57 130 84 39 61
23,"blk.23.ffn_up_exps.weight",1,8,232,229 27 205 57 130 84 39 61
23,"blk.23.ffn_down_exps.weight",1,8,232,229 27 205 57 130 84 39 61
24,"blk.24.ffn_gate_exps.weight",1,8,232,44 171 81 114 29 8 124 86
24,"blk.24.ffn_up_exps.weight",1,8,232,44 171 81 114 29 8 124 86
24,"blk.24.ffn_down_exps.weight",1,8,232,44 171 81 114 29 8 124 86
25,"blk.25.ffn_gate_exps.weight",1,8,232,124 193 103 185 146 99 199 98
25,"blk.25.ffn_up_exps.weight",1,8,232,124 193 103 185 146 99 199 98
25,"blk.25.ffn_down_exps.weight",1,8,232,124 193 103 185 146 99 199 98
26,"blk.26.ffn_gate_exps.weight",1,8,232,143 136 28 203 137 22 206 95
26,"blk.26.ffn_up_exps.weight",1,8,232,143 136 28 203 137 22 206 95
26,"blk.26.ffn_down_exps.weight",1,8,232,143 136 28 203 137 22 206 95
27,"blk.27.ffn_gate_exps.weight",1,8,232,24 178 37 194 35 49 128 120
27,"blk.27.ffn_up_exps.weight",1,8,232,24 178 37 194 35 49 128 120
27,"blk.27.ffn_down_exps.weight",1,8,232,24 178 37 194 35 49 128 120
0,"blk.0.ffn_gate_exps.weight",1,8,232,80 197 176 56 120 115 42 143
0,"blk.0.ffn_up_exps.weight",1,8,232,80 197 176 56 120 115 42 143
0,"blk.0.ffn_down_exps.weight",1,8,232,80 197 176 56 120 115 42 143
1,"blk.1.ffn_gate_exps.weight",1,8,232,140 99 125 72 55 117 178 174
1,"blk.1.ffn_up_exps.weight",1,8,232,140 99 125 72 55 117 178 174
1,"blk.1.ffn_down_exps.weight",1,8,232,140 99 125 72 55 117 178 174
2,"blk.2.ffn_gate_exps.weight",1,8,232,45 55 26 128 218 204 118 185
2,"blk.2.ffn_up_exps.weight",1,8,232,45 55 26 128 218 204 118 185
2,"blk.2.ffn_down_exps.weight",1,8,232,45 55 26 128 218 204 118 185
3,"blk.3.ffn_gate_exps.weight",1,8,232,80 6 66 11 33 45 182 91
3,"blk.3.ffn_up_exps.weight",1,8,232,80 6 66 11 33 45 182 91
3,"blk.3.ffn_down_exps.weight",1,8,232,80 6 66 11 33 45 182 91
4,"blk.4.ffn_gate_exps.weight",1,8,232,60 35 132 144 190 43 2 166
4,"blk.4.ffn_up_exps.weight",1,8,232,60 35 132 144 190 43 2 166
4,"blk.4.ffn_down_exps.weight",1,8,232,60 35 132 144 190 43 2 166
5,"blk.5.ffn_gate_exps.weight",1,8,232,194 167 68 202 139 204 113 62
5,"blk.5.ffn_up_exps.weight",1,8,232,194 167 68 202 139 204 113 62
5,"blk.5.ffn_down_exps.weight",1,8,232,194 167 68 202 139 204 113 62
6,"blk.6.ffn_gate_exps.weight",1,8,232,150 49 227 133 110 208 180 194
6,"blk.6.ffn_up_exps.weight",1,8,232,150 49 227 133 110 208 180 194
6,"blk.6.ffn_down_exps.weight",1,8,232,150 49 227 133 110 208 180 194
7,"blk.7.ffn_gate_exps.weight",1,8,232,61 107 57 134 129 69 121 190
7,"blk.7.ffn_up_exps.weight",1,8,232,61 107 57 134 129 69 121 190
7,"blk.7.ffn_down_exps.weight",1,8,232,61 107 57 134 129 69 121 190
8,"blk.8.ffn_gate_exps.weight",1,8,232,142 208 105 92 10 53 36 90
8,"blk.8.ffn_up_exps.weight",1,8,232,142 208 105 92 10 53 36 90
8,"blk.8.ffn_down_exps.weight",1,8,232,142 208 105 92 10 53 36 90
9,"blk.9.ffn_gate_exps.weight",1,8,232,149 47 22 120 97 65 71 21
9,"blk.9.ffn_up_exps.weight",1,8,232,149 47 22 120 97 65 71 21
9,"blk.9.ffn_down_exps.weight",1,8,232,149 47 22 120 97 65 71 21
10,"blk.10.ffn_gate_exps.weight",1,8,232,120 27 6 113 174 170 55 183
10,"blk.10.ffn_up_exps.weight",1,8,232,120 27 6 113 174 170 55 183
10,"blk.10.ffn_down_exps.weight",1,8,232,120 27 6 113 174 170 55 183
11,"blk.11.ffn_gate_exps.weight",1,8,232,125 87 175 229 69 96 57 114
11,"blk.11.ffn_up_exps.weight",1,8,232,125 87 175 229 69 96 57 114
11,"blk.11.ffn_down_exps.weight",1,8,232,125 87 175 229 69 96 57 114
12,"blk.12.ffn_gate_exps.weight",1,8,232,114 147 136 86 21 68 19 142
12,"blk.12.ffn_up_exps.weight",1,8,232,114 147 136 86 21 68 19 142
12,"blk.12.ffn_down_exps.weight",1,8,232,114 147 136 86 21 68 19 142
13,"blk.13.ffn_gate_exps.weight",1,8,232,126 197 142 146 46 144 81 84
13,"blk.13.ffn_up_exps.weight",1,8,232,126 197 142 146 46 144 81 84
13,"blk.13.ffn_down_exps.weight",1,8,232,126 197 142 146 46 144 81 84
14,"blk.14.ffn_gate_exps.weight",1,8,232,107 82 156 55 4 192 65 206
14,"blk.14.ffn_up_exps.weight",1,8,232,107 82 156 55 4 192 65 206
14,"blk.14.ffn_down_exps.weight",1,8,232,107 82 156 55 4 192 65 206
15,"blk.15.ffn_gate_exps.weight",1,8,232,86 6 186 61 72 200 160 28
15,"blk.15.ffn_up_exps.weight",1,8,232,86 6 186 61 72 200 160 28
15,"blk.15.ffn_down_exps.weight",1,8,232,86 6 186 61 72 200 160 28
16,"blk.16.ffn_gate_exps.weight",1,8,232,142 136 77 10 131 29 40 21
16,"blk.16.ffn_up_exps.weight",1,8,232,142 136 77 10 131 29 40 21
16,"blk.16.ffn_down_exps.weight",1,8,232,142 136 77 10 131 29 40 21
17,"blk.17.ffn_gate_exps.weight",1,8,232,140 150 61 123 19 102 207 26
17,"blk.17.ffn_up_exps.weight",1,8,232,140 150 61 123 19 102 207 26
17,"blk.17.ffn_down_exps.weight",1,8,232,140 150 61 123 19 102 207 26
18,"blk.18.ffn_gate_exps.weight",1,8,232,140 177 136 219 149 128 23 141
18,"blk.18.ffn_up_exps.weight",1,8,232,140 177 136 219 149 128 23 141
18,"blk.18.ffn_down_exps.weight",1,8,232,140 177 136 219 149 128 23 141
19,"blk.19.ffn_gate_exps.weight",1,8,232,100 196 219 213 187 224 116 179
19,"blk.19.ffn_up_exps.weight",1,8,232,100 196 219 213 187 224 116 179
19,"blk.19.ffn_down_exps.weight",1,8,232,100 196 219 213 187 224 116 179
20,"blk.20.ffn_gate_exps.weight",1,8,232,59 21 118 75 58 64 45 148
20,"blk.20.ffn_up_exps.weight",1,8,232,59 21 118 75 58 64 45 148
20,"blk.20.ffn_down_exps.weight",1,8,232,59 21 118 75 58 64 45 148
21,"blk.21.ffn_gate_exps.weight",1,8,232,45 58 97 203 207 140 169 199
21,"blk.21.ffn_up_exps.weight",1,8,232,45 58 97 203 207 140 169 199
21,"blk.21.ffn_down_exps.weight",1,8,232,45 58 97 203 207 140 169 199
22,"blk.22.ffn_gate_exps.weight",1,8,232,54 80 148 57 184 27 118 78
22,"blk.22.ffn_up_exps.weight",1,8,232,54 80 148 57 184 27 118 78
22,"blk.22.ffn_down_exps.weight",1,8,232,54 80 148 57 184 27 118 78
23,"blk.23.ffn_gate_exps.weight",1,8,232,15 202 205 229 230 183 61 171
23,"blk.23.ffn_up_exps.weight",1,8,232,15 202 205 229 230 183 61 171
23,"blk.23.ffn_down_exps.weight",1,8,232,15 202 205 229 230 183 61 171
24,"blk.24.ffn_gate_exps.weight",1,8,232,82 171 26 44 189 209 100 194
24,"blk.24.ffn_up_exps.weight",1,8,232,82 171 26 44 189 209 100 194
24,"blk.24.ffn_down_exps.weight",1,8,232,82 171 26 44 189 209 100 194
25,"blk.25.ffn_gate_exps.weight",1,8,232,76 130 99 23 105 210 33 17
25,"blk.25.ffn_up_exps.weight",1,8,232,76 130 99 23 105 210 33 17
25,"blk.25.ffn_down_exps.weight",1,8,232,76 130 99 23 105 210 33 17
26,"blk.26.ffn_gate_exps.weight",1,8,232,203 44 53 151 102 155 178 58
26,"blk.26.ffn_up_exps.weight",1,8,232,203 44 53 151 102 155 178 58
26,"blk.26.ffn_down_exps.weight",1,8,232,203 44 53 151 102 155 178 58
27,"blk.27.ffn_gate_exps.weight",1,8,232,65 144 35 87 84 153 89 193
27,"blk.27.ffn_up_exps.weight",1,8,232,65 144 35 87 84 153 89 193
27,"blk.27.ffn_down_exps.weight",1,8,232,65 144 35 87 84 153 89 193
0,"blk.0.ffn_gate_exps.weight",1,8,232,27 77 18 30 148 220 149 171
0,"blk.0.ffn_up_exps.weight",1,8,232,27 77 18 30 148 220 149 171
0,"blk.0.ffn_down_exps.weight",1,8,232,27 77 18 30 148 220 149 171
1,"blk.1.ffn_gate_exps.weight",1,8,232,54 140 50 125 127 172 74 164
1,"blk.1.ffn_up_exps.weight",1,8,232,54 140 50 125 127 172 74 164
1,"blk.1.ffn_down_exps.weight",1,8,232,54 140 50 125 127 172 74 164
2,"blk.2.ffn_gate_exps.weight",1,8,232,134 165 147 204 128 26 55 161
2,"blk.2.ffn_up_exps.weight",1,8,232,134 165 147 204 128 26 55 161
2,"blk.2.ffn_down_exps.weight",1,8,232,134 165 147 204 128 26 55 161
3,"blk.3.ffn_gate_exps.weight",1,8,232,146 6 33 11 174 158 127 82
3,"blk.3.ffn_up_exps.weight",1,8,232,146 6 33 11 174 158 127 82
3,"blk.3.ffn_down_exps.weight",1,8,232,146 6 33 11 174 158 127 82
4,"blk.4.ffn_gate_exps.weight",1,8,232,132 166 61 64 82 25 118 39
4,"blk.4.ffn_up_exps.weight",1,8,232,132 166 61 64 82 25 118 39
4,"blk.4.ffn_down_exps.weight",1,8,232,132 166 61 64 82 25 118 39
5,"blk.5.ffn_gate_exps.weight",1,8,232,167 78 95 205 113 193 190 180
5,"blk.5.ffn_up_exps.weight",1,8,232,167 78 95 205 113 193 190 180
5,"blk.5.ffn_down_exps.weight",1,8,232,167 78 95 205 113 193 190 180
6,"blk.6.ffn_gate_exps.weight",1,8,232,110 226 180 224 210 29 130 173
6,"blk.6.ffn_up_exps.weight",1,8,232,110 226 180 224 210 29 130 173
6,"blk.6.ffn_down_exps.weight",1,8,232,110 226 180 224 210 29 130 173
7,"blk.7.ffn_gate_exps.weight",1,8,232,225 140 125 35 89 139 142 87
7,"blk.7.ffn_up_exps.weight",1,8,232,225 140 125 35 89 139 142 87
7,"blk.7.ffn_down_exps.weight",1,8,232,225 140 125 35 89 139 142 87
8,"blk.8.ffn_gate_exps.weight",1,8,232,154 218 223 206 11 14 55 69
8,"blk.8.ffn_up_exps.weight",1,8,232,154 218 223 206 11 14 55 69
8,"blk.8.ffn_down_exps.weight",1,8,232,154 218 223 206 11 14 55 69
9,"blk.9.ffn_gate_exps.weight",1,8,232,125 81 45 193 29 22 67 14
9,"blk.9.ffn_up_exps.weight",1,8,232,125 81 45 193 29 22 67 14
9,"blk.9.ffn_down_exps.weight",1,8,232,125 81 45 193 29 22 67 14
10,"blk.10.ffn_gate_exps.weight",1,8,232,13 95 113 183 57 193 104 87
10,"blk.10.ffn_up_exps.weight",1,8,232,13 95 113 183 57 193 104 87
10,"blk.10.ffn_down_exps.weight",1,8,232,13 95 113 183 57 193 104 87
11,"blk.11.ffn_gate_exps.weight",1,8,232,125 154 59 69 159 63 144 210
11,"blk.11.ffn_up_exps.weight",1,8,232,125 154 59 69 159 63 144 210
11,"blk.11.ffn_down_exps.weight",1,8,232,125 154 59 69 159 63 144 210
12,"blk.12.ffn_gate_exps.weight",1,8,232,222 109 194 69 151 76 68 20
12,"blk.12.ffn_up_exps.weight",1,8,232,222 109 194 69 151 76 68 20
12,"blk.12.ffn_down_exps.weight",1,8,232,222 109 194 69 151 76 68 20
13,"blk.13.ffn_gate_exps.weight",1,8,232,144 18 65 126 81 84 50 142
13,"blk.13.ffn_up_exps.weight",1,8,232,144 18 65 126 81 84 50 142
13,"blk.13.ffn_down_exps.weight",1,8,232,144 18 65 126 81 84 50 142
14,"blk.14.ffn_gate_exps.weight",1,8,232,107 82 206 213 73 225 149 52
14,"blk.14.ffn_up_exps.weight",1,8,232,107 82 206 213 73 225 149 52
14,"blk.14.ffn_down_exps.weight",1,8,232,107 82 206 213 73 225 149 52
15,"blk.15.ffn_gate_exps.weight",1,8,232,158 79 183 44 51 228 193 55
15,"blk.15.ffn_up_exps.weight",1,8,232,158 79 183 44 51 228 193 55
15,"blk.15.ffn_down_exps.weight",1,8,232,158 79 183 44 51 228 193 55
16,"blk.16.ffn_gate_exps.weight",1,8,232,126 150 10 15 92 181 170 61
16,"blk.16.ffn_up_exps.weight",1,8,232,126 150 10 15 92 181 170 61
16,"blk.16.ffn_down_exps.weight",1,8,232,126 150 10 15 92 181 170 61
17,"blk.17.ffn_gate_exps.weight",1,8,232,65 203 223 157 109 140 150 63
17,"blk.17.ffn_up_exps.weight",1,8,232,65 203 223 157 109 140 150 63
17,"blk.17.ffn_down_exps.weight",1,8,232,65 203 223 157 109 140 150 63
18,"blk.18.ffn_gate_exps.weight",1,8,232,132 127 85 37 169 163 56 54
18,"blk.18.ffn_up_exps.weight",1,8,232,132 127 85 37 169 163 56 54
18,"blk.18.ffn_down_exps.weight",1,8,232,132 127 85 37 169 163 56 54
19,"blk.19.ffn_gate_exps.weight",1,8,232,25 189 137 107 35 134 224 116
19,"blk.19.ffn_up_exps.weight",1,8,232,25 189 137 107 35 134 224 116
19,"blk.19.ffn_down_exps.weight",1,8,232,25 189 137 107 35 134 224 116
20,"blk.20.ffn_gate_exps.weight",1,8,232,160 158 124 45 81 186 181 211
20,"blk.20.ffn_up_exps.weight",1,8,232,160 158 124 45 81 186 181 211
20,"blk.20.ffn_down_exps.weight",1,8,232,160 158 124 45 81 186 181 211
21,"blk.21.ffn_gate_exps.weight",1,8,232,115 126 71 85 207 45 87 66
21,"blk.21.ffn_up_exps.weight",1,8,232,115 126 71 85 207 45 87 66
21,"blk.21.ffn_down_exps.weight",1,8,232,115 126 71 85 207 45 87 66
22,"blk.22.ffn_gate_exps.weight",1,8,232,173 31 147 68 227 71 153 96
22,"blk.22.ffn_up_exps.weight",1,8,232,173 31 147 68 227 71 153 96
22,"blk.22.ffn_down_exps.weight",1,8,232,173 31 147 68 227 71 153 96
23,"blk.23.ffn_gate_exps.weight",1,8,232,180 139 31 109 50 40 229 23
23,"blk.23.ffn_up_exps.weight",1,8,232,180 139 31 109 50 40 229 23
23,"blk.23.ffn_down_exps.weight",1,8,232,180 139 31 109 50 40 229 23
24,"blk.24.ffn_gate_exps.weight",1,8,232,84 133 49 154 33 123 19 105
24,"blk.24.ffn_up_exps.weight",1,8,232,84 133 49 154 33 123 19 105
24,"blk.24.ffn_down_exps.weight",1,8,232,84 133 49 154 33 123 19 105
25,"blk.25.ffn_gate_exps.weight",1,8,232,100 7 6 33 200 21 106 130
25,"blk.25.ffn_up_exps.weight",1,8,232,100 7 6 33 200 21 106 130
25,"blk.25.ffn_down_exps.weight",1,8,232,100 7 6 33 200 21 106 130
26,"blk.26.ffn_gate_exps.weight",1,8,232,100 26 41 195 38 225 222 137
26,"blk.26.ffn_up_exps.weight",1,8,232,100 26 41 195 38 225 222 137
26,"blk.26.ffn_down_exps.weight",1,8,232,100 26 41 195 38 225 222 137
27,"blk.27.ffn_gate_exps.weight",1,8,232,199 162 193 120 184 9 166 15
27,"blk.27.ffn_up_exps.weight",1,8,232,199 162 193 120 184 9 166 15
27,"blk.27.ffn_down_exps.weight",1,8,232,199 162 193 120 184 9 166 15
0,"blk.0.ffn_gate_exps.weight",1,8,232,72 82 38 106 215 85 1 127
0,"blk.0.ffn_up_exps.weight",1,8,232,72 82 38 106 215 85 1 127
0,"blk.0.ffn_down_exps.weight",1,8,232,72 82 38 106 215 85 1 127
1,"blk.1.ffn_gate_exps.weight",1,8,232,85 191 190 121 25 160 36 182
1,"blk.1.ffn_up_exps.weight",1,8,232,85 191 190 121 25 160 36 182
1,"blk.1.ffn_down_exps.weight",1,8,232,85 191 190 121 25 160 36 182
2,"blk.2.ffn_gate_exps.weight",1,8,232,79 105 4 100 69 224 88 103
2,"blk.2.ffn_up_exps.weight",1,8,232,79 105 4 100 69 224 88 103
2,"blk.2.ffn_down_exps.weight",1,8,232,79 105 4 100 69 224 88 103
3,"blk.3.ffn_gate_exps.weight",1,8,232,67 59 85 72 151 92 137 45
3,"blk.3.ffn_up_exps.weight",1,8,232,67 59 85 72 151 92 137 45
3,"blk.3.ffn_down_exps.weight",1,8,232,67 59 85 72 151 92 137 45
4,"blk.4.ffn_gate_exps.weight",1,8,232,110 56 58 142 18 65 191 55
4,"blk.4.ffn_up_exps.weight",1,8,232,110 56 58 142 18 65 191 55
4,"blk.4.ffn_down_exps.weight",1,8,232,110 56 58 142 18 65 191 55
5,"blk.5.ffn_gate_exps.weight",1,8,232,166 207 194 229 185 0 178 41
5,"blk.5.ffn_up_exps.weight",1,8,232,166 207 194 229 185 0 178 41
5,"blk.5.ffn_down_exps.weight",1,8,232,166 207 194 229 185 0 178 41
6,"blk.6.ffn_gate_exps.weight",1,8,232,211 58 13 153 210 113 74 174
6,"blk.6.ffn_up_exps.weight",1,8,232,211 58 13 153 210 113 74 174
6,"blk.6.ffn_down_exps.weight",1,8,232,211 58 13 153 210 113 74 174
7,"blk.7.ffn_gate_exps.weight",1,8,232,187 227 10 160 167 1 137 188
7,"blk.7.ffn_up_exps.weight",1,8,232,187 227 10 160 167 1 137 188
7,"blk.7.ffn_down_exps.weight",1,8,232,187 227 10 160 167 1 137 188
8,"blk.8.ffn_gate_exps.weight",1,8,232,216 87 169 206 221 53 145 140
8,"blk.8.ffn_up_exps.weight",1,8,232,216 87 169 206 221 53 145 140
8,"blk.8.ffn_down_exps.weight",1,8,232,216 87 169 206 221 53 145 140
9,"blk.9.ffn_gate_exps.weight",1,8,232,22 174 142 63 201 175 54 163
9,"blk.9.ffn_up_exps.weight",1,8,232,22 174 142 63 201 175 54 163
9,"blk.9.ffn_down_exps.weight",1,8,232,22 174 142 63 201 175 54 163
10,"blk.10.ffn_gate_exps.weight",1,8,232,13 159 72 95 194 122 204 55
10,"blk.10.ffn_up_exps.weight",1,8,232,13 159 72 95 194 122 204 55
10,"blk.10.ffn_down_exps.weight",1,8,232,13 159 72 95 194 122 204 55
11,"blk.11.ffn_gate_exps.weight",1,8,232,69 159 138 59 210 144 83 54
11,"blk.11.ffn_up_exps.weight",1,8,232,69 159 138 59 210 144 83 54
11,"blk.11.ffn_down_exps.weight",1,8,232,69 159 138 59 210 144 83 54
12,"blk.12.ffn_gate_exps.weight",1,8,232,75 210 129 220 20 106 195 194
12,"blk.12.ffn_up_exps.weight",1,8,232,75 210 129 220 20 106 195 194
12,"blk.12.ffn_down_exps.weight",1,8,232,75 210 129 220 20 106 195 194
13,"blk.13.ffn_gate_exps.weight",1,8,232,65 50 25 18 169 88 204 59
13,"blk.13.ffn_up_exps.weight",1,8,232,65 50 25 18 169 88 204 59
13,"blk.13.ffn_down_exps.weight",1,8,232,65 50 25 18 169 88 204 59
14,"blk.14.ffn_gate_exps.weight",1,8,232,206 213 85 107 35 2 52 214
14,"blk.14.ffn_up_exps.weight",1,8,232,206 213 85 107 35 2 52 214
14,"blk.14.ffn_down_exps.weight",1,8,232,206 213 85 107 35 2 52 214
15,"blk.15.ffn_gate_exps.weight",1,8,232,158 79 229 59 102 132 85 55
15,"blk.15.ffn_up_exps.weight",1,8,232,158 79 229 59 102 132 85 55
15,"blk.15.ffn_down_exps.weight",1,8,232,158 79 229 59 102 132 85 55
16,"blk.16.ffn_gate_exps.weight",1,8,232,126 61 151 178 196 59 55 185
16,"blk.16.ffn_up_exps.weight",1,8,232,126 61 151 178 196 59 55 185
16,"blk.16.ffn_down_exps.weight",1,8,232,126 61 151 178 196 59 55 185
17,"blk.17.ffn_gate_exps.weight",1,8,232,63 207 213 65 140 26 68 159
17,"blk.17.ffn_up_exps.weight",1,8,232,63 207 213 65 140 26 68 159
17,"blk.17.ffn_down_exps.weight",1,8,232,63 207 213 65 140 26 68 159
18,"blk.18.ffn_gate_exps.weight",1,8,232,36 214 127 145 9 85 163 101
18,"blk.18.ffn_up_exps.weight",1,8,232,36 214 127 145 9 85 163 101
18,"blk.18.ffn_down_exps.weight",1,8,232,36 214 127 145 9 85 163 101
19,"blk.19.ffn_gate_exps.weight",1,8,232,100 95 77 222 93 59 161 159
19,"blk.19.ffn_up_exps.weight",1,8,232,100 95 77 222 93 59 161 159
19,"blk.19.ffn_down_exps.weight",1,8,232,100 95 77 222 93 59 161 159
20,"blk.20.ffn_gate_exps.weight",1,8,232,146 124 5 111 186 40 96 147
20,"blk.20.ffn_up_exps.weight",1,8,232,146 124 5 111 186 40 96 147
20,"blk.20.ffn_down_exps.weight",1,8,232,146 124 5 111 186 40 96 147
21,"blk.21.ffn_gate_exps.weight",1,8,232,66 89 53 40 207 200 36 125
21,"blk.21.ffn_up_exps.weight",1,8,232,66 89 53 40 207 200 36 125
21,"blk.21.ffn_down_exps.weight",1,8,232,66 89 53 40 207 200 36 125
22,"blk.22.ffn_gate_exps.weight",1,8,232,229 153 78 147 149 227 96 117
22,"blk.22.ffn_up_exps.weight",1,8,232,229 153 78 147 149 227 96 117
22,"blk.22.ffn_down_exps.weight",1,8,232,229 153 78 147 149 227 96 117
23,"blk.23.ffn_gate_exps.weight",1,8,232,229 182 40 126 221 74 205 84
23,"blk.23.ffn_up_exps.weight",1,8,232,229 182 40 126 221 74 205 84
23,"blk.23.ffn_down_exps.weight",1,8,232,229 182 40 126 221 74 205 84
24,"blk.24.ffn_gate_exps.weight",1,8,232,119 81 56 133 82 114 15 84
24,"blk.24.ffn_up_exps.weight",1,8,232,119 81 56 133 82 114 15 84
24,"blk.24.ffn_down_exps.weight",1,8,232,119 81 56 133 82 114 15 84
25,"blk.25.ffn_gate_exps.weight",1,8,232,103 100 176 117 21 106 155 201
25,"blk.25.ffn_up_exps.weight",1,8,232,103 100 176 117 21 106 155 201
25,"blk.25.ffn_down_exps.weight",1,8,232,103 100 176 117 21 106 155 201
26,"blk.26.ffn_gate_exps.weight",1,8,232,220 40 137 45 36 136 22 168
26,"blk.26.ffn_up_exps.weight",1,8,232,220 40 137 45 36 136 22 168
26,"blk.26.ffn_down_exps.weight",1,8,232,220 40 137 45 36 136 22 168
27,"blk.27.ffn_gate_exps.weight",1,8,232,24 199 18 120 15 87 151 177
27,"blk.27.ffn_up_exps.weight",1,8,232,24 199 18 120 15 87 151 177
27,"blk.27.ffn_down_exps.weight",1,8,232,24 199 18 120 15 87 151 177
0,"blk.0.ffn_gate_exps.weight",1,8,232,80 176 197 42 84 115 143 56
0,"blk.0.ffn_up_exps.weight",1,8,232,80 176 197 42 84 115 143 56
0,"blk.0.ffn_down_exps.weight",1,8,232,80 176 197 42 84 115 143 56
1,"blk.1.ffn_gate_exps.weight",1,8,232,140 139 169 72 108 180 192 37
1,"blk.1.ffn_up_exps.weight",1,8,232,140 139 169 72 108 180 192 37
1,"blk.1.ffn_down_exps.weight",1,8,232,140 139 169 72 108 180 192 37
2,"blk.2.ffn_gate_exps.weight",1,8,232,26 128 204 47 55 72 100 120
2,"blk.2.ffn_up_exps.weight",1,8,232,26 128 204 47 55 72 100 120
2,"blk.2.ffn_down_exps.weight",1,8,232,26 128 204 47 55 72 100 120
3,"blk.3.ffn_gate_exps.weight",1,8,232,6 33 66 11 45 80 198 112
3,"blk.3.ffn_up_exps.weight",1,8,232,6 33 66 11 45 80 198 112
3,"blk.3.ffn_down_exps.weight",1,8,232,6 33 66 11 45 80 198 112
4,"blk.4.ffn_gate_exps.weight",1,8,232,52 132 190 191 2 35 60 137
4,"blk.4.ffn_up_exps.weight",1,8,232,52 132 190 191 2 35 60 137
4,"blk.4.ffn_down_exps.weight",1,8,232,52 132 190 191 2 35 60 137
5,"blk.5.ffn_gate_exps.weight",1,8,232,139 194 58 167 213 133 180 181
5,"blk.5.ffn_up_exps.weight",1,8,232,139 194 58 167 213 133 180 181
5,"blk.5.ffn_down_exps.weight",1,8,232,139 194 58 167 213 133 180 181
6,"blk.6.ffn_gate_exps.weight",1,8,232,227 181 222 49 178 125 133 116
6,"blk.6.ffn_up_exps.weight",1,8,232,227 181 222 49 178 125 133 116
6,"blk.6.ffn_down_exps.weight",1,8,232,227 181 222 49 178 125 133 116
7,"blk.7.ffn_gate_exps.weight",1,8,232,131 142 61 65 91 226 197 74
7,"blk.7.ffn_up_exps.weight",1,8,232,131 142 61 65 91 226 197 74
7,"blk.7.ffn_down_exps.weight",1,8,232,131 142 61 65 91 226 197 74
8,"blk.8.ffn_gate_exps.weight",1,8,232,208 90 54 92 220 215 207 30
8,"blk.8.ffn_up_exps.weight",1,8,232,208 90 54 92 220 215 207 30
8,"blk.8.ffn_down_exps.weight",1,8,232,208 90 54 92 220 215 207 30
9,"blk.9.ffn_gate_exps.weight",1,8,232,149 97 68 22 139 115 162 133
9,"blk.9.ffn_up_exps.weight",1,8,232,149 97 68 22 139 115 162 133
9,"blk.9.ffn_down_exps.weight",1,8,232,149 97 68 22 139 115 162 133
10,"blk.10.ffn_gate_exps.weight",1,8,232,174 27 192 165 172 12 41 101
10,"blk.10.ffn_up_exps.weight",1,8,232,174 27 192 165 172 12 41 101
10,"blk.10.ffn_down_exps.weight",1,8,232,174 27 192 165 172 12 41 101
11,"blk.11.ffn_gate_exps.weight",1,8,232,69 125 115 102 202 196 59 146
11,"blk.11.ffn_up_exps.weight",1,8,232,69 125 115 102 202 196 59 146
11,"blk.11.ffn_down_exps.weight",1,8,232,69 125 115 102 202 196 59 146
12,"blk.12.ffn_gate_exps.weight",1,8,232,147 86 98 67 80 190 105 68
12,"blk.12.ffn_up_exps.weight",1,8,232,147 86 98 67 80 190 105 68
12,"blk.12.ffn_down_exps.weight",1,8,232,147 86 98 67 80 190 105 68
13,"blk.13.ffn_gate_exps.weight",1,8,232,126 95 225 12 88 104 74 59
13,"blk.13.ffn_up_exps.weight",1,8,232,126 95 225 12 88 104 74 59
13,"blk.13.ffn_down_exps.weight",1,8,232,126 95 225 12 88 104 74 59
14,"blk.14.ffn_gate_exps.weight",1,8,232,107 205 55 173 225 82 56 192
14,"blk.14.ffn_up_exps.weight",1,8,232,107 205 55 173 225 82 56 192
14,"blk.14.ffn_down_exps.weight",1,8,232,107 205 55 173 225 82 56 192
15,"blk.15.ffn_gate_exps.weight",1,8,232,174 86 6 200 225 130 72 186
15,"blk.15.ffn_up_exps.weight",1,8,232,174 86 6 200 225 130 72 186
15,"blk.15.ffn_down_exps.weight",1,8,232,174 86 6 200 225 130 72 186
16,"blk.16.ffn_gate_exps.weight",1,8,232,142 53 136 10 192 40 181 144
16,"blk.16.ffn_up_exps.weight",1,8,232,142 53 136 10 192 40 181 144
16,"blk.16.ffn_down_exps.weight",1,8,232,142 53 136 10 192 40 181 144
17,"blk.17.ffn_gate_exps.weight",1,8,232,123 73 61 24 170 148 189 71
17,"blk.17.ffn_up_exps.weight",1,8,232,123 73 61 24 170 148 189 71
17,"blk.17.ffn_down_exps.weight",1,8,232,123 73 61 24 170 148 189 71
18,"blk.18.ffn_gate_exps.weight",1,8,232,192 197 40 140 67 58 162 161
18,"blk.18.ffn_up_exps.weight",1,8,232,192 197 40 140 67 58 162 161
18,"blk.18.ffn_down_exps.weight",1,8,232,192 197 40 140 67 58 162 161
19,"blk.19.ffn_gate_exps.weight",1,8,232,199 28 185 83 218 70 108 118
19,"blk.19.ffn_up_exps.weight",1,8,232,199 28 185 83 218 70 108 118
19,"blk.19.ffn_down_exps.weight",1,8,232,199 28 185 83 218 70 108 118
20,"blk.20.ffn_gate_exps.weight",1,8,232,59 108 72 55 118 91 45 180
20,"blk.20.ffn_up_exps.weight",1,8,232,59 108 72 55 118 91 45 180
20,"blk.20.ffn_down_exps.weight",1,8,232,59 108 72 55 118 91 45 180
21,"blk.21.ffn_gate_exps.weight",1,8,232,31 155 65 58 218 120 229 148
21,"blk.21.ffn_up_exps.weight",1,8,232,31 155 65 58 218 120 229 148
21,"blk.21.ffn_down_exps.weight",1,8,232,31 155 65 58 218 120 229 148
22,"blk.22.ffn_gate_exps.weight",1,8,232,84 88 133 63 112 207 118 76
22,"blk.22.ffn_up_exps.weight",1,8,232,84 88 133 63 112 207 118 76
22,"blk.22.ffn_down_exps.weight",1,8,232,84 88 133 63 112 207 118 76
23,"blk.23.ffn_gate_exps.weight",1,8,232,119 75 118 21 221 32 205 186
23,"blk.23.ffn_up_exps.weight",1,8,232,119 75 118 21 221 32 205 186
23,"blk.23.ffn_down_exps.weight",1,8,232,119 75 118 21 221 32 205 186
24,"blk.24.ffn_gate_exps.weight",1,8,232,113 111 66 51 211 77 152 123
24,"blk.24.ffn_up_exps.weight",1,8,232,113 111 66 51 211 77 152 123
24,"blk.24.ffn_down_exps.weight",1,8,232,113 111 66 51 211 77 152 123
25,"blk.25.ffn_gate_exps.weight",1,8,232,77 75 87 52 24 211 230 203
25,"blk.25.ffn_up_exps.weight",1,8,232,77 75 87 52 24 211 230 203
25,"blk.25.ffn_down_exps.weight",1,8,232,77 75 87 52 24 211 230 203
26,"blk.26.ffn_gate_exps.weight",1,8,232,82 84 90 189 139 44 148 208
26,"blk.26.ffn_up_exps.weight",1,8,232,82 84 90 189 139 44 148 208
26,"blk.26.ffn_down_exps.weight",1,8,232,82 84 90 189 139 44 148 208
27,"blk.27.ffn_gate_exps.weight",1,8,232,60 70 51 47 0 65 57 153
27,"blk.27.ffn_up_exps.weight",1,8,232,60 70 51 47 0 65 57 153
27,"blk.27.ffn_down_exps.weight",1,8,232,60 70 51 47 0 65 57 153
0,"blk.0.ffn_gate_exps.weight",1,8,232,65 36 31 164 44 101 10 200
0,"blk.0.ffn_up_exps.weight",1,8,232,65 36 31 164 44 101 10 200
0,"blk.0.ffn_down_exps.weight",1,8,232,65 36 31 164 44 101 10 200
1,"blk.1.ffn_gate_exps.weight",1,8,232,206 52 105 82 187 152 2 179
1,"blk.1.ffn_up_exps.weight",1,8,232,206 52 105 82 187 152 2 179
1,"blk.1.ffn_down_exps.weight",1,8,232,206 52 105 82 187 152 2 179
2,"blk.2.ffn_gate_exps.weight",1,8,232,95 104 49 156 36 91 20 98
2,"blk.2.ffn_up_exps.weight",1,8,232,95 104 49 156 36 91 20 98
2,"blk.2.ffn_down_exps.weight",1,8,232,95 104 49 156 36 91 20 98
3,"blk.3.ffn_gate_exps.weight",1,8,232,63 113 90 184 65 114 201 219
3,"blk.3.ffn_up_exps.weight",1,8,232,63 113 90 184 65 114 201 219
3,"blk.3.ffn_down_exps.weight",1,8,232,63 113 90 184 65 114 201 219
4,"blk.4.ffn_gate_exps.weight",1,8,232,62 51 71 49 172 64 84 90
4,"blk.4.ffn_up_exps.weight",1,8,232,62 51 71 49 172 64 84 90
4,"blk.4.ffn_down_exps.weight",1,8,232,62 51 71 49 172 64 84 90
5,"blk.5.ffn_gate_exps.weight",1,8,232,46 119 115 202 143 193 205 104
5,"blk.5.ffn_up_exps.weight",1,8,232,46 119 115 202 143 193 205 104
5,"blk.5.ffn_down_exps.weight",1,8,232,46 119 115 202 143 193 205 104
6,"blk.6.ffn_gate_exps.weight",1,8,232,26 105 201 48 115 208 60 22
6,"blk.6.ffn_up_exps.weight",1,8,232,26 105 201 48 115 208 60 22
6,"blk.6.ffn_down_exps.weight",1,8,232,26 105 201 48 115 208 60 22
7,"blk.7.ffn_gate_exps.weight",1,8,232,50 81 216 169 130 109 175 140
7,"blk.7.ffn_up_exps.weight",1,8,232,50 81 216 169 130 109 175 140
7,"blk.7.ffn_down_exps.weight",1,8,232,50 81 216 169 130 109 175 140
8,"blk.8.ffn_gate_exps.weight",1,8,232,5 77 76 64 41 186 219 7
8,"blk.8.ffn_up_exps.weight",1,8,232,5 77 76 64 41 186 219 7
8,"blk.8.ffn_down_exps.weight",1,8,232,5 77 76 64 41 186 219 7
9,"blk.9.ffn_gate_exps.weight",1,8,232,76 53 168 137 97 219 9 150
9,"blk.9.ffn_up_exps.weight",1,8,232,76 53 168 137 97 219 9 150
9,"blk.9.ffn_down_exps.weight",1,8,232,76 53 168 137 97 219 9 150
10,"blk.10.ffn_gate_exps.weight",1,8,232,226 87 157 89 127 150 207 55
10,"blk.10.ffn_up_exps.weight",1,8,232,226 87 157 89 127 150 207 55
10,"blk.10.ffn_down_exps.weight",1,8,232,226 87 157 89 127 150 207 55
11,"blk.11.ffn_gate_exps.weight",1,8,232,125 30 29 42 215 196 123 43
11,"blk.11.ffn_up_exps.weight",1,8,232,125 30 29 42 215 196 123 43
11,"blk.11.ffn_down_exps.weight",1,8,232,125 30 29 42 215 196 123 43
12,"blk.12.ffn_gate_exps.weight",1,8,232,222 154 15 100 182 131 68 168
12,"blk.12.ffn_up_exps.weight",1,8,232,222 154 15 100 182 131 68 168
12,"blk.12.ffn_down_exps.weight",1,8,232,222 154 15 100 182 131 68 168
13,"blk.13.ffn_gate_exps.weight",1,8,232,185 226 228 178 81 75 104 88
13,"blk.13.ffn_up_exps.weight",1,8,232,185 226 228 178 81 75 104 88
13,"blk.13.ffn_down_exps.weight",1,8,232,185 226 228 178 81 75 104 88
14,"blk.14.ffn_gate_exps.weight",1,8,232,82 107 210 160 43 97 206 192
14,"blk.14.ffn_up_exps.weight",1,8,232,82 107 210 160 43 97 206 192
14,"blk.14.ffn_down_exps.weight",1,8,232,82 107 210 160 43 97 206 192
15,"blk.15.ffn_gate_exps.weight",1,8,232,92 163 194 187 188 27 228 160
15,"blk.15.ffn_up_exps.weight",1,8,232,92 163 194 187 188 27 228 160
15,"blk.15.ffn_down_exps.weight",1,8,232,92 163 194 187 188 27 228 160
16,"blk.16.ffn_gate_exps.weight",1,8,232,121 199 142 155 80 184 128 230
16,"blk.16.ffn_up_exps.weight",1,8,232,121 199 142 155 80 184 128 230
16,"blk.16.ffn_down_exps.weight",1,8,232,121 199 142 155 80 184 128 230
17,"blk.17.ffn_gate_exps.weight",1,8,232,141 228 135 178 37 81 152 73
17,"blk.17.ffn_up_exps.weight",1,8,232,141 228 135 178 37 81 152 73
17,"blk.17.ffn_down_exps.weight",1,8,232,141 228 135 178 37 81 152 73
18,"blk.18.ffn_gate_exps.weight",1,8,232,63 99 84 230 124 155 136 100
18,"blk.18.ffn_up_exps.weight",1,8,232,63 99 84 230 124 155 136 100
18,"blk.18.ffn_down_exps.weight",1,8,232,63 99 84 230 124 155 136 100
19,"blk.19.ffn_gate_exps.weight",1,8,232,183 149 122 192 105 226 73 67
19,"blk.19.ffn_up_exps.weight",1,8,232,183 149 122 192 105 226 73 67
19,"blk.19.ffn_down_exps.weight",1,8,232,183 149 122 192 105 226 73 67
20,"blk.20.ffn_gate_exps.weight",1,8,232,63 33 200 66 168 53 176 49
20,"blk.20.ffn_up_exps.weight",1,8,232,63 33 200 66 168 53 176 49
20,"blk.20.ffn_down_exps.weight",1,8,232,63 33 200 66 168 53 176 49
21,"blk.21.ffn_gate_exps.weight",1,8,232,21 187 12 74 25 181 218 126
21,"blk.21.ffn_up_exps.weight",1,8,232,21 187 12 74 25 181 218 126
21,"blk.21.ffn_down_exps.weight",1,8,232,21 187 12 74 25 181 218 126
22,"blk.22.ffn_gate_exps.weight",1,8,232,158 157 19 65 42 185 75 223
22,"blk.22.ffn_up_exps.weight",1,8,232,158 157 19 65 42 185 75 223
22,"blk.22.ffn_down_exps.weight",1,8,232,158 157 19 65 42 185 75 223
23,"blk.23.ffn_gate_exps.weight",1,8,232,32 44 64 113 41 90 10 33
23,"blk.23.ffn_up_exps.weight",1,8,232,32 44 64 113 41 90 10 33
23,"blk.23.ffn_down_exps.weight",1,8,232,32 44 64 113 41 90 10 33
24,"blk.24.ffn_gate_exps.weight",1,8,232,20 7 117 227 17 10 49 200
24,"blk.24.ffn_up_exps.weight",1,8,232,20 7 117 227 17 10 49 200
24,"blk.24.ffn_down_exps.weight",1,8,232,20 7 117 227 17 10 49 200
25,"blk.25.ffn_gate_exps.weight",1,8,232,211 212 3 90 199 105 221 68
25,"blk.25.ffn_up_exps.weight",1,8,232,211 212 3 90 199 105 221 68
25,"blk.25.ffn_down_exps.weight",1,8,232,211 212 3 90 199 105 221 68
26,"blk.26.ffn_gate_exps.weight",1,8,232,3 156 16 33 118 205 100 26
26,"blk.26.ffn_up_exps.weight",1,8,232,3 156 16 33 118 205 100 26
26,"blk.26.ffn_down_exps.weight",1,8,232,3 156 16 33 118 205 100 26
27,"blk.27.ffn_gate_exps.weight",1,8,232,197 227 189 26 154 96 81 199
27,"blk.27.ffn_up_exps.weight",1,8,232,197 227 189 26 154 96 81 199
27,"blk.27.ffn_down_exps.weight",1,8,232,197 227 189 26 154 96 81 199
0,"blk.0.ffn_gate_exps.weight",1,8,232,85 135 107 106 66 215 7 151
0,"blk.0.ffn_up_exps.weight",1,8,232,85 135 107 106 66 215 7 151
0,"blk.0.ffn_down_exps.weight",1,8,232,85 135 107 106 66 215 7 151
1,"blk.1.ffn_gate_exps.weight",1,8,232,191 221 7 47 213 227 151 85
1,"blk.1.ffn_up_exps.weight",1,8,232,191 221 7 47 213 227 151 85
1,"blk.1.ffn_down_exps.weight",1,8,232,191 221 7 47 213 227 151 85
2,"blk.2.ffn_gate_exps.weight",1,8,232,224 191 4 42 50 79 148 192
2,"blk.2.ffn_up_exps.weight",1,8,232,224 191 4 42 50 79 148 192
2,"blk.2.ffn_down_exps.weight",1,8,232,224 191 4 42 50 79 148 192
3,"blk.3.ffn_gate_exps.weight",1,8,232,72 59 137 92 7 139 67 228
3,"blk.3.ffn_up_exps.weight",1,8,232,72 59 137 92 7 139 67 228
3,"blk.3.ffn_down_exps.weight",1,8,232,72 59 137 92 7 139 67 228
4,"blk.4.ffn_gate_exps.weight",1,8,232,65 166 110 58 55 82 179 200
4,"blk.4.ffn_up_exps.weight",1,8,232,65 166 110 58 55 82 179 200
4,"blk.4.ffn_down_exps.weight",1,8,232,65 166 110 58 55 82 179 200
5,"blk.5.ffn_gate_exps.weight",1,8,232,215 185 129 176 24 35 14 172
5,"blk.5.ffn_up_exps.weight",1,8,232,215 185 129 176 24 35 14 172
5,"blk.5.ffn_down_exps.weight",1,8,232,215 185 129 176 24 35 14 172
6,"blk.6.ffn_gate_exps.weight",1,8,232,91 48 95 80 174 23 113 63
6,"blk.6.ffn_up_exps.weight",1,8,232,91 48 95 80 174 23 113 63
6,"blk.6.ffn_down_exps.weight",1,8,232,91 48 95 80 174 23 113 63
7,"blk.7.ffn_gate_exps.weight",1,8,232,130 90 110 120 4 5 57 230
7,"blk.7.ffn_up_exps.weight",1,8,232,130 90 110 120 4 5 57 230
7,"blk.7.ffn_down_exps.weight",1,8,232,130 90 110 120 4 5 57 230
8,"blk.8.ffn_gate_exps.weight",1,8,232,7 109 128 55 202 70 72 187
8,"blk.8.ffn_up_exps.weight",1,8,232,7 109 128 55 202 70 72 187
8,"blk.8.ffn_down_exps.weight",1,8,232,7 109 128 55 202 70 72 187
9,"blk.9.ffn_gate_exps.weight",1,8,232,112 46 201 9 215 81 32 98
9,"blk.9.ffn_up_exps.weight",1,8,232,112 46 201 9 215 81 32 98
9,"blk.9.ffn_down_exps.weight",1,8,232,112 46 201 9 215 81 32 98
10,"blk.10.ffn_gate_exps.weight",1,8,232,93 42 186 59 12 83 86 69
10,"blk.10.ffn_up_exps.weight",1,8,232,93 42 186 59 12 83 86 69
10,"blk.10.ffn_down_exps.weight",1,8,232,93 42 186 59 12 83 86 69
11,"blk.11.ffn_gate_exps.weight",1,8,232,191 117 165 133 105 35 212 65
11,"blk.11.ffn_up_exps.weight",1,8,232,191 117 165 133 105 35 212 65
11,"blk.11.ffn_down_exps.weight",1,8,232,191 117 165 133 105 35 212 65
12,"blk.12.ffn_gate_exps.weight",1,8,232,119 203 102 104 195 94 125 169
12,"blk.12.ffn_up_exps.weight",1,8,232,119 203 102 104 195 94 125 169
12,"blk.12.ffn_down_exps.weight",1,8,232,119 203 102 104 195 94 125 169
13,"blk.13.ffn_gate_exps.weight",1,8,232,149 63 47 14 77 139 146 53
13,"blk.13.ffn_up_exps.weight",1,8,232,149 63 47 14 77 139 146 53
13,"blk.13.ffn_down_exps.weight",1,8,232,149 63 47 14 77 139 146 53
14,"blk.14.ffn_gate_exps.weight",1,8,232,155 182 141 231 158 99 68 179
14,"blk.14.ffn_up_exps.weight",1,8,232,155 182 141 231 158 99 68 179
14,"blk.14.ffn_down_exps.weight",1,8,232,155 182 141 231 158 99 68 179
15,"blk.15.ffn_gate_exps.weight",1,8,232,121 18 142 182 156 69 116 39
15,"blk.15.ffn_up_exps.weight",1,8,232,121 18 142 182 156 69 116 39
15,"blk.15.ffn_down_exps.weight",1,8,232,121 18 142 182 156 69 116 39
16,"blk.16.ffn_gate_exps.weight",1,8,232,5 191 147 102 62 60 127 114
16,"blk.16.ffn_up_exps.weight",1,8,232,5 191 147 102 62 60 127 114
16,"blk.16.ffn_down_exps.weight",1,8,232,5 191 147 102 62 60 127 114
17,"blk.17.ffn_gate_exps.weight",1,8,232,23 117 151 99 94 124 79 202
17,"blk.17.ffn_up_exps.weight",1,8,232,23 117 151 99 94 124 79 202
17,"blk.17.ffn_down_exps.weight",1,8,232,23 117 151 99 94 124 79 202
18,"blk.18.ffn_gate_exps.weight",1,8,232,174 131 202 24 207 54 77 189
18,"blk.18.ffn_up_exps.weight",1,8,232,174 131 202 24 207 54 77 189
18,"blk.18.ffn_down_exps.weight",1,8,232,174 131 202 24 207 54 77 189
19,"blk.19.ffn_gate_exps.weight",1,8,232,39 197 48 92 78 43 153 99
19,"blk.19.ffn_up_exps.weight",1,8,232,39 197 48 92 78 43 153 99
19,"blk.19.ffn_down_exps.weight",1,8,232,39 197 48 92 78 43 153 99
20,"blk.20.ffn_gate_exps.weight",1,8,232,20 73 39 130 165 155 119 43
20,"blk.20.ffn_up_exps.weight",1,8,232,20 73 39 130 165 155 119 43
20,"blk.20.ffn_down_exps.weight",1,8,232,20 73 39 130 165 155 119 43
21,"blk.21.ffn_gate_exps.weight",1,8,232,42 198 205 30 168 188 11 4
21,"blk.21.ffn_up_exps.weight",1,8,232,42 198 205 30 168 188 11 4
21,"blk.21.ffn_down_exps.weight",1,8,232,42 198 205 30 168 188 11 4
22,"blk.22.ffn_gate_exps.weight",1,8,232,191 38 41 99 205 94 102 47
22,"blk.22.ffn_up_exps.weight",1,8,232,191 38 41 99 205 94 102 47
22,"blk.22.ffn_down_exps.weight",1,8,232,191 38 41 99 205 94 102 47
23,"blk.23.ffn_gate_exps.weight",1,8,232,102 231 58 181 0 145 84 3
23,"blk.23.ffn_up_exps.weight",1,8,232,102 231 58 181 0 145 84 3
23,"blk.23.ffn_down_exps.weight",1,8,232,102 231 58 181 0 145 84 3
24,"blk.24.ffn_gate_exps.weight",1,8,232,37 143 172 167 214 78 40 175
24,"blk.24.ffn_up_exps.weight",1,8,232,37 143 172 167 214 78 40 175
24,"blk.24.ffn_down_exps.weight",1,8,232,37 143 172 167 214 78 40 175
25,"blk.25.ffn_gate_exps.weight",1,8,232,102 31 112 171 151 110 231 185
25,"blk.25.ffn_up_exps.weight",1,8,232,102 31 112 171 151 110 231 185
25,"blk.25.ffn_down_exps.weight",1,8,232,102 31 112 171 151 110 231 185
26,"blk.26.ffn_gate_exps.weight",1,8,232,132 91 184 141 206 182 72 140
26,"blk.26.ffn_up_exps.weight",1,8,232,132 91 184 141 206 182 72 140
26,"blk.26.ffn_down_exps.weight",1,8,232,132 91 184 141 206 182 72 140
27,"blk.27.ffn_gate_exps.weight",1,8,232,106 29 75 202 161 158 177 54
27,"blk.27.ffn_up_exps.weight",1,8,232,106 29 75 202 161 158 177 54
27,"blk.27.ffn_down_exps.weight",1,8,232,106 29 75 202 161 158 177 54
0,"blk.0.ffn_gate_exps.weight",1,8,232,195 120 110 81 71 140 196 139
0,"blk.0.ffn_up_exps.weight",1,8,232,195 120 110 81 71 140 196 139
0,"blk.0.ffn_down_exps.weight",1,8,232,195 120 110 81 71 140 196 139
1,"blk.1.ffn_gate_exps.weight",1,8,232,169 199 214 71 116 198 16 118
1,"blk.1.ffn_up_exps.weight",1,8,232,169 199 214 71 116 198 16 118
1,"blk.1.ffn_down_exps.weight",1,8,232,169 199 214 71 116 198 16 118
2,"blk.2.ffn_gate_exps.weight",1,8,232,86 48 100 47 168 91 166 192
2,"blk.2.ffn_up_exps.weight",1,8,232,86 48 100 47 168 91 166 192
2,"blk.2.ffn_down_exps.weight",1,8,232,86 48 100 47 168 91 166 192
3,"blk.3.ffn_gate_exps.weight",1,8,232,75 192 194 69 103 131 133 216
3,"blk.3.ffn_up_exps.weight",1,8,232,75 192 194 69 103 131 133 216
3,"blk.3.ffn_down_exps.weight",1,8,232,75 192 194 69 103 131 133 216
4,"blk.4.ffn_gate_exps.weight",1,8,232,149 214 200 223 56 174 89 110
4,"blk.4.ffn_up_exps.weight",1,8,232,149 214 200 223 56 174 89 110
4,"blk.4.ffn_down_exps.weight",1,8,232,149 214 200 223 56 174 89 110
5,"blk.5.ffn_gate_exps.weight",1,8,232,150 201 191 215 24 37 158 129
5,"blk.5.ffn_up_exps.weight",1,8,232,150 201 191 215 24 37 158 129
5,"blk.5.ffn_down_exps.weight",1,8,232,150 201 191 215 24 37 158 129
6,"blk.6.ffn_gate_exps.weight",1,8,232,184 10 147 24 127 125 116 66
6,"blk.6.ffn_up_exps.weight",1,8,232,184 10 147 24 127 125 116 66
6,"blk.6.ffn_down_exps.weight",1,8,232,184 10 147 24 127 125 116 66
7,"blk.7.ffn_gate_exps.weight",1,8,232,230 128 112 4 200 139 173 120
7,"blk.7.ffn_up_exps.weight",1,8,232,230 128 112 4 200 139 173 120
7,"blk.7.ffn_down_exps.weight",1,8,232,230 128 112 4 200 139 173 120
8,"blk.8.ffn_gate_exps.weight",1,8,232,7 12 128 72 103 109 55 11
8,"blk.8.ffn_up_exps.weight",1,8,232,7 12 128 72 103 109 55 11
8,"blk.8.ffn_down_exps.weight",1,8,232,7 12 128 72 103 109 55 11
9,"blk.9.ffn_gate_exps.weight",1,8,232,112 135 46 81 9 98 173 87
9,"blk.9.ffn_up_exps.weight",1,8,232,112 135 46 81 9 98 173 87
9,"blk.9.ffn_down_exps.weight",1,8,232,112 135 46 81 9 98 173 87
10,"blk.10.ffn_gate_exps.weight",1,8,232,42 93 83 59 48 92 12 186
10,"blk.10.ffn_up_exps.weight",1,8,232,42 93 83 59 48 92 12 186
10,"blk.10.ffn_down_exps.weight",1,8,232,42 93 83 59 48 92 12 186
11,"blk.11.ffn_gate_exps.weight",1,8,232,191 117 165 47 133 105 36 65
11,"blk.11.ffn_up_exps.weight",1,8,232,191 117 165 47 133 105 36 65
11,"blk.11.ffn_down_exps.weight",1,8,232,191 117 165 47 133 105 36 65
12,"blk.12.ffn_gate_exps.weight",1,8,232,119 203 195 102 94 169 126 104
12,"blk.12.ffn_up_exps.weight",1,8,232,119 203 195 102 94 169 126 104
12,"blk.12.ffn_down_exps.weight",1,8,232,119 203 195 102 94 169 126 104
13,"blk.13.ffn_gate_exps.weight",1,8,232,149 47 63 77 14 146 103 69
13,"blk.13.ffn_up_exps.weight",1,8,232,149 47 63 77 14 146 103 69
13,"blk.13.ffn_down_exps.weight",1,8,232,149 47 63 77 14 146 103 69
14,"blk.14.ffn_gate_exps.weight",1,8,232,99 166 155 141 158 231 179 167
14,"blk.14.ffn_up_exps.weight",1,8,232,99 166 155 141 158 231 179 167
14,"blk.14.ffn_down_exps.weight",1,8,232,99 166 155 141 158 231 179 167
15,"blk.15.ffn_gate_exps.weight",1,8,232,121 18 182 142 69 116 148 156
15,"blk.15.ffn_up_exps.weight",1,8,232,121 18 182 142 69 116 148 156
15,"blk.15.ffn_down_exps.weight",1,8,232,121 18 182 142 69 116 148 156
16,"blk.16.ffn_gate_exps.weight",1,8,232,5 191 60 102 97 62 147 81
16,"blk.16.ffn_up_exps.weight",1,8,232,5 191 60 102 97 62 147 81
16,"blk.16.ffn_down_exps.weight",1,8,232,5 191 60 102 97 62 147 81
17,"blk.17.ffn_gate_exps.weight",1,8,232,23 117 94 158 99 52 151 126
17,"blk.17.ffn_up_exps.weight",1,8,232,23 117 94 158 99 52 151 126
17,"blk.17.ffn_down_exps.weight",1,8,232,23 117 94 158 99 52 151 126
18,"blk.18.ffn_gate_exps.weight",1,8,232,174 131 24 202 207 33 103 203
18,"blk.18.ffn_up_exps.weight",1,8,232,174 131 24 202 207 33 103 203
18,"blk.18.ffn_down_exps.weight",1,8,232,174 131 24 202 207 33 103 203
19,"blk.19.ffn_gate_exps.weight",1,8,232,39 197 48 92 43 37 78 99
19,"blk.19.ffn_up_exps.weight",1,8,232,39 197 48 92 43 37 78 99
19,"blk.19.ffn_down_exps.weight",1,8,232,39 197 48 92 43 37 78 99
20,"blk.20.ffn_gate_exps.weight",1,8,232,20 39 73 130 165 119 155 43
20,"blk.20.ffn_up_exps.weight",1,8,232,20 39 73 130 165 119 155 43
20,"blk.20.ffn_down_exps.weight",1,8,232,20 39 73 130 165 119 155 43
21,"blk.21.ffn_gate_exps.weight",1,8,232,42 198 30 205 168 11 188 4
21,"blk.21.ffn_up_exps.weight",1,8,232,42 198 30 205 168 11 188 4
21,"blk.21.ffn_down_exps.weight",1,8,232,42 198 30 205 168 11 188 4
22,"blk.22.ffn_gate_exps.weight",1,8,232,191 38 41 47 99 102 205 94
22,"blk.22.ffn_up_exps.weight",1,8,232,191 38 41 47 99 102 205 94
22,"blk.22.ffn_down_exps.weight",1,8,232,191 38 41 47 99 102 205 94
23,"blk.23.ffn_gate_exps.weight",1,8,232,102 231 0 58 181 151 220 84
23,"blk.23.ffn_up_exps.weight",1,8,232,102 231 0 58 181 151 220 84
23,"blk.23.ffn_down_exps.weight",1,8,232,102 231 0 58 181 151 220 84
24,"blk.24.ffn_gate_exps.weight",1,8,232,37 143 172 167 214 40 78 155
24,"blk.24.ffn_up_exps.weight",1,8,232,37 143 172 167 214 40 78 155
24,"blk.24.ffn_down_exps.weight",1,8,232,37 143 172 167 214 40 78 155
25,"blk.25.ffn_gate_exps.weight",1,8,232,102 31 112 110 171 231 151 180
25,"blk.25.ffn_up_exps.weight",1,8,232,102 31 112 110 171 231 151 180
25,"blk.25.ffn_down_exps.weight",1,8,232,102 31 112 110 171 231 151 180
26,"blk.26.ffn_gate_exps.weight",1,8,232,132 184 141 91 182 206 140 72
26,"blk.26.ffn_up_exps.weight",1,8,232,132 184 141 91 182 206 140 72
26,"blk.26.ffn_down_exps.weight",1,8,232,132 184 141 91 182 206 140 72
27,"blk.27.ffn_gate_exps.weight",1,8,232,29 106 158 75 202 161 177 155
27,"blk.27.ffn_up_exps.weight",1,8,232,29 106 158 75 202 161 177 155
27,"blk.27.ffn_down_exps.weight",1,8,232,29 106 158 75 202 161 177 155
0,"blk.0.ffn_gate_exps.weight",1,8,232,165 13 71 190 61 167 77 22
0,"blk.0.ffn_up_exps.weight",1,8,232,165 13 71 190 61 167 77 22
0,"blk.0.ffn_down_exps.weight",1,8,232,165 13 71 190 61 167 77 22
1,"blk.1.ffn_gate_exps.weight",1,8,232,70 108 121 166 225 186 129 138
1,"blk.1.ffn_up_exps.weight",1,8,232,70 108 121 166 225 186 129 138
1,"blk.1.ffn_down_exps.weight",1,8,232,70 108 121 166 225 186 129 138
2,"blk.2.ffn_gate_exps.weight",1,8,232,25 191 123 129 79 78 173 192
2,"blk.2.ffn_up_exps.weight",1,8,232,25 191 123 129 79 78 173 192
2,"blk.2.ffn_down_exps.weight",1,8,232,25 191 123 129 79 78 173 192
3,"blk.3.ffn_gate_exps.weight",1,8,232,100 35 192 93 194 115 225 0
3,"blk.3.ffn_up_exps.weight",1,8,232,100 35 192 93 194 115 225 0
3,"blk.3.ffn_down_exps.weight",1,8,232,100 35 192 93 194 115 225 0
4,"blk.4.ffn_gate_exps.weight",1,8,232,15 30 56 17 162 222 195 161
4,"blk.4.ffn_up_exps.weight",1,8,232,15 30 56 17 162 222 195 161
4,"blk.4.ffn_down_exps.weight",1,8,232,15 30 56 17 162 222 195 161
5,"blk.5.ffn_gate_exps.weight",1,8,232,97 80 204 215 223 177 178 158
5,"blk.5.ffn_up_exps.weight",1,8,232,97 80 204 215 223 177 178 158
5,"blk.5.ffn_down_exps.weight",1,8,232,97 80 204 215 223 177 178 158
6,"blk.6.ffn_gate_exps.weight",1,8,232,184 80 186 10 147 24 20 129
6,"blk.6.ffn_up_exps.weight",1,8,232,184 80 186 10 147 24 20 129
6,"blk.6.ffn_down_exps.weight",1,8,232,184 80 186 10 147 24 20 129
7,"blk.7.ffn_gate_exps.weight",1,8,232,230 190 194 87 220 130 128 139
7,"blk.7.ffn_up_exps.weight",1,8,232,230 190 194 87 220 130 128 139
7,"blk.7.ffn_down_exps.weight",1,8,232,230 190 194 87 220 130 128 139
8,"blk.8.ffn_gate_exps.weight",1,8,232,139 12 105 154 3 25 122 128
8,"blk.8.ffn_up_exps.weight",1,8,232,139 12 105 154 3 25 122 128
8,"blk.8.ffn_down_exps.weight",1,8,232,139 12 105 154 3 25 122 128
9,"blk.9.ffn_gate_exps.weight",1,8,232,135 162 139 129 80 192 121 66
9,"blk.9.ffn_up_exps.weight",1,8,232,135 162 139 129 80 192 121 66
9,"blk.9.ffn_down_exps.weight",1,8,232,135 162 139 129 80 192 121 66
10,"blk.10.ffn_gate_exps.weight",1,8,232,149 72 98 95 53 111 143 17
10,"blk.10.ffn_up_exps.weight",1,8,232,149 72 98 95 53 111 143 17
10,"blk.10.ffn_down_exps.weight",1,8,232,149 72 98 95 53 111 143 17
11,"blk.11.ffn_gate_exps.weight",1,8,232,215 68 144 210 5 59 54 184
11,"blk.11.ffn_up_exps.weight",1,8,232,215 68 144 210 5 59 54 184
11,"blk.11.ffn_down_exps.weight",1,8,232,215 68 144 210 5 59 54 184
12,"blk.12.ffn_gate_exps.weight",1,8,232,135 12 169 10 80 19 171 192
12,"blk.12.ffn_up_exps.weight",1,8,232,135 12 169 10 80 19 171 192
12,"blk.12.ffn_down_exps.weight",1,8,232,135 12 169 10 80 19 171 192
13,"blk.13.ffn_gate_exps.weight",1,8,232,166 184 183 50 104 130 81 169
13,"blk.13.ffn_up_exps.weight",1,8,232,166 184 183 50 104 130 81 169
13,"blk.13.ffn_down_exps.weight",1,8,232,166 184 183 50 104 130 81 169
14,"blk.14.ffn_gate_exps.weight",1,8,232,67 12 105 142 214 17 196 123
14,"blk.14.ffn_up_exps.weight",1,8,232,67 12 105 142 214 17 196 123
14,"blk.14.ffn_down_exps.weight",1,8,232,67 12 105 142 214 17 196 123
15,"blk.15.ffn_gate_exps.weight",1,8,232,119 40 55 75 229 194 102 192
15,"blk.15.ffn_up_exps.weight",1,8,232,119 40 55 75 229 194 102 192
15,"blk.15.ffn_down_exps.weight",1,8,232,119 40 55 75 229 194 102 192
16,"blk.16.ffn_gate_exps.weight",1,8,232,186 41 92 224 107 163 218 37
16,"blk.16.ffn_up_exps.weight",1,8,232,186 41 92 224 107 163 218 37
16,"blk.16.ffn_down_exps.weight",1,8,232,186 41 92 224 107 163 218 37
17,"blk.17.ffn_gate_exps.weight",1,8,232,13 202 223 147 196 118 105 18
17,"blk.17.ffn_up_exps.weight",1,8,232,13 202 223 147 196 118 105 18
17,"blk.17.ffn_down_exps.weight",1,8,232,13 202 223 147 196 118 105 18
18,"blk.18.ffn_gate_exps.weight",1,8,232,203 134 4 54 229 9 211 123
18,"blk.18.ffn_up_exps.weight",1,8,232,203 134 4 54 229 9 211 123
18,"blk.18.ffn_down_exps.weight",1,8,232,203 134 4 54 229 9 211 123
19,"blk.19.ffn_gate_exps.weight",1,8,232,60 189 58 39 161 123 80 75
19,"blk.19.ffn_up_exps.weight",1,8,232,60 189 58 39 161 123 80 75
19,"blk.19.ffn_down_exps.weight",1,8,232,60 189 58 39 161 123 80 75
20,"blk.20.ffn_gate_exps.weight",1,8,232,183 6 195 43 91 76 216 86
20,"blk.20.ffn_up_exps.weight",1,8,232,183 6 195 43 91 76 216 86
20,"blk.20.ffn_down_exps.weight",1,8,232,183 6 195 43 91 76 216 86
21,"blk.21.ffn_gate_exps.weight",1,8,232,53 36 64 205 42 161 180 198
21,"blk.21.ffn_up_exps.weight",1,8,232,53 36 64 205 42 161 180 198
21,"blk.21.ffn_down_exps.weight",1,8,232,53 36 64 205 42 161 180 198
22,"blk.22.ffn_gate_exps.weight",1,8,232,205 56 117 162 94 108 166 55
22,"blk.22.ffn_up_exps.weight",1,8,232,205 56 117 162 94 108 166 55
22,"blk.22.ffn_down_exps.weight",1,8,232,205 56 117 162 94 108 166 55
23,"blk.23.ffn_gate_exps.weight",1,8,232,145 56 57 115 3 155 27 198
23,"blk.23.ffn_up_exps.weight",1,8,232,145 56 57 115 3 155 27 198
23,"blk.23.ffn_down_exps.weight",1,8,232,145 56 57 115 3 155 27 198
24,"blk.24.ffn_gate_exps.weight",1,8,232,0 9 56 86 172 114 84 76
24,"blk.24.ffn_up_exps.weight",1,8,232,0 9 56 86 172 114 84 76
24,"blk.24.ffn_down_exps.weight",1,8,232,0 9 56 86 172 114 84 76
25,"blk.25.ffn_gate_exps.weight",1,8,232,117 184 17 121 129 22 100 18
25,"blk.25.ffn_up_exps.weight",1,8,232,117 184 17 121 129 22 100 18
25,"blk.25.ffn_down_exps.weight",1,8,232,117 184 17 121 129 22 100 18
26,"blk.26.ffn_gate_exps.weight",1,8,232,117 206 136 35 123 38 45 23
26,"blk.26.ffn_up_exps.weight",1,8,232,117 206 136 35 123 38 45 23
26,"blk.26.ffn_down_exps.weight",1,8,232,117 206 136 35 123 38 45 23
27,"blk.27.ffn_gate_exps.weight",1,8,232,199 177 202 80 138 207 184 122
27,"blk.27.ffn_up_exps.weight",1,8,232,199 177 202 80 138 207 184 122
27,"blk.27.ffn_down_exps.weight",1,8,232,199 177 202 80 138 207 184 122
0,"blk.0.ffn_gate_exps.weight",1,8,232,228 178 202 217 204 200 181 211
0,"blk.0.ffn_up_exps.weight",1,8,232,228 178 202 217 204 200 181 211
0,"blk.0.ffn_down_exps.weight",1,8,232,228 178 202 217 204 200 181 211
1,"blk.1.ffn_gate_exps.weight",1,8,232,199 93 72 139 161 70 94 132
1,"blk.1.ffn_up_exps.weight",1,8,232,199 93 72 139 161 70 94 132
1,"blk.1.ffn_down_exps.weight",1,8,232,199 93 72 139 161 70 94 132
2,"blk.2.ffn_gate_exps.weight",1,8,232,5 19 6 105 48 212 196 146
2,"blk.2.ffn_up_exps.weight",1,8,232,5 19 6 105 48 212 196 146
2,"blk.2.ffn_down_exps.weight",1,8,232,5 19 6 105 48 212 196 146
3,"blk.3.ffn_gate_exps.weight",1,8,232,171 131 93 192 194 191 215 0
3,"blk.3.ffn_up_exps.weight",1,8,232,171 131 93 192 194 191 215 0
3,"blk.3.ffn_down_exps.weight",1,8,232,171 131 93 192 194 191 215 0
4,"blk.4.ffn_gate_exps.weight",1,8,232,223 108 56 62 33 95 45 35
4,"blk.4.ffn_up_exps.weight",1,8,232,223 108 56 62 33 95 45 35
4,"blk.4.ffn_down_exps.weight",1,8,232,223 108 56 62 33 95 45 35
5,"blk.5.ffn_gate_exps.weight",1,8,232,97 202 98 204 201 195 121 120
5,"blk.5.ffn_up_exps.weight",1,8,232,97 202 98 204 201 195 121 120
5,"blk.5.ffn_down_exps.weight",1,8,232,97 202 98 204 201 195 121 120
6,"blk.6.ffn_gate_exps.weight",1,8,232,83 133 49 44 112 102 227 87
6,"blk.6.ffn_up_exps.weight",1,8,232,83 133 49 44 112 102 227 87
6,"blk.6.ffn_down_exps.weight",1,8,232,83 133 49 44 112 102 227 87
7,"blk.7.ffn_gate_exps.weight",1,8,232,96 121 107 138 134 162 190 195
7,"blk.7.ffn_up_exps.weight",1,8,232,96 121 107 138 134 162 190 195
7,"blk.7.ffn_down_exps.weight",1,8,232,96 121 107 138 134 162 190 195
8,"blk.8.ffn_gate_exps.weight",1,8,232,139 105 175 10 211 226 145 210
8,"blk.8.ffn_up_exps.weight",1,8,232,139 105 175 10 211 226 145 210
8,"blk.8.ffn_down_exps.weight",1,8,232,139 105 175 10 211 226 145 210
9,"blk.9.ffn_gate_exps.weight",1,8,232,195 160 146 65 147 107 63 81
9,"blk.9.ffn_up_exps.weight",1,8,232,195 160 146 65 147 107 63 81
9,"blk.9.ffn_down_exps.weight",1,8,232,195 160 146 65 147 107 63 81
10,"blk.10.ffn_gate_exps.weight",1,8,232,214 53 91 140 149 114 9 220
10,"blk.10.ffn_up_exps.weight",1,8,232,214 53 91 140 149 114 9 220
10,"blk.10.ffn_down_exps.weight",1,8,232,214 53 91 140 149 114 9 220
11,"blk.11.ffn_gate_exps.weight",1,8,232,114 57 215 120 139 38 108 12
11,"blk.11.ffn_up_exps.weight",1,8,232,114 57 215 120 139 38 108 12
11,"blk.11.ffn_down_exps.weight",1,8,232,114 57 215 120 139 38 108 12
12,"blk.12.ffn_gate_exps.weight",1,8,232,12 207 94 178 6 193 80 71
12,"blk.12.ffn_up_exps.weight",1,8,232,12 207 94 178 6 193 80 71
12,"blk.12.ffn_down_exps.weight",1,8,232,12 207 94 178 6 193 80 71
13,"blk.13.ffn_gate_exps.weight",1,8,232,13 225 187 50 213 81 84 144
13,"blk.13.ffn_up_exps.weight",1,8,232,13 225 187 50 213 81 84 144
13,"blk.13.ffn_down_exps.weight",1,8,232,13 225 187 50 213 81 84 144
14,"blk.14.ffn_gate_exps.weight",1,8,232,107 129 4 117 7 206 114 14
14,"blk.14.ffn_up_exps.weight",1,8,232,107 129 4 117 7 206 114 14
14,"blk.14.ffn_down_exps.weight",1,8,232,107 129 4 117 7 206 114 14
15,"blk.15.ffn_gate_exps.weight",1,8,232,86 200 12 37 119 192 220 201
15,"blk.15.ffn_up_exps.weight",1,8,232,86 200 12 37 119 192 220 201
15,"blk.15.ffn_down_exps.weight",1,8,232,86 200 12 37 119 192 220 201
16,"blk.16.ffn_gate_exps.weight",1,8,232,142 125 8 144 31 136 40 230
16,"blk.16.ffn_up_exps.weight",1,8,232,142 125 8 144 31 136 40 230
16,"blk.16.ffn_down_exps.weight",1,8,232,142 125 8 144 31 136 40 230
17,"blk.17.ffn_gate_exps.weight",1,8,232,13 19 41 229 220 159 1 152
17,"blk.17.ffn_up_exps.weight",1,8,232,13 19 41 229 220 159 1 152
17,"blk.17.ffn_down_exps.weight",1,8,232,13 19 41 229 220 159 1 152
18,"blk.18.ffn_gate_exps.weight",1,8,232,177 194 119 229 219 136 187 16
18,"blk.18.ffn_up_exps.weight",1,8,232,177 194 119 229 219 136 187 16
18,"blk.18.ffn_down_exps.weight",1,8,232,177 194 119 229 219 136 187 16
19,"blk.19.ffn_gate_exps.weight",1,8,232,157 178 64 132 165 226 187 161
19,"blk.19.ffn_up_exps.weight",1,8,232,157 178 64 132 165 226 187 161
19,"blk.19.ffn_down_exps.weight",1,8,232,157 178 64 132 165 226 187 161
20,"blk.20.ffn_gate_exps.weight",1,8,232,76 210 104 220 195 17 227 180
20,"blk.20.ffn_up_exps.weight",1,8,232,76 210 104 220 195 17 227 180
20,"blk.20.ffn_down_exps.weight",1,8,232,76 210 104 220 195 17 227 180
21,"blk.21.ffn_gate_exps.weight",1,8,232,27 36 140 19 110 169 48 69
21,"blk.21.ffn_up_exps.weight",1,8,232,27 36 140 19 110 169 48 69
21,"blk.21.ffn_down_exps.weight",1,8,232,27 36 140 19 110 169 48 69
22,"blk.22.ffn_gate_exps.weight",1,8,232,222 84 78 76 117 91 144 194
22,"blk.22.ffn_up_exps.weight",1,8,232,222 84 78 76 117 91 144 194
22,"blk.22.ffn_down_exps.weight",1,8,232,222 84 78 76 117 91 144 194
23,"blk.23.ffn_gate_exps.weight",1,8,232,15 166 32 50 205 74 185 121
23,"blk.23.ffn_up_exps.weight",1,8,232,15 166 32 50 205 74 185 121
23,"blk.23.ffn_down_exps.weight",1,8,232,15 166 32 50 205 74 185 121
24,"blk.24.ffn_gate_exps.weight",1,8,232,81 219 194 49 9 105 44 205
24,"blk.24.ffn_up_exps.weight",1,8,232,81 219 194 49 9 105 44 205
24,"blk.24.ffn_down_exps.weight",1,8,232,81 219 194 49 9 105 44 205
25,"blk.25.ffn_gate_exps.weight",1,8,232,76 203 211 105 155 81 79 130
25,"blk.25.ffn_up_exps.weight",1,8,232,76 203 211 105 155 81 79 130
25,"blk.25.ffn_down_exps.weight",1,8,232,76 203 211 105 155 81 79 130
26,"blk.26.ffn_gate_exps.weight",1,8,232,209 155 58 130 45 222 59 190
26,"blk.26.ffn_up_exps.weight",1,8,232,209 155 58 130 45 222 59 190
26,"blk.26.ffn_down_exps.weight",1,8,232,209 155 58 130 45 222 59 190
27,"blk.27.ffn_gate_exps.weight",1,8,232,111 0 166 67 97 12 93 90
27,"blk.27.ffn_up_exps.weight",1,8,232,111 0 166 67 97 12 93 90
27,"blk.27.ffn_down_exps.weight",1,8,232,111 0 166 67 97 12 93 90
0,"blk.0.ffn_gate_exps.weight",1,8,232,27 80 46 56 43 187 218 79
0,"blk.0.ffn_up_exps.weight",1,8,232,27 80 46 56 43 187 218 79
0,"blk.0.ffn_down_exps.weight",1,8,232,27 80 46 56 43 187 218 79
1,"blk.1.ffn_gate_exps.weight",1,8,232,220 127 72 105 150 62 198 64
1,"blk.1.ffn_up_exps.weight",1,8,232,220 127 72 105 150 62 198 64
1,"blk.1.ffn_down_exps.weight",1,8,232,220 127 72 105 150 62 198 64
2,"blk.2.ffn_gate_exps.weight",1,8,232,134 46 165 40 215 91 65 193
2,"blk.2.ffn_up_exps.weight",1,8,232,134 46 165 40 215 91 65 193
2,"blk.2.ffn_down_exps.weight",1,8,232,134 46 165 40 215 91 65 193
3,"blk.3.ffn_gate_exps.weight",1,8,232,82 23 146 87 65 127 153 81
3,"blk.3.ffn_up_exps.weight",1,8,232,82 23 146 87 65 127 153 81
3,"blk.3.ffn_down_exps.weight",1,8,232,82 23 146 87 65 127 153 81
4,"blk.4.ffn_gate_exps.weight",1,8,232,50 225 64 206 188 54 13 89
4,"blk.4.ffn_up_exps.weight",1,8,232,50 225 64 206 188 54 13 89
4,"blk.4.ffn_down_exps.weight",1,8,232,50 225 64 206 188 54 13 89
5,"blk.5.ffn_gate_exps.weight",1,8,232,95 205 193 176 14 165 29 43
5,"blk.5.ffn_up_exps.weight",1,8,232,95 205 193 176 14 165 29 43
5,"blk.5.ffn_down_exps.weight",1,8,232,95 205 193 176 14 165 29 43
6,"blk.6.ffn_gate_exps.weight",1,8,232,109 226 176 27 201 72 68 74
6,"blk.6.ffn_up_exps.weight",1,8,232,109 226 176 27 201 72 68 74
6,"blk.6.ffn_down_exps.weight",1,8,232,109 226 176 27 201 72 68 74
7,"blk.7.ffn_gate_exps.weight",1,8,232,225 126 89 100 77 151 57 185
7,"blk.7.ffn_up_exps.weight",1,8,232,225 126 89 100 77 151 57 185
7,"blk.7.ffn_down_exps.weight",1,8,232,225 126 89 100 77 151 57 185
8,"blk.8.ffn_gate_exps.weight",1,8,232,223 175 61 95 48 82 22 130
8,"blk.8.ffn_up_exps.weight",1,8,232,223 175 61 95 48 82 22 130
8,"blk.8.ffn_down_exps.weight",1,8,232,223 175 61 95 48 82 22 130
9,"blk.9.ffn_gate_exps.weight",1,8,232,81 5 46 9 63 107 182 98
9,"blk.9.ffn_up_exps.weight",1,8,232,81 5 46 9 63 107 182 98
9,"blk.9.ffn_down_exps.weight",1,8,232,81 5 46 9 63 107 182 98
10,"blk.10.ffn_gate_exps.weight",1,8,232,140 214 95 111 179 53 102 55
10,"blk.10.ffn_up_exps.weight",1,8,232,140 214 95 111 179 53 102 55
10,"blk.10.ffn_down_exps.weight",1,8,232,140 214 95 111 179 53 102 55
11,"blk.11.ffn_gate_exps.weight",1,8,232,125 63 161 59 131 144 173 90
11,"blk.11.ffn_up_exps.weight",1,8,232,125 63 161 59 131 144 173 90
11,"blk.11.ffn_down_exps.weight",1,8,232,125 63 161 59 131 144 173 90
12,"blk.12.ffn_gate_exps.weight",1,8,232,222 12 159 169 89 194 10 34
12,"blk.12.ffn_up_exps.weight",1,8,232,222 12 159 169 89 194 10 34
12,"blk.12.ffn_down_exps.weight",1,8,232,222 12 159 169 89 194 10 34
13,"blk.13.ffn_gate_exps.weight",1,8,232,111 53 84 24 228 224 88 144
13,"blk.13.ffn_up_exps.weight",1,8,232,111 53 84 24 228 224 88 144
13,"blk.13.ffn_down_exps.weight",1,8,232,111 53 84 24 228 224 88 144
14,"blk.14.ffn_gate_exps.weight",1,8,232,82 200 121 225 194 114 46 123
14,"blk.14.ffn_up_exps.weight",1,8,232,82 200 121 225 194 114 46 123
14,"blk.14.ffn_down_exps.weight",1,8,232,82 200 121 225 194 114 46 123
15,"blk.15.ffn_gate_exps.weight",1,8,232,158 230 55 192 44 25 201 21
15,"blk.15.ffn_up_exps.weight",1,8,232,158 230 55 192 44 25 201 21
15,"blk.15.ffn_down_exps.weight",1,8,232,158 230 55 192 44 25 201 21
16,"blk.16.ffn_gate_exps.weight",1,8,232,126 127 92 86 98 51 165 73
16,"blk.16.ffn_up_exps.weight",1,8,232,126 127 92 86 98 51 165 73
16,"blk.16.ffn_down_exps.weight",1,8,232,126 127 92 86 98 51 165 73
17,"blk.17.ffn_gate_exps.weight",1,8,232,102 1 229 180 105 63 11 159
17,"blk.17.ffn_up_exps.weight",1,8,232,102 1 229 180 105 63 11 159
17,"blk.17.ffn_down_exps.weight",1,8,232,102 1 229 180 105 63 11 159
18,"blk.18.ffn_gate_exps.weight",1,8,232,134 123 37 132 78 121 182 56
18,"blk.18.ffn_up_exps.weight",1,8,232,134 123 37 132 78 121 182 56
18,"blk.18.ffn_down_exps.weight",1,8,232,134 123 37 132 78 121 182 56
19,"blk.19.ffn_gate_exps.weight",1,8,232,157 99 164 205 137 85 117 35
19,"blk.19.ffn_up_exps.weight",1,8,232,157 99 164 205 137 85 117 35
19,"blk.19.ffn_down_exps.weight",1,8,232,157 99 164 205 137 85 117 35
20,"blk.20.ffn_gate_exps.weight",1,8,232,94 4 151 111 45 106 96 22
20,"blk.20.ffn_up_exps.weight",1,8,232,94 4 151 111 45 106 96 22
20,"blk.20.ffn_down_exps.weight",1,8,232,94 4 151 111 45 106 96 22
21,"blk.21.ffn_gate_exps.weight",1,8,232,68 188 153 127 43 211 110 169
21,"blk.21.ffn_up_exps.weight",1,8,232,68 188 153 127 43 211 110 169
21,"blk.21.ffn_down_exps.weight",1,8,232,68 188 153 127 43 211 110 169
22,"blk.22.ffn_gate_exps.weight",1,8,232,41 106 37 166 220 205 98 162
22,"blk.22.ffn_up_exps.weight",1,8,232,41 106 37 166 220 205 98 162
22,"blk.22.ffn_down_exps.weight",1,8,232,41 106 37 166 220 205 98 162
23,"blk.23.ffn_gate_exps.weight",1,8,232,58 220 202 91 102 145 205 14
23,"blk.23.ffn_up_exps.weight",1,8,232,58 220 202 91 102 145 205 14
23,"blk.23.ffn_down_exps.weight",1,8,232,58 220 202 91 102 145 205 14
24,"blk.24.ffn_gate_exps.weight",1,8,232,114 13 29 37 124 101 34 69
24,"blk.24.ffn_up_exps.weight",1,8,232,114 13 29 37 124 101 34 69
24,"blk.24.ffn_down_exps.weight",1,8,232,114 13 29 37 124 101 34 69
25,"blk.25.ffn_gate_exps.weight",1,8,232,112 111 17 117 195 103 33 130
25,"blk.25.ffn_up_exps.weight",1,8,232,112 111 17 117 195 103 33 130
25,"blk.25.ffn_down_exps.weight",1,8,232,112 111 17 117 195 103 33 130
26,"blk.26.ffn_gate_exps.weight",1,8,232,132 141 182 143 201 202 206 117
26,"blk.26.ffn_up_exps.weight",1,8,232,132 141 182 143 201 202 206 117
26,"blk.26.ffn_down_exps.weight",1,8,232,132 141 182 143 201 202 206 117
27,"blk.27.ffn_gate_exps.weight",1,8,232,199 177 35 79 29 111 184 87
27,"blk.27.ffn_up_exps.weight",1,8,232,199 177 35 79 29 111 184 87
27,"blk.27.ffn_down_exps.weight",1,8,232,199 177 35 79 29 111 184 87
0,"blk.0.ffn_gate_exps.weight",1,8,232,111 52 16 195 110 98 106 81
0,"blk.0.ffn_up_exps.weight",1,8,232,111 52 16 195 110 98 106 81
0,"blk.0.ffn_down_exps.weight",1,8,232,111 52 16 195 110 98 106 81
1,"blk.1.ffn_gate_exps.weight",1,8,232,23 231 121 47 15 197 176 216
1,"blk.1.ffn_up_exps.weight",1,8,232,23 231 121 47 15 197 176 216
1,"blk.1.ffn_down_exps.weight",1,8,232,23 231 121 47 15 197 176 216
2,"blk.2.ffn_gate_exps.weight",1,8,232,108 29 56 96 0 42 82 209
2,"blk.2.ffn_up_exps.weight",1,8,232,108 29 56 96 0 42 82 209
2,"blk.2.ffn_down_exps.weight",1,8,232,108 29 56 96 0 42 82 209
3,"blk.3.ffn_gate_exps.weight",1,8,232,92 72 231 81 67 10 13 59
3,"blk.3.ffn_up_exps.weight",1,8,232,92 72 231 81 67 10 13 59
3,"blk.3.ffn_down_exps.weight",1,8,232,92 72 231 81 67 10 13 59
4,"blk.4.ffn_gate_exps.weight",1,8,232,29 194 117 58 12 27 9 33
4,"blk.4.ffn_up_exps.weight",1,8,232,29 194 117 58 12 27 9 33
4,"blk.4.ffn_down_exps.weight",1,8,232,29 194 117 58 12 27 9 33
5,"blk.5.ffn_gate_exps.weight",1,8,232,157 41 176 42 136 223 33 163
5,"blk.5.ffn_up_exps.weight",1,8,232,157 41 176 42 136 223 33 163
5,"blk.5.ffn_down_exps.weight",1,8,232,157 41 176 42 136 223 33 163
6,"blk.6.ffn_gate_exps.weight",1,8,232,184 89 37 64 175 138 21 220
6,"blk.6.ffn_up_exps.weight",1,8,232,184 89 37 64 175 138 21 220
6,"blk.6.ffn_down_exps.weight",1,8,232,184 89 37 64 175 138 21 220
7,"blk.7.ffn_gate_exps.weight",1,8,232,110 176 112 94 115 3 128 30
7,"blk.7.ffn_up_exps.weight",1,8,232,110 176 112 94 115 3 128 30
7,"blk.7.ffn_down_exps.weight",1,8,232,110 176 112 94 115 3 128 30
8,"blk.8.ffn_gate_exps.weight",1,8,232,94 166 226 63 130 170 164 18
8,"blk.8.ffn_up_exps.weight",1,8,232,94 166 226 63 130 170 164 18
8,"blk.8.ffn_down_exps.weight",1,8,232,94 166 226 63 130 170 164 18
9,"blk.9.ffn_gate_exps.weight",1,8,232,112 62 81 202 87 70 98 9
9,"blk.9.ffn_up_exps.weight",1,8,232,112 62 81 202 87 70 98 9
9,"blk.9.ffn_down_exps.weight",1,8,232,112 62 81 202 87 70 98 9
10,"blk.10.ffn_gate_exps.weight",1,8,232,92 83 42 93 189 12 147 69
10,"blk.10.ffn_up_exps.weight",1,8,232,92 83 42 93 189 12 147 69
10,"blk.10.ffn_down_exps.weight",1,8,232,92 83 42 93 189 12 147 69
11,"blk.11.ffn_gate_exps.weight",1,8,232,117 191 133 105 134 165 65 35
11,"blk.11.ffn_up_exps.weight",1,8,232,117 191 133 105 134 165 65 35
11,"blk.11.ffn_down_exps.weight",1,8,232,117 191 133 105 134 165 65 35
12,"blk.12.ffn_gate_exps.weight",1,8,232,195 119 94 198 203 202 169 125
12,"blk.12.ffn_up_exps.weight",1,8,232,195 119 94 198 203 202 169 125
12,"blk.12.ffn_down_exps.weight",1,8,232,195 119 94 198 203 202 169 125
13,"blk.13.ffn_gate_exps.weight",1,8,232,47 149 63 146 77 76 14 123
13,"blk.13.ffn_up_exps.weight",1,8,232,47 149 63 146 77 76 14 123
13,"blk.13.ffn_down_exps.weight",1,8,232,47 149 63 146 77 76 14 123
14,"blk.14.ffn_gate_exps.weight",1,8,232,99 179 158 167 84 148 58 120
14,"blk.14.ffn_up_exps.weight",1,8,232,99 179 158 167 84 148 58 120
14,"blk.14.ffn_down_exps.weight",1,8,232,99 179 158 167 84 148 58 120
15,"blk.15.ffn_gate_exps.weight",1,8,232,142 148 161 116 18 204 171 182
15,"blk.15.ffn_up_exps.weight",1,8,232,142 148 161 116 18 204 171 182
15,"blk.15.ffn_down_exps.weight",1,8,232,142 148 161 116 18 204 171 182
16,"blk.16.ffn_gate_exps.weight",1,8,232,191 5 62 97 147 166 114 60
16,"blk.16.ffn_up_exps.weight",1,8,232,191 5 62 97 147 166 114 60
16,"blk.16.ffn_down_exps.weight",1,8,232,191 5 62 97 147 166 114 60
17,"blk.17.ffn_gate_exps.weight",1,8,232,23 117 158 99 55 124 94 126
17,"blk.17.ffn_up_exps.weight",1,8,232,23 117 158 99 55 124 94 126
17,"blk.17.ffn_down_exps.weight",1,8,232,23 117 158 99 55 124 94 126
18,"blk.18.ffn_gate_exps.weight",1,8,232,174 131 202 207 24 148 33 209
18,"blk.18.ffn_up_exps.weight",1,8,232,174 131 202 207 24 148 33 209
18,"blk.18.ffn_down_exps.weight",1,8,232,174 131 202 207 24 148 33 209
19,"blk.19.ffn_gate_exps.weight",1,8,232,39 197 48 92 43 214 60 153
19,"blk.19.ffn_up_exps.weight",1,8,232,39 197 48 92 43 214 60 153
19,"blk.19.ffn_down_exps.weight",1,8,232,39 197 48 92 43 214 60 153
20,"blk.20.ffn_gate_exps.weight",1,8,232,39 20 73 130 165 166 155 79
20,"blk.20.ffn_up_exps.weight",1,8,232,39 20 73 130 165 166 155 79
20,"blk.20.ffn_down_exps.weight",1,8,232,39 20 73 130 165 166 155 79
21,"blk.21.ffn_gate_exps.weight",1,8,232,42 198 11 205 168 89 30 188
21,"blk.21.ffn_up_exps.weight",1,8,232,42 198 11 205 168 89 30 188
21,"blk.21.ffn_down_exps.weight",1,8,232,42 198 11 205 168 89 30 188
22,"blk.22.ffn_gate_exps.weight",1,8,232,191 38 41 102 99 94 205 110
22,"blk.22.ffn_up_exps.weight",1,8,232,191 38 41 102 99 94 205 110
22,"blk.22.ffn_down_exps.weight",1,8,232,191 38 41 102 99 94 205 110
23,"blk.23.ffn_gate_exps.weight",1,8,232,102 0 58 30 231 181 71 220
23,"blk.23.ffn_up_exps.weight",1,8,232,102 0 58 30 231 181 71 220
23,"blk.23.ffn_down_exps.weight",1,8,232,102 0 58 30 231 181 71 220
24,"blk.24.ffn_gate_exps.weight",1,8,232,37 172 143 167 78 175 214 40
24,"blk.24.ffn_up_exps.weight",1,8,232,37 172 143 167 78 175 214 40
24,"blk.24.ffn_down_exps.weight",1,8,232,37 172 143 167 78 175 214 40
25,"blk.25.ffn_gate_exps.weight",1,8,232,31 102 112 110 171 231 151 180
25,"blk.25.ffn_up_exps.weight",1,8,232,31 102 112 110 171 231 151 180
25,"blk.25.ffn_down_exps.weight",1,8,232,31 102 112 110 171 231 151 180
26,"blk.26.ffn_gate_exps.weight",1,8,232,132 184 182 141 140 91 72 159
26,"blk.26.ffn_up_exps.weight",1,8,232,132 184 182 141 140 91 72 159
26,"blk.26.ffn_down_exps.weight",1,8,232,132 184 182 141 140 91 72 159
27,"blk.27.ffn_gate_exps.weight",1,8,232,106 29 177 202 75 161 87 54
27,"blk.27.ffn_up_exps.weight",1,8,232,106 29 177 202 75 161 87 54
27,"blk.27.ffn_down_exps.weight",1,8,232,106 29 177 202 75 161 87 54
0,"blk.0.ffn_gate_exps.weight",1,8,232,73 21 209 39 190 196 54 189
0,"blk.0.ffn_up_exps.weight",1,8,232,73 21 209 39 190 196 54 189
0,"blk.0.ffn_down_exps.weight",1,8,232,73 21 209 39 190 196 54 189
1,"blk.1.ffn_gate_exps.weight",1,8,232,93 83 25 43 71 133 85 81
1,"blk.1.ffn_up_exps.weight",1,8,232,93 83 25 43 71 133 85 81
1,"blk.1.ffn_down_exps.weight",1,8,232,93 83 25 43 71 133 85 81
2,"blk.2.ffn_gate_exps.weight",1,8,232,48 87 124 205 100 212 193 25
2,"blk.2.ffn_up_exps.weight",1,8,232,48 87 124 205 100 212 193 25
2,"blk.2.ffn_down_exps.weight",1,8,232,48 87 124 205 100 212 193 25
3,"blk.3.ffn_gate_exps.weight",1,8,232,77 192 131 194 151 215 108 106
3,"blk.3.ffn_up_exps.weight",1,8,232,77 192 131 194 151 215 108 106
3,"blk.3.ffn_down_exps.weight",1,8,232,77 192 131 194 151 215 108 106
4,"blk.4.ffn_gate_exps.weight",1,8,232,149 110 18 56 53 4 199 223
4,"blk.4.ffn_up_exps.weight",1,8,232,149 110 18 56 53 4 199 223
4,"blk.4.ffn_down_exps.weight",1,8,232,149 110 18 56 53 4 199 223
5,"blk.5.ffn_gate_exps.weight",1,8,232,146 45 24 25 111 34 223 158
5,"blk.5.ffn_up_exps.weight",1,8,232,146 45 24 25 111 34 223 158
5,"blk.5.ffn_down_exps.weight",1,8,232,146 45 24 25 111 34 223 158
6,"blk.6.ffn_gate_exps.weight",1,8,232,52 66 112 58 83 127 152 13
6,"blk.6.ffn_up_exps.weight",1,8,232,52 66 112 58 83 127 152 13
6,"blk.6.ffn_down_exps.weight",1,8,232,52 66 112 58 83 127 152 13
7,"blk.7.ffn_gate_exps.weight",1,8,232,142 194 61 77 91 10 195 5
7,"blk.7.ffn_up_exps.weight",1,8,232,142 194 61 77 91 10 195 5
7,"blk.7.ffn_down_exps.weight",1,8,232,142 194 61 77 91 10 195 5
8,"blk.8.ffn_gate_exps.weight",1,8,232,175 36 128 206 54 139 202 105
8,"blk.8.ffn_up_exps.weight",1,8,232,175 36 128 206 54 139 202 105
8,"blk.8.ffn_down_exps.weight",1,8,232,175 36 128 206 54 139 202 105
9,"blk.9.ffn_gate_exps.weight",1,8,232,133 81 162 63 21 151 121 71
9,"blk.9.ffn_up_exps.weight",1,8,232,133 81 162 63 21 151 121 71
9,"blk.9.ffn_down_exps.weight",1,8,232,133 81 162 63 21 151 121 71
10,"blk.10.ffn_gate_exps.weight",1,8,232,214 115 34 107 172 113 72 111
10,"blk.10.ffn_up_exps.weight",1,8,232,214 115 34 107 172 113 72 111
10,"blk.10.ffn_down_exps.weight",1,8,232,214 115 34 107 172 113 72 111
11,"blk.11.ffn_gate_exps.weight",1,8,232,94 144 59 44 51 131 104 114
11,"blk.11.ffn_up_exps.weight",1,8,232,94 144 59 44 51 131 104 114
11,"blk.11.ffn_down_exps.weight",1,8,232,94 144 59 44 51 131 104 114
12,"blk.12.ffn_gate_exps.weight",1,8,232,169 75 21 144 187 59 12 194
12,"blk.12.ffn_up_exps.weight",1,8,232,169 75 21 144 187 59 12 194
12,"blk.12.ffn_down_exps.weight",1,8,232,169 75 21 144 187 59 12 194
13,"blk.13.ffn_gate_exps.weight",1,8,232,158 123 147 50 94 56 12 140
13,"blk.13.ffn_up_exps.weight",1,8,232,158 123 147 50 94 56 12 140
13,"blk.13.ffn_down_exps.weight",1,8,232,158 123 147 50 94 56 12 140
14,"blk.14.ffn_gate_exps.weight",1,8,232,82 85 121 129 195 206 203 225
14,"blk.14.ffn_up_exps.weight",1,8,232,82 85 121 129 195 206 203 225
14,"blk.14.ffn_down_exps.weight",1,8,232,82 85 121 129 195 206 203 225
15,"blk.15.ffn_gate_exps.weight",1,8,232,55 59 194 220 17 228 204 102
15,"blk.15.ffn_up_exps.weight",1,8,232,55 59 194 220 17 228 204 102
15,"blk.15.ffn_down_exps.weight",1,8,232,55 59 194 220 17 228 204 102
16,"blk.16.ffn_gate_exps.weight",1,8,232,8 61 139 110 230 153 208 98
16,"blk.16.ffn_up_exps.weight",1,8,232,8 61 139 110 230 153 208 98
16,"blk.16.ffn_down_exps.weight",1,8,232,8 61 139 110 230 153 208 98
17,"blk.17.ffn_gate_exps.weight",1,8,232,214 173 229 159 219 19 1 213
17,"blk.17.ffn_up_exps.weight",1,8,232,214 173 229 159 219 19 1 213
17,"blk.17.ffn_down_exps.weight",1,8,232,214 173 229 159 219 19 1 213
18,"blk.18.ffn_gate_exps.weight",1,8,232,177 223 64 193 228 182 186 227
18,"blk.18.ffn_up_exps.weight",1,8,232,177 223 64 193 228 182 186 227
18,"blk.18.ffn_down_exps.weight",1,8,232,177 223 64 193 228 182 186 227
19,"blk.19.ffn_gate_exps.weight",1,8,232,157 35 23 99 204 77 206 137
19,"blk.19.ffn_up_exps.weight",1,8,232,157 35 23 99 204 77 206 137
19,"blk.19.ffn_down_exps.weight",1,8,232,157 35 23 99 204 77 206 137
20,"blk.20.ffn_gate_exps.weight",1,8,232,106 16 164 147 137 180 96 97
20,"blk.20.ffn_up_exps.weight",1,8,232,106 16 164 147 137 180 96 97
20,"blk.20.ffn_down_exps.weight",1,8,232,106 16 164 147 137 180 96 97
21,"blk.21.ffn_gate_exps.weight",1,8,232,214 153 127 122 66 68 36 121
21,"blk.21.ffn_up_exps.weight",1,8,232,214 153 127 122 66 68 36 121
21,"blk.21.ffn_down_exps.weight",1,8,232,214 153 127 122 66 68 36 121
22,"blk.22.ffn_gate_exps.weight",1,8,232,222 40 84 117 91 141 175 55
22,"blk.22.ffn_up_exps.weight",1,8,232,222 40 84 117 91 141 175 55
22,"blk.22.ffn_down_exps.weight",1,8,232,222 40 84 117 91 141 175 55
23,"blk.23.ffn_gate_exps.weight",1,8,232,213 23 3 100 57 122 61 83
23,"blk.23.ffn_up_exps.weight",1,8,232,213 23 3 100 57 122 61 83
23,"blk.23.ffn_down_exps.weight",1,8,232,213 23 3 100 57 122 61 83
24,"blk.24.ffn_gate_exps.weight",1,8,232,78 83 90 81 119 194 219 114
24,"blk.24.ffn_up_exps.weight",1,8,232,78 83 90 81 119 194 219 114
24,"blk.24.ffn_down_exps.weight",1,8,232,78 83 90 81 119 194 219 114
25,"blk.25.ffn_gate_exps.weight",1,8,232,76 70 185 224 124 118 210 59
25,"blk.25.ffn_up_exps.weight",1,8,232,76 70 185 224 124 118 210 59
25,"blk.25.ffn_down_exps.weight",1,8,232,76 70 185 224 124 118 210 59
26,"blk.26.ffn_gate_exps.weight",1,8,232,136 22 190 115 119 114 124 117
26,"blk.26.ffn_up_exps.weight",1,8,232,136 22 190 115 119 114 124 117
26,"blk.26.ffn_down_exps.weight",1,8,232,136 22 190 115 119 114 124 117
27,"blk.27.ffn_gate_exps.weight",1,8,232,166 35 0 178 182 124 194 199
27,"blk.27.ffn_up_exps.weight",1,8,232,166 35 0 178 182 124 194 199
27,"blk.27.ffn_down_exps.weight",1,8,232,166 35 0 178 182 124 194 199
0,"blk.0.ffn_gate_exps.weight",1,8,232,80 27 46 56 187 43 142 34
0,"blk.0.ffn_up_exps.weight",1,8,232,80 27 46 56 187 43 142 34
0,"blk.0.ffn_down_exps.weight",1,8,232,80 27 46 56 187 43 142 34
1,"blk.1.ffn_gate_exps.weight",1,8,232,220 127 105 159 116 198 209 150
1,"blk.1.ffn_up_exps.weight",1,8,232,220 127 105 159 116 198 209 150
1,"blk.1.ffn_down_exps.weight",1,8,232,220 127 105 159 116 198 209 150
2,"blk.2.ffn_gate_exps.weight",1,8,232,134 165 40 54 89 193 57 65
2,"blk.2.ffn_up_exps.weight",1,8,232,134 165 40 54 89 193 57 65
2,"blk.2.ffn_down_exps.weight",1,8,232,134 165 40 54 89 193 57 65
3,"blk.3.ffn_gate_exps.weight",1,8,232,23 82 146 65 127 174 104 178
3,"blk.3.ffn_up_exps.weight",1,8,232,23 82 146 65 127 174 104 178
3,"blk.3.ffn_down_exps.weight",1,8,232,23 82 146 65 127 174 104 178
4,"blk.4.ffn_gate_exps.weight",1,8,232,54 76 64 182 50 6 90 111
4,"blk.4.ffn_up_exps.weight",1,8,232,54 76 64 182 50 6 90 111
4,"blk.4.ffn_down_exps.weight",1,8,232,54 76 64 182 50 6 90 111
5,"blk.5.ffn_gate_exps.weight",1,8,232,146 14 101 126 231 120 35 193
5,"blk.5.ffn_up_exps.weight",1,8,232,146 14 101 126 231 120 35 193
5,"blk.5.ffn_down_exps.weight",1,8,232,146 14 101 126 231 120 35 193
6,"blk.6.ffn_gate_exps.weight",1,8,232,221 226 5 56 203 109 127 60
6,"blk.6.ffn_up_exps.weight",1,8,232,221 226 5 56 203 109 127 60
6,"blk.6.ffn_down_exps.weight",1,8,232,221 226 5 56 203 109 127 60
7,"blk.7.ffn_gate_exps.weight",1,8,232,127 77 225 31 91 194 60 10
7,"blk.7.ffn_up_exps.weight",1,8,232,127 77 225 31 91 194 60 10
7,"blk.7.ffn_down_exps.weight",1,8,232,127 77 225 31 91 194 60 10
8,"blk.8.ffn_gate_exps.weight",1,8,232,175 119 128 61 78 126 124 12
8,"blk.8.ffn_up_exps.weight",1,8,232,175 119 128 61 78 126 124 12
8,"blk.8.ffn_down_exps.weight",1,8,232,175 119 128 61 78 126 124 12
9,"blk.9.ffn_gate_exps.weight",1,8,232,147 81 199 162 219 14 133 140
9,"blk.9.ffn_up_exps.weight",1,8,232,147 81 199 162 219 14 133 140
9,"blk.9.ffn_down_exps.weight",1,8,232,147 81 199 162 219 14 133 140
10,"blk.10.ffn_gate_exps.weight",1,8,232,95 214 58 155 56 55 72 140
10,"blk.10.ffn_up_exps.weight",1,8,232,95 214 58 155 56 55 72 140
10,"blk.10.ffn_down_exps.weight",1,8,232,95 214 58 155 56 55 72 140
11,"blk.11.ffn_gate_exps.weight",1,8,232,144 210 59 131 51 218 140 216
11,"blk.11.ffn_up_exps.weight",1,8,232,144 210 59 131 51 218 140 216
11,"blk.11.ffn_down_exps.weight",1,8,232,144 210 59 131 51 218 140 216
12,"blk.12.ffn_gate_exps.weight",1,8,232,12 144 221 160 30 34 94 21
12,"blk.12.ffn_up_exps.weight",1,8,232,12 144 221 160 30 34 94 21
12,"blk.12.ffn_down_exps.weight",1,8,232,12 144 221 160 30 34 94 21
13,"blk.13.ffn_gate_exps.weight",1,8,232,158 140 50 53 88 163 36 104
13,"blk.13.ffn_up_exps.weight",1,8,232,158 140 50 53 88 163 36 104
13,"blk.13.ffn_down_exps.weight",1,8,232,158 140 50 53 88 163 36 104
14,"blk.14.ffn_gate_exps.weight",1,8,232,85 129 82 212 35 132 37 206
14,"blk.14.ffn_up_exps.weight",1,8,232,85 129 82 212 35 132 37 206
14,"blk.14.ffn_down_exps.weight",1,8,232,85 129 82 212 35 132 37 206
15,"blk.15.ffn_gate_exps.weight",1,8,232,59 55 188 102 194 228 23 85
15,"blk.15.ffn_up_exps.weight",1,8,232,59 55 188 102 194 228 23 85
15,"blk.15.ffn_down_exps.weight",1,8,232,59 55 188 102 194 228 23 85
16,"blk.16.ffn_gate_exps.weight",1,8,232,210 110 28 98 177 165 198 44
16,"blk.16.ffn_up_exps.weight",1,8,232,210 110 28 98 177 165 198 44
16,"blk.16.ffn_down_exps.weight",1,8,232,210 110 28 98 177 165 198 44
17,"blk.17.ffn_gate_exps.weight",1,8,232,142 79 140 63 229 159 115 1
17,"blk.17.ffn_up_exps.weight",1,8,232,142 79 140 63 229 159 115 1
17,"blk.17.ffn_down_exps.weight",1,8,232,142 79 140 63 229 159 115 1
18,"blk.18.ffn_gate_exps.weight",1,8,232,193 51 64 56 186 182 228 218
18,"blk.18.ffn_up_exps.weight",1,8,232,193 51 64 56 186 182 228 218
18,"blk.18.ffn_down_exps.weight",1,8,232,193 51 64 56 186 182 228 218
19,"blk.19.ffn_gate_exps.weight",1,8,232,157 23 164 99 3 162 173 50
19,"blk.19.ffn_up_exps.weight",1,8,232,157 23 164 99 3 162 173 50
19,"blk.19.ffn_down_exps.weight",1,8,232,157 23 164 99 3 162 173 50
20,"blk.20.ffn_gate_exps.weight",1,8,232,96 137 111 151 45 22 16 106
20,"blk.20.ffn_up_exps.weight",1,8,232,96 137 111 151 45 22 16 106
20,"blk.20.ffn_down_exps.weight",1,8,232,96 137 111 151 45 22 16 106
21,"blk.21.ffn_gate_exps.weight",1,8,232,110 66 121 27 153 127 134 211
21,"blk.21.ffn_up_exps.weight",1,8,232,110 66 121 27 153 127 134 211
21,"blk.21.ffn_down_exps.weight",1,8,232,110 66 121 27 153 127 134 211
22,"blk.22.ffn_gate_exps.weight",1,8,232,41 228 106 27 23 71 142 166
22,"blk.22.ffn_up_exps.weight",1,8,232,41 228 106 27 23 71 142 166
22,"blk.22.ffn_down_exps.weight",1,8,232,41 228 106 27 23 71 142 166
23,"blk.23.ffn_gate_exps.weight",1,8,232,23 213 91 22 226 74 100 182
23,"blk.23.ffn_up_exps.weight",1,8,232,23 213 91 22 226 74 100 182
23,"blk.23.ffn_down_exps.weight",1,8,232,23 213 91 22 226 74 100 182
24,"blk.24.ffn_gate_exps.weight",1,8,232,114 78 175 62 29 81 213 204
24,"blk.24.ffn_up_exps.weight",1,8,232,114 78 175 62 29 81 213 204
24,"blk.24.ffn_down_exps.weight",1,8,232,114 78 175 62 29 81 213 204
25,"blk.25.ffn_gate_exps.weight",1,8,232,53 31 59 124 155 224 0 103
25,"blk.25.ffn_up_exps.weight",1,8,232,53 31 59 124 155 224 0 103
25,"blk.25.ffn_down_exps.weight",1,8,232,53 31 59 124 155 224 0 103
26,"blk.26.ffn_gate_exps.weight",1,8,232,39 140 206 117 95 201 225 141
26,"blk.26.ffn_up_exps.weight",1,8,232,39 140 206 117 95 201 225 141
26,"blk.26.ffn_down_exps.weight",1,8,232,39 140 206 117 95 201 225 141
27,"blk.27.ffn_gate_exps.weight",1,8,232,199 184 80 173 63 46 39 166
27,"blk.27.ffn_up_exps.weight",1,8,232,199 184 80 173 63 46 39 166
27,"blk.27.ffn_down_exps.weight",1,8,232,199 184 80 173 63 46 39 166
0,"blk.0.ffn_gate_exps.weight",1,8,232,135 52 111 22 10 7 174 199
0,"blk.0.ffn_up_exps.weight",1,8,232,135 52 111 22 10 7 174 199
0,"blk.0.ffn_down_exps.weight",1,8,232,135 52 111 22 10 7 174 199
1,"blk.1.ffn_gate_exps.weight",1,8,232,213 137 69 65 198 229 11 225
1,"blk.1.ffn_up_exps.weight",1,8,232,213 137 69 65 198 229 11 225
1,"blk.1.ffn_down_exps.weight",1,8,232,213 137 69 65 198 229 11 225
2,"blk.2.ffn_gate_exps.weight",1,8,232,29 191 4 224 42 57 217 58
2,"blk.2.ffn_up_exps.weight",1,8,232,29 191 4 224 42 57 217 58
2,"blk.2.ffn_down_exps.weight",1,8,232,29 191 4 224 42 57 217 58
3,"blk.3.ffn_gate_exps.weight",1,8,232,186 72 228 132 32 67 18 225
3,"blk.3.ffn_up_exps.weight",1,8,232,186 72 228 132 32 67 18 225
3,"blk.3.ffn_down_exps.weight",1,8,232,186 72 228 132 32 67 18 225
4,"blk.4.ffn_gate_exps.weight",1,8,232,29 79 36 6 168 9 194 196
4,"blk.4.ffn_up_exps.weight",1,8,232,29 79 36 6 168 9 194 196
4,"blk.4.ffn_down_exps.weight",1,8,232,29 79 36 6 168 9 194 196
5,"blk.5.ffn_gate_exps.weight",1,8,232,41 176 50 104 7 129 33 111
5,"blk.5.ffn_up_exps.weight",1,8,232,41 176 50 104 7 129 33 111
5,"blk.5.ffn_down_exps.weight",1,8,232,41 176 50 104 7 129 33 111
6,"blk.6.ffn_gate_exps.weight",1,8,232,184 80 10 147 127 24 129 210
6,"blk.6.ffn_up_exps.weight",1,8,232,184 80 10 147 127 24 129 210
6,"blk.6.ffn_down_exps.weight",1,8,232,184 80 10 147 127 24 129 210
7,"blk.7.ffn_gate_exps.weight",1,8,232,94 110 115 88 176 151 27 76
7,"blk.7.ffn_up_exps.weight",1,8,232,94 110 115 88 176 151 27 76
7,"blk.7.ffn_down_exps.weight",1,8,232,94 110 115 88 176 151 27 76
8,"blk.8.ffn_gate_exps.weight",1,8,232,94 55 151 206 101 128 226 127
8,"blk.8.ffn_up_exps.weight",1,8,232,94 55 151 206 101 128 226 127
8,"blk.8.ffn_down_exps.weight",1,8,232,94 55 151 206 101 128 226 127
9,"blk.9.ffn_gate_exps.weight",1,8,232,202 215 29 112 173 174 162 206
9,"blk.9.ffn_up_exps.weight",1,8,232,202 215 29 112 173 174 162 206
9,"blk.9.ffn_down_exps.weight",1,8,232,202 215 29 112 173 174 162 206
10,"blk.10.ffn_gate_exps.weight",1,8,232,93 42 199 92 189 12 7 217
10,"blk.10.ffn_up_exps.weight",1,8,232,93 42 199 92 189 12 7 217
10,"blk.10.ffn_down_exps.weight",1,8,232,93 42 199 92 189 12 7 217
11,"blk.11.ffn_gate_exps.weight",1,8,232,191 117 133 23 165 105 100 134
11,"blk.11.ffn_up_exps.weight",1,8,232,191 117 133 23 165 105 100 134
11,"blk.11.ffn_down_exps.weight",1,8,232,191 117 133 23 165 105 100 134
12,"blk.12.ffn_gate_exps.weight",1,8,232,102 198 119 173 94 111 125 169
12,"blk.12.ffn_up_exps.weight",1,8,232,102 198 119 173 94 111 125 169
12,"blk.12.ffn_down_exps.weight",1,8,232,102 198 119 173 94 111 125 169
13,"blk.13.ffn_gate_exps.weight",1,8,232,47 149 36 77 63 52 150 160
13,"blk.13.ffn_up_exps.weight",1,8,232,47 149 36 77 63 52 150 160
13,"blk.13.ffn_down_exps.weight",1,8,232,47 149 36 77 63 52 150 160
14,"blk.14.ffn_gate_exps.weight",1,8,232,179 85 84 155 58 222 167 79
14,"blk.14.ffn_up_exps.weight",1,8,232,179 85 84 155 58 222 167 79
14,"blk.14.ffn_down_exps.weight",1,8,232,179 85 84 155 58 222 167 79
15,"blk.15.ffn_gate_exps.weight",1,8,232,142 18 148 45 179 161 114 36
15,"blk.15.ffn_up_exps.weight",1,8,232,142 18 148 45 179 161 114 36
15,"blk.15.ffn_down_exps.weight",1,8,232,142 18 148 45 179 161 114 36
16,"blk.16.ffn_gate_exps.weight",1,8,232,102 191 5 97 62 50 114 147
16,"blk.16.ffn_up_exps.weight",1,8,232,102 191 5 97 62 50 114 147
16,"blk.16.ffn_down_exps.weight",1,8,232,102 191 5 97 62 50 114 147
17,"blk.17.ffn_gate_exps.weight",1,8,232,23 94 55 124 117 52 133 158
17,"blk.17.ffn_up_exps.weight",1,8,232,23 94 55 124 117 52 133 158
17,"blk.17.ffn_down_exps.weight",1,8,232,23 94 55 124 117 52 133 158
18,"blk.18.ffn_gate_exps.weight",1,8,232,174 131 31 77 103 39 54 9
18,"blk.18.ffn_up_exps.weight",1,8,232,174 131 31 77 103 39 54 9
18,"blk.18.ffn_down_exps.weight",1,8,232,174 131 31 77 103 39 54 9
19,"blk.19.ffn_gate_exps.weight",1,8,232,60 39 126 3 99 172 157 33
19,"blk.19.ffn_up_exps.weight",1,8,232,60 39 126 3 99 172 157 33
19,"blk.19.ffn_down_exps.weight",1,8,232,60 39 126 3 99 172 157 33
20,"blk.20.ffn_gate_exps.weight",1,8,232,20 73 155 130 132 151 43 118
20,"blk.20.ffn_up_exps.weight",1,8,232,20 73 155 130 132 151 43 118
20,"blk.20.ffn_down_exps.weight",1,8,232,20 73 155 130 132 151 43 118
21,"blk.21.ffn_gate_exps.weight",1,8,232,198 42 205 39 168 30 89 214
21,"blk.21.ffn_up_exps.weight",1,8,232,198 42 205 39 168 30 89 214
21,"blk.21.ffn_down_exps.weight",1,8,232,198 42 205 39 168 30 89 214
22,"blk.22.ffn_gate_exps.weight",1,8,232,191 41 38 205 94 99 156 166
22,"blk.22.ffn_up_exps.weight",1,8,232,191 41 38 205 94 99 156 166
22,"blk.22.ffn_down_exps.weight",1,8,232,191 41 38 205 94 99 156 166
23,"blk.23.ffn_gate_exps.weight",1,8,232,102 58 231 145 3 198 84 140
23,"blk.23.ffn_up_exps.weight",1,8,232,102 58 231 145 3 198 84 140
23,"blk.23.ffn_down_exps.weight",1,8,232,102 58 231 145 3 198 84 140
24,"blk.24.ffn_gate_exps.weight",1,8,232,37 172 167 143 78 175 40 214
24,"blk.24.ffn_up_exps.weight",1,8,232,37 172 167 143 78 175 40 214
24,"blk.24.ffn_down_exps.weight",1,8,232,37 172 167 143 78 175 40 214
25,"blk.25.ffn_gate_exps.weight",1,8,232,31 171 112 102 151 231 110 174
25,"blk.25.ffn_up_exps.weight",1,8,232,31 171 112 102 151 231 110 174
25,"blk.25.ffn_down_exps.weight",1,8,232,31 171 112 102 151 231 110 174
26,"blk.26.ffn_gate_exps.weight",1,8,232,132 141 91 184 206 182 140 72
26,"blk.26.ffn_up_exps.weight",1,8,232,132 141 91 184 206 182 140 72
26,"blk.26.ffn_down_exps.weight",1,8,232,132 141 91 184 206 182 140 72
27,"blk.27.ffn_gate_exps.weight",1,8,232,106 29 75 158 202 161 155 139
27,"blk.27.ffn_up_exps.weight",1,8,232,106 29 75 158 202 161 155 139
27,"blk.27.ffn_down_exps.weight",1,8,232,106 29 75 158 202 161 155 139
0,"blk.0.ffn_gate_exps.weight",1,8,232,165 182 13 140 196 205 141 15
0,"blk.0.ffn_up_exps.weight",1,8,232,165 182 13 140 196 205 141 15
0,"blk.0.ffn_down_exps.weight",1,8,232,165 182 13 140 196 205 141 15
1,"blk.1.ffn_gate_exps.weight",1,8,232,199 173 68 169 198 178 150 225
1,"blk.1.ffn_up_exps.weight",1,8,232,199 173 68 169 198 178 150 225
1,"blk.1.ffn_down_exps.weight",1,8,232,199 173 68 169 198 178 150 225
2,"blk.2.ffn_gate_exps.weight",1,8,232,100 48 6 205 221 47 57 149
2,"blk.2.ffn_up_exps.weight",1,8,232,100 48 6 205 221 47 57 149
2,"blk.2.ffn_down_exps.weight",1,8,232,100 48 6 205 221 47 57 149
3,"blk.3.ffn_gate_exps.weight",1,8,232,108 194 131 75 192 215 157 69
3,"blk.3.ffn_up_exps.weight",1,8,232,108 194 131 75 192 215 157 69
3,"blk.3.ffn_down_exps.weight",1,8,232,108 194 131 75 192 215 157 69
4,"blk.4.ffn_gate_exps.weight",1,8,232,56 110 191 223 149 87 127 201
4,"blk.4.ffn_up_exps.weight",1,8,232,56 110 191 223 149 87 127 201
4,"blk.4.ffn_down_exps.weight",1,8,232,56 110 191 223 149 87 127 201
5,"blk.5.ffn_gate_exps.weight",1,8,232,45 97 146 24 204 32 98 166
5,"blk.5.ffn_up_exps.weight",1,8,232,45 97 146 24 204 32 98 166
5,"blk.5.ffn_down_exps.weight",1,8,232,45 97 146 24 204 32 98 166
6,"blk.6.ffn_gate_exps.weight",1,8,232,222 227 133 125 44 127 49 121
6,"blk.6.ffn_up_exps.weight",1,8,232,222 227 133 125 44 127 49 121
6,"blk.6.ffn_down_exps.weight",1,8,232,222 227 133 125 44 127 49 121
7,"blk.7.ffn_gate_exps.weight",1,8,232,142 138 91 107 121 77 96 131
7,"blk.7.ffn_up_exps.weight",1,8,232,142 138 91 107 121 77 96 131
7,"blk.7.ffn_down_exps.weight",1,8,232,142 138 91 107 121 77 96 131
8,"blk.8.ffn_gate_exps.weight",1,8,232,105 175 208 12 10 139 206 111
8,"blk.8.ffn_up_exps.weight",1,8,232,105 175 208 12 10 139 206 111
8,"blk.8.ffn_down_exps.weight",1,8,232,105 175 208 12 10 139 206 111
9,"blk.9.ffn_gate_exps.weight",1,8,232,147 149 85 146 65 97 110 215
9,"blk.9.ffn_up_exps.weight",1,8,232,147 149 85 146 65 97 110 215
9,"blk.9.ffn_down_exps.weight",1,8,232,147 149 85 146 65 97 110 215
10,"blk.10.ffn_gate_exps.weight",1,8,232,214 91 140 220 101 114 170 102
10,"blk.10.ffn_up_exps.weight",1,8,232,214 91 140 220 101 114 170 102
10,"blk.10.ffn_down_exps.weight",1,8,232,214 91 140 220 101 114 170 102
11,"blk.11.ffn_gate_exps.weight",1,8,232,125 114 38 117 57 150 159 120
11,"blk.11.ffn_up_exps.weight",1,8,232,125 114 38 117 57 150 159 120
11,"blk.11.ffn_down_exps.weight",1,8,232,125 114 38 117 57 150 159 120
12,"blk.12.ffn_gate_exps.weight",1,8,232,147 12 6 86 178 207 80 160
12,"blk.12.ffn_up_exps.weight",1,8,232,147 12 6 86 178 207 80 160
12,"blk.12.ffn_down_exps.weight",1,8,232,147 12 6 86 178 207 80 160
13,"blk.13.ffn_gate_exps.weight",1,8,232,126 13 225 104 187 144 123 226
13,"blk.13.ffn_up_exps.weight",1,8,232,126 13 225 104 187 144 123 226
13,"blk.13.ffn_down_exps.weight",1,8,232,126 13 225 104 187 144 123 226
14,"blk.14.ffn_gate_exps.weight",1,8,232,107 129 7 4 82 19 205 26
14,"blk.14.ffn_up_exps.weight",1,8,232,107 129 7 4 82 19 205 26
14,"blk.14.ffn_down_exps.weight",1,8,232,107 129 7 4 82 19 205 26
15,"blk.15.ffn_gate_exps.weight",1,8,232,212 225 72 86 200 6 220 130
15,"blk.15.ffn_up_exps.weight",1,8,232,212 225 72 86 200 6 220 130
15,"blk.15.ffn_down_exps.weight",1,8,232,212 225 72 86 200 6 220 130
16,"blk.16.ffn_gate_exps.weight",1,8,232,203 142 53 200 138 90 91 113
16,"blk.16.ffn_up_exps.weight",1,8,232,203 142 53 200 138 90 91 113
16,"blk.16.ffn_down_exps.weight",1,8,232,203 142 53 200 138 90 91 113
17,"blk.17.ffn_gate_exps.weight",1,8,232,123 189 73 71 41 24 208 218
17,"blk.17.ffn_up_exps.weight",1,8,232,123 189 73 71 41 24 208 218
17,"blk.17.ffn_down_exps.weight",1,8,232,123 189 73 71 41 24 208 218
18,"blk.18.ffn_gate_exps.weight",1,8,232,210 40 197 177 214 31 219 127
18,"blk.18.ffn_up_exps.weight",1,8,232,210 40 197 177 214 31 219 127
18,"blk.18.ffn_down_exps.weight",1,8,232,210 40 197 177 214 31 219 127
19,"blk.19.ffn_gate_exps.weight",1,8,232,199 28 157 219 42 191 221 118
19,"blk.19.ffn_up_exps.weight",1,8,232,199 28 157 219 42 191 221 118
19,"blk.19.ffn_down_exps.weight",1,8,232,199 28 157 219 42 191 221 118
20,"blk.20.ffn_gate_exps.weight",1,8,232,198 138 169 59 108 201 147 49
20,"blk.20.ffn_up_exps.weight",1,8,232,198 138 169 59 108 201 147 49
20,"blk.20.ffn_down_exps.weight",1,8,232,198 138 169 59 108 201 147 49
21,"blk.21.ffn_gate_exps.weight",1,8,232,190 148 120 27 172 169 58 207
21,"blk.21.ffn_up_exps.weight",1,8,232,190 148 120 27 172 169 58 207
21,"blk.21.ffn_down_exps.weight",1,8,232,190 148 120 27 172 169 58 207
22,"blk.22.ffn_gate_exps.weight",1,8,232,143 165 84 49 63 163 76 114
22,"blk.22.ffn_up_exps.weight",1,8,232,143 165 84 49 63 163 76 114
22,"blk.22.ffn_down_exps.weight",1,8,232,143 165 84 49 63 163 76 114
23,"blk.23.ffn_gate_exps.weight",1,8,232,21 99 215 118 120 46 126 149
23,"blk.23.ffn_up_exps.weight",1,8,232,21 99 215 118 120 46 126 149
23,"blk.23.ffn_down_exps.weight",1,8,232,21 99 215 118 120 46 126 149
24,"blk.24.ffn_gate_exps.weight",1,8,232,92 152 193 226 133 105 26 189
24,"blk.24.ffn_up_exps.weight",1,8,232,92 152 193 226 133 105 26 189
24,"blk.24.ffn_down_exps.weight",1,8,232,92 152 193 226 133 105 26 189
25,"blk.25.ffn_gate_exps.weight",1,8,232,49 82 216 203 155 193 142 167
25,"blk.25.ffn_up_exps.weight",1,8,232,49 82 216 203 155 193 142 167
25,"blk.25.ffn_down_exps.weight",1,8,232,49 82 216 203 155 193 142 167
26,"blk.26.ffn_gate_exps.weight",1,8,232,63 170 226 82 37 121 124 75
26,"blk.26.ffn_up_exps.weight",1,8,232,63 170 226 82 37 121 124 75
26,"blk.26.ffn_down_exps.weight",1,8,232,63 170 226 82 37 121 124 75
27,"blk.27.ffn_gate_exps.weight",1,8,232,107 90 194 80 0 93 225 188
27,"blk.27.ffn_up_exps.weight",1,8,232,107 90 194 80 0 93 225 188
27,"blk.27.ffn_down_exps.weight",1,8,232,107 90 194 80 0 93 225 188
0,"blk.0.ffn_gate_exps.weight",1,8,232,122 137 44 224 97 83 119 230
0,"blk.0.ffn_up_exps.weight",1,8,232,122 137 44 224 97 83 119 230
0,"blk.0.ffn_down_exps.weight",1,8,232,122 137 44 224 97 83 119 230
1,"blk.1.ffn_gate_exps.weight",1,8,232,157 219 26 123 168 2 111 184
1,"blk.1.ffn_up_exps.weight",1,8,232,157 219 26 123 168 2 111 184
1,"blk.1.ffn_down_exps.weight",1,8,232,157 219 26 123 168 2 111 184
2,"blk.2.ffn_gate_exps.weight",1,8,232,65 44 149 75 73 95 142 192
2,"blk.2.ffn_up_exps.weight",1,8,232,65 44 149 75 73 95 142 192
2,"blk.2.ffn_down_exps.weight",1,8,232,65 44 149 75 73 95 142 192
3,"blk.3.ffn_gate_exps.weight",1,8,232,205 136 191 125 223 115 153 139
3,"blk.3.ffn_up_exps.weight",1,8,232,205 136 191 125 223 115 153 139
3,"blk.3.ffn_down_exps.weight",1,8,232,205 136 191 125 223 115 153 139
4,"blk.4.ffn_gate_exps.weight",1,8,232,147 119 97 117 122 102 140 75
4,"blk.4.ffn_up_exps.weight",1,8,232,147 119 97 117 122 102 140 75
4,"blk.4.ffn_down_exps.weight",1,8,232,147 119 97 117 122 102 140 75
5,"blk.5.ffn_gate_exps.weight",1,8,232,197 62 119 169 143 41 24 66
5,"blk.5.ffn_up_exps.weight",1,8,232,197 62 119 169 143 41 24 66
5,"blk.5.ffn_down_exps.weight",1,8,232,197 62 119 169 143 41 24 66
6,"blk.6.ffn_gate_exps.weight",1,8,232,230 218 136 15 22 5 97 220
6,"blk.6.ffn_up_exps.weight",1,8,232,230 218 136 15 22 5 97 220
6,"blk.6.ffn_down_exps.weight",1,8,232,230 218 136 15 22 5 97 220
7,"blk.7.ffn_gate_exps.weight",1,8,232,91 92 64 154 73 130 112 120
7,"blk.7.ffn_up_exps.weight",1,8,232,91 92 64 154 73 130 112 120
7,"blk.7.ffn_down_exps.weight",1,8,232,91 92 64 154 73 130 112 120
8,"blk.8.ffn_gate_exps.weight",1,8,232,156 111 46 114 112 107 226 32
8,"blk.8.ffn_up_exps.weight",1,8,232,156 111 46 114 112 107 226 32
8,"blk.8.ffn_down_exps.weight",1,8,232,156 111 46 114 112 107 226 32
9,"blk.9.ffn_gate_exps.weight",1,8,232,149 166 119 68 110 55 16 123
9,"blk.9.ffn_up_exps.weight",1,8,232,149 166 119 68 110 55 16 123
9,"blk.9.ffn_down_exps.weight",1,8,232,149 166 119 68 110 55 16 123
10,"blk.10.ffn_gate_exps.weight",1,8,232,191 67 77 39 172 131 135 97
10,"blk.10.ffn_up_exps.weight",1,8,232,191 67 77 39 172 131 135 97
10,"blk.10.ffn_down_exps.weight",1,8,232,191 67 77 39 172 131 135 97
11,"blk.11.ffn_gate_exps.weight",1,8,232,196 46 69 125 174 115 159 20
11,"blk.11.ffn_up_exps.weight",1,8,232,196 46 69 125 174 115 159 20
11,"blk.11.ffn_down_exps.weight",1,8,232,196 46 69 125 174 115 159 20
12,"blk.12.ffn_gate_exps.weight",1,8,232,93 86 175 154 136 65 19 50
12,"blk.12.ffn_up_exps.weight",1,8,232,93 86 175 154 136 65 19 50
12,"blk.12.ffn_down_exps.weight",1,8,232,93 86 175 154 136 65 19 50
13,"blk.13.ffn_gate_exps.weight",1,8,232,118 58 9 104 228 29 64 42
13,"blk.13.ffn_up_exps.weight",1,8,232,118 58 9 104 228 29 64 42
13,"blk.13.ffn_down_exps.weight",1,8,232,118 58 9 104 228 29 64 42
14,"blk.14.ffn_gate_exps.weight",1,8,232,107 169 25 171 175 190 205 26
14,"blk.14.ffn_up_exps.weight",1,8,232,107 169 25 171 175 190 205 26
14,"blk.14.ffn_down_exps.weight",1,8,232,107 169 25 171 175 190 205 26
15,"blk.15.ffn_gate_exps.weight",1,8,232,127 108 225 133 6 66 48 130
15,"blk.15.ffn_up_exps.weight",1,8,232,127 108 225 133 6 66 48 130
15,"blk.15.ffn_down_exps.weight",1,8,232,127 108 225 133 6 66 48 130
16,"blk.16.ffn_gate_exps.weight",1,8,232,135 156 31 90 116 94 200 53
16,"blk.16.ffn_up_exps.weight",1,8,232,135 156 31 90 116 94 200 53
16,"blk.16.ffn_down_exps.weight",1,8,232,135 156 31 90 116 94 200 53
17,"blk.17.ffn_gate_exps.weight",1,8,232,208 104 31 73 183 210 24 75
17,"blk.17.ffn_up_exps.weight",1,8,232,208 104 31 73 183 210 24 75
17,"blk.17.ffn_down_exps.weight",1,8,232,208 104 31 73 183 210 24 75
18,"blk.18.ffn_gate_exps.weight",1,8,232,191 197 162 31 3 160 58 81
18,"blk.18.ffn_up_exps.weight",1,8,232,191 197 162 31 3 160 58 81
18,"blk.18.ffn_down_exps.weight",1,8,232,191 197 162 31 3 160 58 81
19,"blk.19.ffn_gate_exps.weight",1,8,232,185 70 28 91 211 105 124 118
19,"blk.19.ffn_up_exps.weight",1,8,232,185 70 28 91 211 105 124 118
19,"blk.19.ffn_down_exps.weight",1,8,232,185 70 28 91 211 105 124 118
20,"blk.20.ffn_gate_exps.weight",1,8,232,108 55 15 161 59 181 56 172
20,"blk.20.ffn_up_exps.weight",1,8,232,108 55 15 161 59 181 56 172
20,"blk.20.ffn_down_exps.weight",1,8,232,108 55 15 161 59 181 56 172
21,"blk.21.ffn_gate_exps.weight",1,8,232,65 49 20 208 31 148 23 22
21,"blk.21.ffn_up_exps.weight",1,8,232,65 49 20 208 31 148 23 22
21,"blk.21.ffn_down_exps.weight",1,8,232,65 49 20 208 31 148 23 22
22,"blk.22.ffn_gate_exps.weight",1,8,232,63 48 7 156 87 84 225 207
22,"blk.22.ffn_up_exps.weight",1,8,232,63 48 7 156 87 84 225 207
22,"blk.22.ffn_down_exps.weight",1,8,232,63 48 7 156 87 84 225 207
23,"blk.23.ffn_gate_exps.weight",1,8,232,159 118 72 92 192 186 174 173
23,"blk.23.ffn_up_exps.weight",1,8,232,159 118 72 92 192 186 174 173
23,"blk.23.ffn_down_exps.weight",1,8,232,159 118 72 92 192 186 174 173
24,"blk.24.ffn_gate_exps.weight",1,8,232,211 89 113 127 82 77 66 151
24,"blk.24.ffn_up_exps.weight",1,8,232,211 89 113 127 82 77 66 151
24,"blk.24.ffn_down_exps.weight",1,8,232,211 89 113 127 82 77 66 151
25,"blk.25.ffn_gate_exps.weight",1,8,232,230 65 152 93 72 77 137 79
25,"blk.25.ffn_up_exps.weight",1,8,232,230 65 152 93 72 77 137 79
25,"blk.25.ffn_down_exps.weight",1,8,232,230 65 152 93 72 77 137 79
26,"blk.26.ffn_gate_exps.weight",1,8,232,189 42 84 148 210 65 13 121
26,"blk.26.ffn_up_exps.weight",1,8,232,189 42 84 148 210 65 13 121
26,"blk.26.ffn_down_exps.weight",1,8,232,189 42 84 148 210 65 13 121
27,"blk.27.ffn_gate_exps.weight",1,8,232,70 45 0 57 85 4 170 108
27,"blk.27.ffn_up_exps.weight",1,8,232,70 45 0 57 85 4 170 108
27,"blk.27.ffn_down_exps.weight",1,8,232,70 45 0 57 85 4 170 108
0,"blk.0.ffn_gate_exps.weight",1,8,232,212 188 2 48 208 6 10 7
0,"blk.0.ffn_up_exps.weight",1,8,232,212 188 2 48 208 6 10 7
0,"blk.0.ffn_down_exps.weight",1,8,232,212 188 2 48 208 6 10 7
1,"blk.1.ffn_gate_exps.weight",1,8,232,4 126 168 218 60 128 178 3
1,"blk.1.ffn_up_exps.weight",1,8,232,4 126 168 218 60 128 178 3
1,"blk.1.ffn_down_exps.weight",1,8,232,4 126 168 218 60 128 178 3
2,"blk.2.ffn_gate_exps.weight",1,8,232,94 95 170 41 97 107 76 166
2,"blk.2.ffn_up_exps.weight",1,8,232,94 95 170 41 97 107 76 166
2,"blk.2.ffn_down_exps.weight",1,8,232,94 95 170 41 97 107 76 166
3,"blk.3.ffn_gate_exps.weight",1,8,232,197 204 170 227 134 130 113 186
3,"blk.3.ffn_up_exps.weight",1,8,232,197 204 170 227 134 130 113 186
3,"blk.3.ffn_down_exps.weight",1,8,232,197 204 170 227 134 130 113 186
4,"blk.4.ffn_gate_exps.weight",1,8,232,231 134 102 37 26 137 119 146
4,"blk.4.ffn_up_exps.weight",1,8,232,231 134 102 37 26 137 119 146
4,"blk.4.ffn_down_exps.weight",1,8,232,231 134 102 37 26 137 119 146
5,"blk.5.ffn_gate_exps.weight",1,8,232,143 119 197 169 18 211 22 13
5,"blk.5.ffn_up_exps.weight",1,8,232,143 119 197 169 18 211 22 13
5,"blk.5.ffn_down_exps.weight",1,8,232,143 119 197 169 18 211 22 13
6,"blk.6.ffn_gate_exps.weight",1,8,232,26 30 7 32 35 103 5 99
6,"blk.6.ffn_up_exps.weight",1,8,232,26 30 7 32 35 103 5 99
6,"blk.6.ffn_down_exps.weight",1,8,232,26 30 7 32 35 103 5 99
7,"blk.7.ffn_gate_exps.weight",1,8,232,92 169 16 58 50 33 21 91
7,"blk.7.ffn_up_exps.weight",1,8,232,92 169 16 58 50 33 21 91
7,"blk.7.ffn_down_exps.weight",1,8,232,92 169 16 58 50 33 21 91
8,"blk.8.ffn_gate_exps.weight",1,8,232,62 5 24 4 89 156 111 13
8,"blk.8.ffn_up_exps.weight",1,8,232,62 5 24 4 89 156 111 13
8,"blk.8.ffn_down_exps.weight",1,8,232,62 5 24 4 89 156 111 13
9,"blk.9.ffn_gate_exps.weight",1,8,232,100 170 42 24 192 114 113 110
9,"blk.9.ffn_up_exps.weight",1,8,232,100 170 42 24 192 114 113 110
9,"blk.9.ffn_down_exps.weight",1,8,232,100 170 42 24 192 114 113 110
10,"blk.10.ffn_gate_exps.weight",1,8,232,124 191 59 161 202 77 131 36
10,"blk.10.ffn_up_exps.weight",1,8,232,124 191 59 161 202 77 131 36
10,"blk.10.ffn_down_exps.weight",1,8,232,124 191 59 161 202 77 131 36
11,"blk.11.ffn_gate_exps.weight",1,8,232,174 98 56 28 29 20 230 225
11,"blk.11.ffn_up_exps.weight",1,8,232,174 98 56 28 29 20 230 225
11,"blk.11.ffn_down_exps.weight",1,8,232,174 98 56 28 29 20 230 225
12,"blk.12.ffn_gate_exps.weight",1,8,232,50 223 229 31 62 14 192 27
12,"blk.12.ffn_up_exps.weight",1,8,232,50 223 229 31 62 14 192 27
12,"blk.12.ffn_down_exps.weight",1,8,232,50 223 229 31 62 14 192 27
13,"blk.13.ffn_gate_exps.weight",1,8,232,29 180 97 227 78 157 35 118
13,"blk.13.ffn_up_exps.weight",1,8,232,29 180 97 227 78 157 35 118
13,"blk.13.ffn_down_exps.weight",1,8,232,29 180 97 227 78 157 35 118
14,"blk.14.ffn_gate_exps.weight",1,8,232,25 175 70 18 198 172 31 188
14,"blk.14.ffn_up_exps.weight",1,8,232,25 175 70 18 198 172 31 188
14,"blk.14.ffn_down_exps.weight",1,8,232,25 175 70 18 198 172 31 188
15,"blk.15.ffn_gate_exps.weight",1,8,232,133 230 83 25 16 24 39 52
15,"blk.15.ffn_up_exps.weight",1,8,232,133 230 83 25 16 24 39 52
15,"blk.15.ffn_down_exps.weight",1,8,232,133 230 83 25 16 24 39 52
16,"blk.16.ffn_gate_exps.weight",1,8,232,121 127 171 178 36 1 16 227
16,"blk.16.ffn_up_exps.weight",1,8,232,121 127 171 178 36 1 16 227
16,"blk.16.ffn_down_exps.weight",1,8,232,121 127 171 178 36 1 16 227
17,"blk.17.ffn_gate_exps.weight",1,8,232,230 186 75 209 21 217 96 102
17,"blk.17.ffn_up_exps.weight",1,8,232,230 186 75 209 21 217 96 102
17,"blk.17.ffn_down_exps.weight",1,8,232,230 186 75 209 21 217 96 102
18,"blk.18.ffn_gate_exps.weight",1,8,232,157 106 222 3 199 188 155 104
18,"blk.18.ffn_up_exps.weight",1,8,232,157 106 222 3 199 188 155 104
18,"blk.18.ffn_down_exps.weight",1,8,232,157 106 222 3 199 188 155 104
19,"blk.19.ffn_gate_exps.weight",1,8,232,198 171 122 160 205 70 212 207
19,"blk.19.ffn_up_exps.weight",1,8,232,198 171 122 160 205 70 212 207
19,"blk.19.ffn_down_exps.weight",1,8,232,198 171 122 160 205 70 212 207
20,"blk.20.ffn_gate_exps.weight",1,8,232,135 229 193 187 192 34 86 226
20,"blk.20.ffn_up_exps.weight",1,8,232,135 229 193 187 192 34 86 226
20,"blk.20.ffn_down_exps.weight",1,8,232,135 229 193 187 192 34 86 226
21,"blk.21.ffn_gate_exps.weight",1,8,232,228 193 179 202 135 126 165 96
21,"blk.21.ffn_up_exps.weight",1,8,232,228 193 179 202 135 126 165 96
21,"blk.21.ffn_down_exps.weight",1,8,232,228 193 179 202 135 126 165 96
22,"blk.22.ffn_gate_exps.weight",1,8,232,158 108 225 123 144 194 128 13
22,"blk.22.ffn_up_exps.weight",1,8,232,158 108 225 123 144 194 128 13
22,"blk.22.ffn_down_exps.weight",1,8,232,158 108 225 123 144 194 128 13
23,"blk.23.ffn_gate_exps.weight",1,8,232,14 10 51 173 143 121 148 133
23,"blk.23.ffn_up_exps.weight",1,8,232,14 10 51 173 143 121 148 133
23,"blk.23.ffn_down_exps.weight",1,8,232,14 10 51 173 143 121 148 133
24,"blk.24.ffn_gate_exps.weight",1,8,232,178 117 1 164 24 23 127 151
24,"blk.24.ffn_up_exps.weight",1,8,232,178 117 1 164 24 23 127 151
24,"blk.24.ffn_down_exps.weight",1,8,232,178 117 1 164 24 23 127 151
25,"blk.25.ffn_gate_exps.weight",1,8,232,57 90 212 30 109 165 115 96
25,"blk.25.ffn_up_exps.weight",1,8,232,57 90 212 30 109 165 115 96
25,"blk.25.ffn_down_exps.weight",1,8,232,57 90 212 30 109 165 115 96
26,"blk.26.ffn_gate_exps.weight",1,8,232,175 189 115 118 15 140 5 209
26,"blk.26.ffn_up_exps.weight",1,8,232,175 189 115 118 15 140 5 209
26,"blk.26.ffn_down_exps.weight",1,8,232,175 189 115 118 15 140 5 209
27,"blk.27.ffn_gate_exps.weight",1,8,232,70 66 170 229 135 38 141 116
27,"blk.27.ffn_up_exps.weight",1,8,232,70 66 170 229 135 38 141 116
27,"blk.27.ffn_down_exps.weight",1,8,232,70 66 170 229 135 38 141 116
0,"blk.0.ffn_gate_exps.weight",1,8,232,66 186 168 146 129 147 158 142
0,"blk.0.ffn_up_exps.weight",1,8,232,66 186 168 146 129 147 158 142
0,"blk.0.ffn_down_exps.weight",1,8,232,66 186 168 146 129 147 158 142
1,"blk.1.ffn_gate_exps.weight",1,8,232,78 131 174 182 6 102 84 98
1,"blk.1.ffn_up_exps.weight",1,8,232,78 131 174 182 6 102 84 98
1,"blk.1.ffn_down_exps.weight",1,8,232,78 131 174 182 6 102 84 98
2,"blk.2.ffn_gate_exps.weight",1,8,232,139 148 12 205 99 98 74 141
2,"blk.2.ffn_up_exps.weight",1,8,232,139 148 12 205 99 98 74 141
2,"blk.2.ffn_down_exps.weight",1,8,232,139 148 12 205 99 98 74 141
3,"blk.3.ffn_gate_exps.weight",1,8,232,151 116 203 95 55 120 89 9
3,"blk.3.ffn_up_exps.weight",1,8,232,151 116 203 95 55 120 89 9
3,"blk.3.ffn_down_exps.weight",1,8,232,151 116 203 95 55 120 89 9
4,"blk.4.ffn_gate_exps.weight",1,8,232,106 124 198 131 118 85 212 215
4,"blk.4.ffn_up_exps.weight",1,8,232,106 124 198 131 118 85 212 215
4,"blk.4.ffn_down_exps.weight",1,8,232,106 124 198 131 118 85 212 215
5,"blk.5.ffn_gate_exps.weight",1,8,232,215 109 182 144 206 161 154 171
5,"blk.5.ffn_up_exps.weight",1,8,232,215 109 182 144 206 161 154 171
5,"blk.5.ffn_down_exps.weight",1,8,232,215 109 182 144 206 161 154 171
6,"blk.6.ffn_gate_exps.weight",1,8,232,97 12 70 124 193 182 15 37
6,"blk.6.ffn_up_exps.weight",1,8,232,97 12 70 124 193 182 15 37
6,"blk.6.ffn_down_exps.weight",1,8,232,97 12 70 124 193 182 15 37
7,"blk.7.ffn_gate_exps.weight",1,8,232,210 43 166 222 75 146 150 50
7,"blk.7.ffn_up_exps.weight",1,8,232,210 43 166 222 75 146 150 50
7,"blk.7.ffn_down_exps.weight",1,8,232,210 43 166 222 75 146 150 50
8,"blk.8.ffn_gate_exps.weight",1,8,232,95 102 165 227 176 49 36 190
8,"blk.8.ffn_up_exps.weight",1,8,232,95 102 165 227 176 49 36 190
8,"blk.8.ffn_down_exps.weight",1,8,232,95 102 165 227 176 49 36 190
9,"blk.9.ffn_gate_exps.weight",1,8,232,156 69 94 180 31 148 152 120
9,"blk.9.ffn_up_exps.weight",1,8,232,156 69 94 180 31 148 152 120
9,"blk.9.ffn_down_exps.weight",1,8,232,156 69 94 180 31 148 152 120
10,"blk.10.ffn_gate_exps.weight",1,8,232,15 183 77 74 117 107 181 108
10,"blk.10.ffn_up_exps.weight",1,8,232,15 183 77 74 117 107 181 108
10,"blk.10.ffn_down_exps.weight",1,8,232,15 183 77 74 117 107 181 108
11,"blk.11.ffn_gate_exps.weight",1,8,232,132 20 207 178 42 222 174 85
11,"blk.11.ffn_up_exps.weight",1,8,232,132 20 207 178 42 222 174 85
11,"blk.11.ffn_down_exps.weight",1,8,232,132 20 207 178 42 222 174 85
12,"blk.12.ffn_gate_exps.weight",1,8,232,174 30 24 157 160 91 52 63
12,"blk.12.ffn_up_exps.weight",1,8,232,174 30 24 157 160 91 52 63
12,"blk.12.ffn_down_exps.weight",1,8,232,174 30 24 157 160 91 52 63
13,"blk.13.ffn_gate_exps.weight",1,8,232,167 29 27 210 190 228 56 94
13,"blk.13.ffn_up_exps.weight",1,8,232,167 29 27 210 190 228 56 94
13,"blk.13.ffn_down_exps.weight",1,8,232,167 29 27 210 190 228 56 94
14,"blk.14.ffn_gate_exps.weight",1,8,232,58 79 160 19 229 84 136 21
14,"blk.14.ffn_up_exps.weight",1,8,232,58 79 160 19 229 84 136 21
14,"blk.14.ffn_down_exps.weight",1,8,232,58 79 160 19 229 84 136 21
15,"blk.15.ffn_gate_exps.weight",1,8,232,183 134 182 216 24 23 70 145
15,"blk.15.ffn_up_exps.weight",1,8,232,183 134 182 216 24 23 70 145
15,"blk.15.ffn_down_exps.weight",1,8,232,183 134 182 216 24 23 70 145
16,"blk.16.ffn_gate_exps.weight",1,8,232,119 106 32 117 220 226 61 128
16,"blk.16.ffn_up_exps.weight",1,8,232,119 106 32 117 220 226 61 128
16,"blk.16.ffn_down_exps.weight",1,8,232,119 106 32 117 220 226 61 128
17,"blk.17.ffn_gate_exps.weight",1,8,232,214 15 99 33 35 93 56 153
17,"blk.17.ffn_up_exps.weight",1,8,232,214 15 99 33 35 93 56 153
17,"blk.17.ffn_down_exps.weight",1,8,232,214 15 99 33 35 93 56 153
18,"blk.18.ffn_gate_exps.weight",1,8,232,216 98 95 108 135 48 149 35
18,"blk.18.ffn_up_exps.weight",1,8,232,216 98 95 108 135 48 149 35
18,"blk.18.ffn_down_exps.weight",1,8,232,216 98 95 108 135 48 149 35
19,"blk.19.ffn_gate_exps.weight",1,8,232,102 162 14 153 63 120 137 69
19,"blk.19.ffn_up_exps.weight",1,8,232,102 162 14 153 63 120 137 69
19,"blk.19.ffn_down_exps.weight",1,8,232,102 162 14 153 63 120 137 69
20,"blk.20.ffn_gate_exps.weight",1,8,232,158 132 142 152 105 75 84 180
20,"blk.20.ffn_up_exps.weight",1,8,232,158 132 142 152 105 75 84 180
20,"blk.20.ffn_down_exps.weight",1,8,232,158 132 142 152 105 75 84 180
21,"blk.21.ffn_gate_exps.weight",1,8,232,221 91 161 225 58 205 84 168
21,"blk.21.ffn_up_exps.weight",1,8,232,221 91 161 225 58 205 84 168
21,"blk.21.ffn_down_exps.weight",1,8,232,221 91 161 225 58 205 84 168
22,"blk.22.ffn_gate_exps.weight",1,8,232,110 200 177 106 143 21 20 90
22,"blk.22.ffn_up_exps.weight",1,8,232,110 200 177 106 143 21 20 90
22,"blk.22.ffn_down_exps.weight",1,8,232,110 200 177 106 143 21 20 90
23,"blk.23.ffn_gate_exps.weight",1,8,232,172 222 38 96 155 151 168 167
23,"blk.23.ffn_up_exps.weight",1,8,232,172 222 38 96 155 151 168 167
23,"blk.23.ffn_down_exps.weight",1,8,232,172 222 38 96 155 151 168 167
24,"blk.24.ffn_gate_exps.weight",1,8,232,201 62 29 190 36 130 114 136
24,"blk.24.ffn_up_exps.weight",1,8,232,201 62 29 190 36 130 114 136
24,"blk.24.ffn_down_exps.weight",1,8,232,201 62 29 190 36 130 114 136
25,"blk.25.ffn_gate_exps.weight",1,8,232,91 43 23 199 221 185 88 195
25,"blk.25.ffn_up_exps.weight",1,8,232,91 43 23 199 221 185 88 195
25,"blk.25.ffn_down_exps.weight",1,8,232,91 43 23 199 221 185 88 195
26,"blk.26.ffn_gate_exps.weight",1,8,232,60 167 5 110 145 28 202 143
26,"blk.26.ffn_up_exps.weight",1,8,232,60 167 5 110 145 28 202 143
26,"blk.26.ffn_down_exps.weight",1,8,232,60 167 5 110 145 28 202 143
27,"blk.27.ffn_gate_exps.weight",1,8,232,28 1 49 139 97 46 203 59
27,"blk.27.ffn_up_exps.weight",1,8,232,28 1 49 139 97 46 203 59
27,"blk.27.ffn_down_exps.weight",1,8,232,28 1 49 139 97 46 203 59
0,"blk.0.ffn_gate_exps.weight",1,8,232,117 116 94 103 64 201 133 175
0,"blk.0.ffn_up_exps.weight",1,8,232,117 116 94 103 64 201 133 175
0,"blk.0.ffn_down_exps.weight",1,8,232,117 116 94 103 64 201 133 175
1,"blk.1.ffn_gate_exps.weight",1,8,232,45 32 63 48 112 163 18 71
1,"blk.1.ffn_up_exps.weight",1,8,232,45 32 63 48 112 163 18 71
1,"blk.1.ffn_down_exps.weight",1,8,232,45 32 63 48 112 163 18 71
2,"blk.2.ffn_gate_exps.weight",1,8,232,221 187 148 196 208 64 179 230
2,"blk.2.ffn_up_exps.weight",1,8,232,221 187 148 196 208 64 179 230
2,"blk.2.ffn_down_exps.weight",1,8,232,221 187 148 196 208 64 179 230
3,"blk.3.ffn_gate_exps.weight",1,8,232,151 203 95 226 47 8 190 44
3,"blk.3.ffn_up_exps.weight",1,8,232,151 203 95 226 47 8 190 44
3,"blk.3.ffn_down_exps.weight",1,8,232,151 203 95 226 47 8 190 44
4,"blk.4.ffn_gate_exps.weight",1,8,232,215 142 124 212 120 74 127 200
4,"blk.4.ffn_up_exps.weight",1,8,232,215 142 124 212 120 74 127 200
4,"blk.4.ffn_down_exps.weight",1,8,232,215 142 124 212 120 74 127 200
5,"blk.5.ffn_gate_exps.weight",1,8,232,215 109 200 93 64 143 29 189
5,"blk.5.ffn_up_exps.weight",1,8,232,215 109 200 93 64 143 29 189
5,"blk.5.ffn_down_exps.weight",1,8,232,215 109 200 93 64 143 29 189
6,"blk.6.ffn_gate_exps.weight",1,8,232,97 12 51 170 168 156 190 131
6,"blk.6.ffn_up_exps.weight",1,8,232,97 12 51 170 168 156 190 131
6,"blk.6.ffn_down_exps.weight",1,8,232,97 12 51 170 168 156 190 131
7,"blk.7.ffn_gate_exps.weight",1,8,232,210 25 43 193 169 75 68 50
7,"blk.7.ffn_up_exps.weight",1,8,232,210 25 43 193 169 75 68 50
7,"blk.7.ffn_down_exps.weight",1,8,232,210 25 43 193 169 75 68 50
8,"blk.8.ffn_gate_exps.weight",1,8,232,95 165 176 11 180 49 27 67
8,"blk.8.ffn_up_exps.weight",1,8,232,95 165 176 11 180 49 27 67
8,"blk.8.ffn_down_exps.weight",1,8,232,95 165 176 11 180 49 27 67
9,"blk.9.ffn_gate_exps.weight",1,8,232,156 69 120 110 155 126 148 21
9,"blk.9.ffn_up_exps.weight",1,8,232,156 69 120 110 155 126 148 21
9,"blk.9.ffn_down_exps.weight",1,8,232,156 69 120 110 155 126 148 21
10,"blk.10.ffn_gate_exps.weight",1,8,232,183 117 77 107 32 108 52 201
10,"blk.10.ffn_up_exps.weight",1,8,232,183 117 77 107 32 108 52 201
10,"blk.10.ffn_down_exps.weight",1,8,232,183 117 77 107 32 108 52 201
11,"blk.11.ffn_gate_exps.weight",1,8,232,174 132 230 20 46 222 47 103
11,"blk.11.ffn_up_exps.weight",1,8,232,174 132 230 20 46 222 47 103
11,"blk.11.ffn_down_exps.weight",1,8,232,174 132 230 20 46 222 47 103
12,"blk.12.ffn_gate_exps.weight",1,8,232,174 30 91 24 52 160 117 31
12,"blk.12.ffn_up_exps.weight",1,8,232,174 30 91 24 52 160 117 31
12,"blk.12.ffn_down_exps.weight",1,8,232,174 30 91 24 52 160 117 31
13,"blk.13.ffn_gate_exps.weight",1,8,232,29 228 167 78 27 94 219 103
13,"blk.13.ffn_up_exps.weight",1,8,232,29 228 167 78 27 94 219 103
13,"blk.13.ffn_down_exps.weight",1,8,232,29 228 167 78 27 94 219 103
14,"blk.14.ffn_gate_exps.weight",1,8,232,79 175 160 95 19 58 194 21
14,"blk.14.ffn_up_exps.weight",1,8,232,79 175 160 95 19 58 194 21
14,"blk.14.ffn_down_exps.weight",1,8,232,79 175 160 95 19 58 194 21
15,"blk.15.ffn_gate_exps.weight",1,8,232,183 24 216 145 134 182 59 70
15,"blk.15.ffn_up_exps.weight",1,8,232,183 24 216 145 134 182 59 70
15,"blk.15.ffn_down_exps.weight",1,8,232,183 24 216 145 134 182 59 70
16,"blk.16.ffn_gate_exps.weight",1,8,232,106 32 117 207 128 163 85 230
16,"blk.16.ffn_up_exps.weight",1,8,232,106 32 117 207 128 163 85 230
16,"blk.16.ffn_down_exps.weight",1,8,232,106 32 117 207 128 163 85 230
17,"blk.17.ffn_gate_exps.weight",1,8,232,93 214 33 88 99 15 192 100
17,"blk.17.ffn_up_exps.weight",1,8,232,93 214 33 88 99 15 192 100
17,"blk.17.ffn_down_exps.weight",1,8,232,93 214 33 88 99 15 192 100
18,"blk.18.ffn_gate_exps.weight",1,8,232,95 108 143 48 175 126 45 35
18,"blk.18.ffn_up_exps.weight",1,8,232,95 108 143 48 175 126 45 35
18,"blk.18.ffn_down_exps.weight",1,8,232,95 108 143 48 175 126 45 35
19,"blk.19.ffn_gate_exps.weight",1,8,232,102 26 69 54 137 35 204 153
19,"blk.19.ffn_up_exps.weight",1,8,232,102 26 69 54 137 35 204 153
19,"blk.19.ffn_down_exps.weight",1,8,232,102 26 69 54 137 35 204 153
20,"blk.20.ffn_gate_exps.weight",1,8,232,152 75 132 81 172 105 184 77
20,"blk.20.ffn_up_exps.weight",1,8,232,152 75 132 81 172 105 184 77
20,"blk.20.ffn_down_exps.weight",1,8,232,152 75 132 81 172 105 184 77
21,"blk.21.ffn_gate_exps.weight",1,8,232,161 124 87 138 116 182 91 125
21,"blk.21.ffn_up_exps.weight",1,8,232,161 124 87 138 116 182 91 125
21,"blk.21.ffn_down_exps.weight",1,8,232,161 124 87 138 116 182 91 125
22,"blk.22.ffn_gate_exps.weight",1,8,232,177 200 58 190 45 205 132 59
22,"blk.22.ffn_up_exps.weight",1,8,232,177 200 58 190 45 205 132 59
22,"blk.22.ffn_down_exps.weight",1,8,232,177 200 58 190 45 205 132 59
23,"blk.23.ffn_gate_exps.weight",1,8,232,212 186 104 215 63 54 145 220
23,"blk.23.ffn_up_exps.weight",1,8,232,212 186 104 215 63 54 145 220
23,"blk.23.ffn_down_exps.weight",1,8,232,212 186 104 215 63 54 145 220
24,"blk.24.ffn_gate_exps.weight",1,8,232,136 215 201 162 82 130 214 202
24,"blk.24.ffn_up_exps.weight",1,8,232,136 215 201 162 82 130 214 202
24,"blk.24.ffn_down_exps.weight",1,8,232,136 215 201 162 82 130 214 202
25,"blk.25.ffn_gate_exps.weight",1,8,232,34 182 0 225 52 28 185 213
25,"blk.25.ffn_up_exps.weight",1,8,232,34 182 0 225 52 28 185 213
25,"blk.25.ffn_down_exps.weight",1,8,232,34 182 0 225 52 28 185 213
26,"blk.26.ffn_gate_exps.weight",1,8,232,50 39 129 143 202 95 61 169
26,"blk.26.ffn_up_exps.weight",1,8,232,50 39 129 143 202 95 61 169
26,"blk.26.ffn_down_exps.weight",1,8,232,50 39 129 143 202 95 61 169
27,"blk.27.ffn_gate_exps.weight",1,8,232,113 70 16 4 47 217 139 125
27,"blk.27.ffn_up_exps.weight",1,8,232,113 70 16 4 47 217 139 125
27,"blk.27.ffn_down_exps.weight",1,8,232,113 70 16 4 47 217 139 125
0,"blk.0.ffn_gate_exps.weight",1,8,232,132 68 25 69 30 196 181 163
0,"blk.0.ffn_up_exps.weight",1,8,232,132 68 25 69 30 196 181 163
0,"blk.0.ffn_down_exps.weight",1,8,232,132 68 25 69 30 196 181 163
1,"blk.1.ffn_gate_exps.weight",1,8,232,61 230 75 84 3 57 88 225
1,"blk.1.ffn_up_exps.weight",1,8,232,61 230 75 84 3 57 88 225
1,"blk.1.ffn_down_exps.weight",1,8,232,61 230 75 84 3 57 88 225
2,"blk.2.ffn_gate_exps.weight",1,8,232,144 163 223 74 130 102 66 81
2,"blk.2.ffn_up_exps.weight",1,8,232,144 163 223 74 130 102 66 81
2,"blk.2.ffn_down_exps.weight",1,8,232,144 163 223 74 130 102 66 81
3,"blk.3.ffn_gate_exps.weight",1,8,232,91 185 44 13 217 31 98 181
3,"blk.3.ffn_up_exps.weight",1,8,232,91 185 44 13 217 31 98 181
3,"blk.3.ffn_down_exps.weight",1,8,232,91 185 44 13 217 31 98 181
4,"blk.4.ffn_gate_exps.weight",1,8,232,142 195 215 0 105 112 76 183
4,"blk.4.ffn_up_exps.weight",1,8,232,142 195 215 0 105 112 76 183
4,"blk.4.ffn_down_exps.weight",1,8,232,142 195 215 0 105 112 76 183
5,"blk.5.ffn_gate_exps.weight",1,8,232,52 154 38 109 135 215 63 159
5,"blk.5.ffn_up_exps.weight",1,8,232,52 154 38 109 135 215 63 159
5,"blk.5.ffn_down_exps.weight",1,8,232,52 154 38 109 135 215 63 159
6,"blk.6.ffn_gate_exps.weight",1,8,232,97 61 51 14 28 23 170 65
6,"blk.6.ffn_up_exps.weight",1,8,232,97 61 51 14 28 23 170 65
6,"blk.6.ffn_down_exps.weight",1,8,232,97 61 51 14 28 23 170 65
7,"blk.7.ffn_gate_exps.weight",1,8,232,40 23 41 75 69 86 50 59
7,"blk.7.ffn_up_exps.weight",1,8,232,40 23 41 75 69 86 50 59
7,"blk.7.ffn_down_exps.weight",1,8,232,40 23 41 75 69 86 50 59
8,"blk.8.ffn_gate_exps.weight",1,8,232,34 36 72 183 49 11 165 179
8,"blk.8.ffn_up_exps.weight",1,8,232,34 36 72 183 49 11 165 179
8,"blk.8.ffn_down_exps.weight",1,8,232,34 36 72 183 49 11 165 179
9,"blk.9.ffn_gate_exps.weight",1,8,232,156 21 129 110 120 71 72 212
9,"blk.9.ffn_up_exps.weight",1,8,232,156 21 129 110 120 71 72 212
9,"blk.9.ffn_down_exps.weight",1,8,232,156 21 129 110 120 71 72 212
10,"blk.10.ffn_gate_exps.weight",1,8,232,117 183 32 100 225 107 162 118
10,"blk.10.ffn_up_exps.weight",1,8,232,117 183 32 100 225 107 162 118
10,"blk.10.ffn_down_exps.weight",1,8,232,117 183 32 100 225 107 162 118
11,"blk.11.ffn_gate_exps.weight",1,8,232,42 67 44 20 185 104 174 47
11,"blk.11.ffn_up_exps.weight",1,8,232,42 67 44 20 185 104 174 47
11,"blk.11.ffn_down_exps.weight",1,8,232,42 67 44 20 185 104 174 47
12,"blk.12.ffn_gate_exps.weight",1,8,232,30 52 159 160 91 10 167 163
12,"blk.12.ffn_up_exps.weight",1,8,232,30 52 159 160 91 10 167 163
12,"blk.12.ffn_down_exps.weight",1,8,232,30 52 159 160 91 10 167 163
13,"blk.13.ffn_gate_exps.weight",1,8,232,228 94 24 210 163 78 169 27
13,"blk.13.ffn_up_exps.weight",1,8,232,228 94 24 210 163 78 169 27
13,"blk.13.ffn_down_exps.weight",1,8,232,228 94 24 210 163 78 169 27
14,"blk.14.ffn_gate_exps.weight",1,8,232,12 105 229 123 46 160 37 79
14,"blk.14.ffn_up_exps.weight",1,8,232,12 105 229 123 46 160 37 79
14,"blk.14.ffn_down_exps.weight",1,8,232,12 105 229 123 46 160 37 79
15,"blk.15.ffn_gate_exps.weight",1,8,232,24 228 103 21 102 194 27 115
15,"blk.15.ffn_up_exps.weight",1,8,232,24 228 103 21 102 194 27 115
15,"blk.15.ffn_down_exps.weight",1,8,232,24 228 103 21 102 194 27 115
16,"blk.16.ffn_gate_exps.weight",1,8,232,32 165 198 219 73 220 128 140
16,"blk.16.ffn_up_exps.weight",1,8,232,32 165 198 219 73 220 128 140
16,"blk.16.ffn_down_exps.weight",1,8,232,32 165 198 219 73 220 128 140
17,"blk.17.ffn_gate_exps.weight",1,8,232,103 155 147 34 122 112 6 226
17,"blk.17.ffn_up_exps.weight",1,8,232,103 155 147 34 122 112 6 226
17,"blk.17.ffn_down_exps.weight",1,8,232,103 155 147 34 122 112 6 226
18,"blk.18.ffn_gate_exps.weight",1,8,232,175 51 62 218 15 111 165 149
18,"blk.18.ffn_up_exps.weight",1,8,232,175 51 62 218 15 111 165 149
18,"blk.18.ffn_down_exps.weight",1,8,232,175 51 62 218 15 111 165 149
19,"blk.19.ffn_gate_exps.weight",1,8,232,45 123 159 89 142 80 166 135
19,"blk.19.ffn_up_exps.weight",1,8,232,45 123 159 89 142 80 166 135
19,"blk.19.ffn_down_exps.weight",1,8,232,45 123 159 89 142 80 166 135
20,"blk.20.ffn_gate_exps.weight",1,8,232,105 38 207 32 194 77 36 231
20,"blk.20.ffn_up_exps.weight",1,8,232,105 38 207 32 194 77 36 231
20,"blk.20.ffn_down_exps.weight",1,8,232,105 38 207 32 194 77 36 231
21,"blk.21.ffn_gate_exps.weight",1,8,232,138 152 94 143 55 139 117 180
21,"blk.21.ffn_up_exps.weight",1,8,232,138 152 94 143 55 139 117 180
21,"blk.21.ffn_down_exps.weight",1,8,232,138 152 94 143 55 139 117 180
22,"blk.22.ffn_gate_exps.weight",1,8,232,167 126 6 181 4 161 205 125
22,"blk.22.ffn_up_exps.weight",1,8,232,167 126 6 181 4 161 205 125
22,"blk.22.ffn_down_exps.weight",1,8,232,167 126 6 181 4 161 205 125
23,"blk.23.ffn_gate_exps.weight",1,8,232,63 4 167 146 230 202 155 115
23,"blk.23.ffn_up_exps.weight",1,8,232,63 4 167 146 230 202 155 115
23,"blk.23.ffn_down_exps.weight",1,8,232,63 4 167 146 230 202 155 115
24,"blk.24.ffn_gate_exps.weight",1,8,232,120 101 159 166 43 8 195 69
24,"blk.24.ffn_up_exps.weight",1,8,232,120 101 159 166 43 8 195 69
24,"blk.24.ffn_down_exps.weight",1,8,232,120 101 159 166 43 8 195 69
25,"blk.25.ffn_gate_exps.weight",1,8,232,194 145 165 78 18 22 223 9
25,"blk.25.ffn_up_exps.weight",1,8,232,194 145 165 78 18 22 223 9
25,"blk.25.ffn_down_exps.weight",1,8,232,194 145 165 78 18 22 223 9
26,"blk.26.ffn_gate_exps.weight",1,8,232,174 101 103 94 93 153 222 68
26,"blk.26.ffn_up_exps.weight",1,8,232,174 101 103 94 93 153 222 68
26,"blk.26.ffn_down_exps.weight",1,8,232,174 101 103 94 93 153 222 68
27,"blk.27.ffn_gate_exps.weight",1,8,232,141 173 62 188 67 80 122 140
27,"blk.27.ffn_up_exps.weight",1,8,232,141 173 62 188 67 80 122 140
27,"blk.27.ffn_down_exps.weight",1,8,232,141 173 62 188 67 80 122 140
0,"blk.0.ffn_gate_exps.weight",1,8,232,92 179 128 15 89 226 29 96
0,"blk.0.ffn_up_exps.weight",1,8,232,92 179 128 15 89 226 29 96
0,"blk.0.ffn_down_exps.weight",1,8,232,92 179 128 15 89 226 29 96
1,"blk.1.ffn_gate_exps.weight",1,8,232,15 56 221 92 176 3 99 181
1,"blk.1.ffn_up_exps.weight",1,8,232,15 56 221 92 176 3 99 181
1,"blk.1.ffn_down_exps.weight",1,8,232,15 56 221 92 176 3 99 181
2,"blk.2.ffn_gate_exps.weight",1,8,232,182 9 133 54 155 210 216 214
2,"blk.2.ffn_up_exps.weight",1,8,232,182 9 133 54 155 210 216 214
2,"blk.2.ffn_down_exps.weight",1,8,232,182 9 133 54 155 210 216 214
3,"blk.3.ffn_gate_exps.weight",1,8,232,159 102 163 121 138 83 5 49
3,"blk.3.ffn_up_exps.weight",1,8,232,159 102 163 121 138 83 5 49
3,"blk.3.ffn_down_exps.weight",1,8,232,159 102 163 121 138 83 5 49
4,"blk.4.ffn_gate_exps.weight",1,8,232,29 4 34 79 180 205 175 91
4,"blk.4.ffn_up_exps.weight",1,8,232,29 4 34 79 180 205 175 91
4,"blk.4.ffn_down_exps.weight",1,8,232,29 4 34 79 180 205 175 91
5,"blk.5.ffn_gate_exps.weight",1,8,232,51 49 55 75 221 230 86 219
5,"blk.5.ffn_up_exps.weight",1,8,232,51 49 55 75 221 230 86 219
5,"blk.5.ffn_down_exps.weight",1,8,232,51 49 55 75 221 230 86 219
6,"blk.6.ffn_gate_exps.weight",1,8,232,147 10 24 229 63 116 170 125
6,"blk.6.ffn_up_exps.weight",1,8,232,147 10 24 229 63 116 170 125
6,"blk.6.ffn_down_exps.weight",1,8,232,147 10 24 229 63 116 170 125
7,"blk.7.ffn_gate_exps.weight",1,8,232,147 76 110 101 158 217 12 164
7,"blk.7.ffn_up_exps.weight",1,8,232,147 76 110 101 158 217 12 164
7,"blk.7.ffn_down_exps.weight",1,8,232,147 76 110 101 158 217 12 164
8,"blk.8.ffn_gate_exps.weight",1,8,232,86 204 3 25 122 29 120 198
8,"blk.8.ffn_up_exps.weight",1,8,232,86 204 3 25 122 29 120 198
8,"blk.8.ffn_down_exps.weight",1,8,232,86 204 3 25 122 29 120 198
9,"blk.9.ffn_gate_exps.weight",1,8,232,204 151 133 162 121 139 110 40
9,"blk.9.ffn_up_exps.weight",1,8,232,204 151 133 162 121 139 110 40
9,"blk.9.ffn_down_exps.weight",1,8,232,204 151 133 162 121 139 110 40
10,"blk.10.ffn_gate_exps.weight",1,8,232,101 137 218 102 170 77 55 7
10,"blk.10.ffn_up_exps.weight",1,8,232,101 137 218 102 170 77 55 7
10,"blk.10.ffn_down_exps.weight",1,8,232,101 137 218 102 170 77 55 7
11,"blk.11.ffn_gate_exps.weight",1,8,232,51 46 130 25 160 20 127 96
11,"blk.11.ffn_up_exps.weight",1,8,232,51 46 130 25 160 20 127 96
11,"blk.11.ffn_down_exps.weight",1,8,232,51 46 130 25 160 20 127 96
12,"blk.12.ffn_gate_exps.weight",1,8,232,167 21 19 34 48 161 131 88
12,"blk.12.ffn_up_exps.weight",1,8,232,167 21 19 34 48 161 131 88
12,"blk.12.ffn_down_exps.weight",1,8,232,167 21 19 34 48 161 131 88
13,"blk.13.ffn_gate_exps.weight",1,8,232,36 228 160 218 150 23 57 70
13,"blk.13.ffn_up_exps.weight",1,8,232,36 228 160 218 150 23 57 70
13,"blk.13.ffn_down_exps.weight",1,8,232,36 228 160 218 150 23 57 70
14,"blk.14.ffn_gate_exps.weight",1,8,232,196 142 115 39 23 17 165 192
14,"blk.14.ffn_up_exps.weight",1,8,232,196 142 115 39 23 17 165 192
14,"blk.14.ffn_down_exps.weight",1,8,232,196 142 115 39 23 17 165 192
15,"blk.15.ffn_gate_exps.weight",1,8,232,19 223 22 89 34 36 143 71
15,"blk.15.ffn_up_exps.weight",1,8,232,19 223 22 89 34 36 143 71
15,"blk.15.ffn_down_exps.weight",1,8,232,19 223 22 89 34 36 143 71
16,"blk.16.ffn_gate_exps.weight",1,8,232,20 51 86 218 150 128 143 63
16,"blk.16.ffn_up_exps.weight",1,8,232,20 51 86 218 150 128 143 63
16,"blk.16.ffn_down_exps.weight",1,8,232,20 51 86 218 150 128 143 63
17,"blk.17.ffn_gate_exps.weight",1,8,232,48 47 133 132 106 126 66 35
17,"blk.17.ffn_up_exps.weight",1,8,232,48 47 133 132 106 126 66 35
17,"blk.17.ffn_down_exps.weight",1,8,232,48 47 133 132 106 126 66 35
18,"blk.18.ffn_gate_exps.weight",1,8,232,151 130 39 175 155 38 13 159
18,"blk.18.ffn_up_exps.weight",1,8,232,151 130 39 175 155 38 13 159
18,"blk.18.ffn_down_exps.weight",1,8,232,151 130 39 175 155 38 13 159
19,"blk.19.ffn_gate_exps.weight",1,8,232,135 79 125 46 22 161 63 27
19,"blk.19.ffn_up_exps.weight",1,8,232,135 79 125 46 22 161 63 27
19,"blk.19.ffn_down_exps.weight",1,8,232,135 79 125 46 22 161 63 27
20,"blk.20.ffn_gate_exps.weight",1,8,232,68 88 6 83 85 119 212 43
20,"blk.20.ffn_up_exps.weight",1,8,232,68 88 6 83 85 119 212 43
20,"blk.20.ffn_down_exps.weight",1,8,232,68 88 6 83 85 119 212 43
21,"blk.21.ffn_gate_exps.weight",1,8,232,151 53 76 150 4 62 119 64
21,"blk.21.ffn_up_exps.weight",1,8,232,151 53 76 150 4 62 119 64
21,"blk.21.ffn_down_exps.weight",1,8,232,151 53 76 150 4 62 119 64
22,"blk.22.ffn_gate_exps.weight",1,8,232,126 162 107 164 152 161 5 46
22,"blk.22.ffn_up_exps.weight",1,8,232,126 162 107 164 152 161 5 46
22,"blk.22.ffn_down_exps.weight",1,8,232,126 162 107 164 152 161 5 46
23,"blk.23.ffn_gate_exps.weight",1,8,232,95 42 158 2 84 45 60 22
23,"blk.23.ffn_up_exps.weight",1,8,232,95 42 158 2 84 45 60 22
23,"blk.23.ffn_down_exps.weight",1,8,232,95 42 158 2 84 45 60 22
24,"blk.24.ffn_gate_exps.weight",1,8,232,69 85 65 134 98 19 188 144
24,"blk.24.ffn_up_exps.weight",1,8,232,69 85 65 134 98 19 188 144
24,"blk.24.ffn_down_exps.weight",1,8,232,69 85 65 134 98 19 188 144
25,"blk.25.ffn_gate_exps.weight",1,8,232,184 22 117 94 194 67 63 165
25,"blk.25.ffn_up_exps.weight",1,8,232,184 22 117 94 194 67 63 165
25,"blk.25.ffn_down_exps.weight",1,8,232,184 22 117 94 194 67 63 165
26,"blk.26.ffn_gate_exps.weight",1,8,232,21 114 55 187 198 220 125 225
26,"blk.26.ffn_up_exps.weight",1,8,232,21 114 55 187 198 220 125 225
26,"blk.26.ffn_down_exps.weight",1,8,232,21 114 55 187 198 220 125 225
27,"blk.27.ffn_gate_exps.weight",1,8,232,133 180 230 98 71 8 22 132
27,"blk.27.ffn_up_exps.weight",1,8,232,133 180 230 98 71 8 22 132
27,"blk.27.ffn_down_exps.weight",1,8,232,133 180 230 98 71 8 22 132
